This discovery helped to establish yet another spectral class even cooler than L dwarfs , known as `` T dwarfs '' , for which Gliese 229B is the prototype .	prototype	model	example	original	sample	exemplar	archetype	pattern	design	template	paradigm
Putin was expected to formally register later in the day to run for president, a position he held from 2000-2008, a period in which he grew more authoritarian.	authoritarian	dictatorial	autocratic	totalitarian	tyrannical	despotic	imperious	domineering	absolute	arbitrary	monarchical
#7-8 Despite the fog, other flights are reported to have landed safely leading up to the collision.	collision	crash	accident	impact	clash	smash	crack	slam	bump	bang	smashing
The larva grows to about 120-130 mm , and pupates in an underground chamber .	pupates	transforms	develops	matures	hatches	evolves	metamorphoses	changes	mutates	ripens	incubates
Gorbachev told the Interfax news agency that authorities must hold a fresh election or deal with a rising tide of discontent.	discontent	unhappiness	dissatisfaction	discontentment	anger	protest	resentment	bitterness	indignation	frustration	irritation
It decomposes to arsenic trioxide , elemental arsenic and iodine when heated in air at 200 ° C.	decomposes	breaks down	decomposes	dissolves	disintegrates	crumbles	collapses	falls apart	separates	divides	splits
#4-6 In 1969 Cernan flew aboard Apollo 10, a flight to the Moon that rehearsed a descent but purposefully did not land in preparation for the Apollo 11 landing.	descent	fall	drop	decline	ascent	arrival	landing	dive	plunge	slip	slide
Lebanon is sharply split along sectarian lines, with 18 religious sects.	sectarian	sectarian	denominational	confessional	communal	racial	ethnic	tribal	partisan	factional	doctrinal
The fighting highlights how easily trouble in Syria can raise tensions in neighboring Lebanon, with which it shares a complex web of political and sectarian ties and rivalries.	sectarian	sectarian	denominational	factional	partisan	racial	ideological	ethnic	tribal	communal	religious
He said the victim died in the neighbourhood of Jabal Mohsen, populated mainly by members of Assad's Alawite sect, an offshoot of Shiite Islam.	offshoot	branch	sect	denomination	faction	division	subset	subgroup	affiliate	descendant	spinoff
The Order was the first national decoration awarded by the Japanese Government , created on 10 April 1875 by decree of the Council of State .	decree	order	edict	pronouncement	announcement	declaration	statement	proclamation	ordinance	command	directive
Police said suicide attackers wearing burqas struck at 6:15 am (0145 GMT), detonating a car bomb before clashing with guards.	detonating	exploding	blowing up	setting off	triggering	activating	igniting	firing	discharging	setting alight	combusting
The EU believes the deficit will be 6.4 percent this year and will only be reduced by 0.1 percent in 2013.	deficit	shortfall	deficiency	lack	debt	loss	gap	shortage	disadvantage	handicap	weakness
#36-14 A suggestion had been the addition of a canopy over the car's cockpit.	canopy	awning	cover	roof	umbrella	hood	shelter	dome	screen	parasol	marquee
#39-22 Hyza says they will "actively cooperate with Slovak police", and "express [their] sincere condolences to the bereaved families."	condolences	sympathy	regrets	sorrow	apologies	commiserations	pity	solace	grief	condolences	lamentation
Banking reform is seen as urgent by many analysts, with yields on benchmark Spanish bonds currently close to six percent, meaning the country faces very high borrowing costs.	benchmark	standard	reference	model	example	guide	pattern	yardstick	indicator	measure	gauge
In Japan , rice with azuki beans ( 赤飯 ; sekihan ) is traditionally cooked for auspicious occasions .	auspicious	lucky	favorable	fortunate	bright	promising	hopeful	encouraging	positive	good	happy
Police are appealing for information about anyone seen acting suspiciously lately at Bidston Hill, Bidston, to come forward.	suspiciously	doubtfully	cautiously	secretively	covertly	stealthily	furtively	surreptitiously	privately	mysteriously	questionably
Her older sister, aged 21, lived at the rented house, in a recently built development at the back of the established housing estate.	established	settled	longstanding	existing	founded	recognized	respected	stable	secure	permanent	traditional
That period of intense regulatory scrutiny is a routine part of the purchasing process, as every company that makes more than 400 million yuan ($63 million) in China and 10 billion yuan ($1.6 billion) globally is subject to the process.	scrutiny	examination	review	inspection	investigation	analysis	probe	inquiry	check	survey	audit
An array of pro-Syrian parties support Assad's regime, as do many Lebanese citizens.	regime	government	administration	rule	leadership	regime	system	power	management	authority	establishment
And in the capital Damascus, regime forces raided the neighborhood of Qaboon, while snipers were stationed on the roofs of some buildings.	snipers	gunmen	shooters	marksmen	riflemen	assassins	sharpshooters	attackers	fighters	soldiers	troops
#2-19 Robert added the group knew travel and work in the area was dangerous, and took precautions.	precautions	measures	safeguards	prevention	protection	caution	defenses	security	steps	actions	arrangements
The Spanish government source said the 30-billion euro provisions would have an impact in capital of about 20 billion which, added to another estimated 20 billion euros to rescue systemic lender Bankia SA and other smaller banks would make up the figure investors viewed as necessary.	systemic	key	main	major	central	important	principal	essential	crucial	vital	critical
Eight Chinese fishing vessels were anchored off Scarborough Shoal, the Philippine government said on Wednesday, as Albert del Rosario, the country's foreign affairs secretary, called in Ma Keqing, the ambassador, for talks.	anchored	moored	berthed	docked	tied up	fastened	secured	attached	fixed	immobilized	stationary
The Screen Actors Guild Award ( also known as the SAG Award ) is an accolade given by the Screen Actors Guild‐American Federation of Television and Radio Artists ( SAG-AFTRA ) to recognize outstanding performances in film and primetime television .	accolade	award	prize	honor	distinction	recognition	commendation	tribute	plaudit	laurels	testimonial
More than 12,000 people, the majority of them civilians, have died since the Syrian uprising began in March 2011, according to the watchdog, including more than 900 killed since the April 12 truce.	uprising	rebellion	revolt	insurrection	riot	protest	strike	demonstration	revolution	unrest	mutiny
A man and a woman questioned on suspicion of assisting an offender have been released.	offender	criminal	lawbreaker	culprit	delinquent	transgressor	wrongdoer	miscreant	felon	convict	perpetrator
The government of Mariano Rajoy took the sweeping action just two days after it effectively took over the fourth-biggest bank, Bankia, to salvage its balance sheet, bulging with losses.	bulging	swollen	inflated	expanding	increasing	growing	enlarging	rising	overflowing	protruding	ballooning
The stretch of DNA transcribed into an RNA molecule is called a transcription unit and encodes at least one gene .	encodes	represents	specifies	writes	translates	defines	describes	denotes	symbolizes	signifies	conveys
Pygmalion is a play by George Bernard Shaw , named after a Greek mythological character .	mythological	legendary	mythic	fabulous	fictitious	imaginary	historical	symbolic	allegorical	metaphysical	cosmogonic
An anonymous author romanized the spelling to Loxodonta and the International Code of Zoological Nomenclature ( ICZN ) recognizes this as the proper authority .	romanized	latinized	changed	altered	converted	modified	revised	rewritten	translated	transliterated	spelled
When police arrived they found a fatally injured 17-year-old girl in the front yard of the house, which is in a quiet neighborhood of single family residences.	residences	homes	dwellings	houses	flats	apartments	abodes	mansions	bungalows	cottages	estates
#9-11 Six of the ringleaders have been captured and sent to other facilities.	ringleaders	instigators	leaders	organizers	conspirators	originators	founders	initiators	masterminds	perpetrators	inciters
The attack began with a suicide car bomb near the gate of the privately guarded compound, which sits off Jalalabad road — one of the main thoroughfares out of the city, Interior Ministry spokesman Sediq Sediqi said.	compound	enclosure	building	premises	grounds	estate	complex	area	site	facility	campus
The unsophisticated nature of the attack suggests little planning beyond having fighters and some explosives pre-positioned in the vicinity of Kabul.	pre-positioned	placed	located	positioned	stationed	situated	deployed	emplaced	installed	settled	established
#32-6 However, he is listed on the Republican Party's website as one of 18 candidates and filed a Federal Election Commission (FEC) complaint against Fox News for his exclusion from the August 6 debate.	exclusion	omission	removal	elimination	dismissal	rejection	exclusion	banishment	expulsion	ejection	deletion
#17-15 Mark Zuckerberg posted on Facebook "I'm so happy for all of my friends and everyone in our community who can finally celebrate their love and be recognized as equal couples under the law".	recognized	accepted	acknowledged	known	identified	admitted	approved	certified	established	respected	honored
#42-61 Wikinews: Are there any ethical considerations around exposing ants to toxins and parasites?	toxins	poisons	venoms	substances	chemicals	pollutants	hazards	contaminants	dangers	pesticides	drugs
In January 2011 , he was nominated for the Academy Award for Best Documentary for the film .	nominated	proposed	recommended	suggested	put forward	named	appointed	designated	chosen	selected	identified
#6-15 The Obama administration has seen what The New York Times calls an "unprecedented crackdown on leaks of government secrets."	unprecedented	record-breaking	unparalleled	unmatched	unequalled	unrivaled	unique	unknown	innovative	novel	fresh
Two Chinese maritime surveillance ships, identified as Zhonggou Haijian 75 and Zhonggou Haijian 84, later approached and positioned themselves between the Philippine warship and the Chinese fishing vessels "thus preventing the arrests of the erring Chinese fishermen", the statement said.	erring	wrongdoing	guilty	erring	misbehaving	culpable	blameworthy	faulty	defective	flawed	imperfect
#28-28 Saying his lawyer had instructed him not to speak about the events of Saturday inside the home, Conley did have the following to say about the Jackson children: "They were growing up to be monsters, they were disrespectful, rude in school.	monsters	brats	tyrants	ogres	devils	beasts	brutes	fiends	demons	imps	gremlins
#6-4 The information Manning released to the public through WikiLeaks and The Guardian in 2010 included diplomatic accounts, videos, military incident logs, and battle plans, including footage of an American Apache helicopter firing on suspected Iraqi insurgents, reports of prisoners held in Guantanamo Bay without trial, and records of detainees abused by the Iraqi military.	detainees	prisoners	captives	inmates	internees	POWs	hostages	defendants	accused	convicts	criminals
The Chinese Embassy accused the Philippine warship of harassing the fishermen and called for it to leave Chinese territory.	harassing	bothering	annoying	troubling	pursuing	pestering	baiting	teasing	badgering	tormenting	plaguing
#42-86 There's conflicting evidence about whether sick ants actually smell different from healthy ones or not.	conflicting	inconsistent	contradictory	disagreeing	discordant	incongruous	opposite	divergent	clashing	differing	irreconcilable
#36-7 The following day, Indianapolis Motor Speedway president Doug Boles and Hulman & Company Mark Miles officially announced Wilson's death.	announced	revealed	declared	stated	confirmed	reported	told	disclosed	published	broadcast	proclaimed
Obama earlier dropped from night skies into Kabul on a brief visit amid secrecy and tight security and signed a deal with President Hamid Karzai, cementing 10 years of U.S. aid for Afghanistan after NATO combat troops leave in 2014.	cementing	securing	strengthening	solidifying	guaranteeing	ensuring	confirming	ratifying	finalizing	settling	establishing
Many Syrians accuse Assad of exploiting that divide by unleashing Alawite gunmen known as "shabiha" who operate as hired muscle for the regime.	unleashing	releasing	freeing	loosening	unleashing	liberating	issuing	publishing	exposing	sparking	triggering	initiating
#35-36 "In my judgment the common law," the judgement reads, "and in particular the principles of natural justice and fairness, would in a case such as this which involves the right to life, and the right to a fair trial, as well as powerful countervailing issues of public interest, compel the court to apply the most intense level of anxious scrutiny to the facts to ensure that the accused were not prejudiced."	scrutiny	examination	investigation	analysis	inspection	review	probe	inquiry	study	survey	assessment
A spokeswoman for Merseyside Police said: "Crime scene investigators are in attendance at the scene and officers are appealing to anyone who may have seen anyone acting suspiciously on Bidston Hill over the last few days to come forward.	suspiciously	doubtfully	cautiously	secretively	covertly	stealthily	furtively	surreptitiously	privately	mysteriously	cryptically
It originated in , and was first introduced in 1983 in Japan as a grapefruit-flavored sports drink , as a response to a competitor 's brand of sports drink called Pocari Sweat .	originated	started	came	began	stemmed	arose	derived	sprang	emerged	developed	created
The statue was moved to the Accademia Gallery in Florence in 1873 , and later replaced at the original location by a replica .	replica	copy	duplicate	reproduction	model	imitation	clone	mockup	facsimile	knockoff	counterfeit
I believe that ignoring public opinion discredits the authorities and destabilises the situation.	discredits	disgraces	impugns	defames	denounces	condemns	criticizes	censures	rebukes	decries	vilifies
But Crocker said there would be no repeat of the 1990s when a withdrawal of Western backers in the wake of the Soviet withdrawal unleashed a vicious civil war out of which the Taliban and al Qaeda support bases arose.	vicious	fierce	brutal	violent	cruel	savage	ferocious	intense	harsh	severe	barbarous
His speech came as an already difficult relationship with Mr Karzai has been strained by recent events, including the release of photos showing US soldiers posing with the remains of Taliban insurgents and a US staff sergeant who has been charged in the killing of 16 Afghan civilians.	strained	tense	taut	stretched	extended	drawn out	pulled	tightened	tested	pushed	pressed
The state will put less than 15 billion euros into the latest of the four separate bank rescues that Spain has enacted over the past three years, de Guindos estimated.	enacted	passed	made	done	performed	carried out	executed	imposed	introduced	implemented	adopted
#11-7 When exposed to the laser, the primed mice would first stalk and then pounce on and bite any object in their enclosure, even objects without any food scent or prey value, like sticks and bottle caps.	primed	prepared	ready	prompted	motivated	stimulated	activated	triggered	induced	conditioned	taught
The Russian Union of Journalists on Wednesday condemned police violence and called for a probe into the dozens of attacks and arrests of journalists, describing them as "an attempt to gag and intimidate society."	probe	investigation	inquiry	examination	analysis	scrutiny	study	review	inspection	audit	survey
#4-4 He was an aviator in the United States Navy and logged more than 200 landings on aircraft carriers before becoming an astronaut in 1963.	aviator	pilot	flyer	aeronaut	airman	flier	aviator	navigator	captain	driver	operator
#36-12 The contract had previously been for two races, but after acquiring sponsorship, the deal was increased by five events; earlier in August, Wilson recorded a best finish of second at Mid-Ohio Sports Car Course.	acquiring	gaining	getting	securing	obtaining	receiving	buying	purchasing	procuring	collecting	accumulating
The Syrian Observatory for Human Rights said dozens of others were wounded in the city, in the restive Homs province.	restive	unruly	agitated	turbulent	violent	rebellious	unquiet	unsettled	troublesome	fidgety	disorderly
On the diplomatic front, European Union foreign ministers meeting in Brussels on Monday  agreed fresh sanctions against Syria, the 15th round so far to protest the relentless repression of dissidents by Assad's regime.	repression	suppression	oppression	constraint	restraint	control	confinement	imprisonment	jail	incarceration	detention
#9-27 Camila Nunes, a sociologist of the Federal University of ABC, told the AFP "medium- and long-term policies to reduce the vulnerability of certain social groups [and] to prioritize prevention rather than repression" are needed.	vulnerability	weakness	fragility	susceptibility	exposure	defenselessness	helplessness	powerlessness	insecurity	danger	risk
#42-26 WWikinews: What methods and equipment were used for this investigation?	equipment	gear	machinery	appliances	apparatus	instrumentation	hardware	implements	kit	tools	devices
Tensions stemming from the 14-month-old uprising against President Bashar Assad also touched off clashes across the border in Lebanon as the revolt threatened to morph into a broader conflict.	stemming	originating	arising	resulting	deriving	emanating	flowing	springing	growing	developing	emerging
Hodgkin and Huxley 's findings led the pair to hypothesize the existence of ion channels , which were isolated only decades later .	existence	being	presence	reality	fact	occurrence	instance	case	situation	event	happening
#5-11 His government stands accused by Human Rights Watch of not taking adequate measures to protect the nation's citizens.	adequate	enough	sufficient	proper	acceptable	ample	fair	reasonable	suitable	commensurate	proportionate
It is at this point that the audience realizes that Alcina genuinely loves Ruggiero ; from now until the end of the opera , she is depicted sympathetically .	genuinely	sincerely	truly	really	authentically	honestly	truthfully	heartily	wholeheartedly	faithfully	loyally
Al - ` Ain has a higher proportion of Emirati nationals than elsewhere in the country , but the majority of its residents are expatriates particularly from the Indian sub-continent .	proportion	percentage	ratio	fraction	share	part	section	component	element	segment	quota
The motive for the killings was not known.	motive	reason	cause	intention	purpose	rationale	grounds	explanation	justification	motivation	stimulus
However, Olli Rehn, the EU's monetary affairs chief, said the European Commission has full confidence in the determination of the Spanish government to meet the fiscal targets.	determination	resolution	commitment	resolve	decision	intention	willpower	dedication	ambition	drive	firmness
World powers have backed the peace plan, which was put forward by U.N.-Arab League envoy Kofi Annan to end the crisis, but the bloodshed has not stopped.	bloodshed	violence	carnage	bloodletting	killing	slaughter	massacre	murder	conflict	brawl	clash
This reform will grant credibility and build confidence in the financial sector, increase credit flow in our country and lead to home sales at reasonable prices, Deputy Prime Minister Soraya Saenz de Santamaria said at a news conference.	credibility	trustworthiness	reliability	authenticity	legitimacy	believability	faith	confidence	integrity	probity	standing
#23-2 Everson argues his exclusion violates Title 11 of the U.S. Code of Federal Regulations in that debate hosts must not "structure the debates to promote or advance one candidate over another", and must "use pre-established objective criteria to determine which candidates may participate in a debate."	exclusion	omission	removal	barring	elimination	dismissal	rejection	banishment	expulsion	proscription	ejection
Republicans warily saluted Obama's war-zone trip but accused him of craven politics nonetheless.	craven	cowardly	weak	timid	fearful	spineless	gutless	chicken-hearted	cunning	selfish	corrupt
They will know that the United States can achieve our goals of destroying al-Qaida and denying it a safe haven, but at the same time we have the capacity to wind down this war and usher in a new era of peace here in Afghanistan.	usher	usher	introduce	inaugurate	initiate	launch	begin	start	herald	announce	signal
He spoke on condition of anonymity because of a lack of authority to discuss the situation with the media.	anonymity	privacy	secrecy	namelessness	obscurity	confidentiality	reserve	humbleness	modesty	unidentifiability	inconspicuousness
Moments later, the neighbor said, Ms. Thomas, 33, emerged from her house and called her children to come back home.	emerged	came out	appeared	surfaced	arose	originated	stemmed	developed	evolved	existed	occurred
Demonstrations on Monday and Tuesday were an unusually sustained show of indignation for the Russian opposition.	indignation	anger	outrage	indignity	resentment	irritation	annoyance	displeasure	frustration	bitterness	exasperation
#35-9 The case attracted worldwide attention with Lin and Phyo confessing, before re-enacting the killing in front of the press.	re-enacting	reenacting	repeating	reenactment	reprising	recapitulating	restaging	rehearsing	reliving	reenacted	recreated
Also Sunday, two Turkish journalists who had been detained in Syria for two months arrived in Istanbul on a plane from Iran after that country helped negotiate their release by Syrian authorities.	detained	held	jailed	imprisoned	confined	arrested	captured	incarcerated	locked	restrained	restricted
Foreign Affairs Secretary Albert del Rosario was seeking a diplomatic solution with Chinese Ambassador Ma Keqing, the TV network said.	diplomatic	tactful	diplomatic	peaceful	official	formal	amicable	friendly	courteous	statesmanlike	international
It's sad, even if they were troublemakers.	troublemakers	trouble makers	troublesome people	misfits	nuisances	pests	annoyances	problems	difficulties	inconveniences	obstacles
It often accompanies this sound with flashing its brightly marked abdomen in a further attempt to deter its predators .	abdomen	belly	stomach	tummy	midriff	torso	trunk	body	chest	waistline	paunch
#11-6 One set stimulated prey pursuit behavior, such as stalking, and the other stimulated the animal to use its jaw and neck muscles.	pursuit	chase	following	quest	hunt	search	tracking	trail	stalking	seeking	hunting
#23-12 He alleges this was done to ensure the inclusion of the low-polling candidates former Hewlett-Packard CEO Carly Fiorina, former New York governor George Pataki, Senator Lindsey Graham, and former Virginia governor Jim Gilmore, because Fox News recognizes these candidates as "major players."	inclusion	participation	entry	admission	presence	membership	addition	involvement	representation	attendance	enrollment
Our stand since we agreed to acquire Motorola has not changed and we look forward to closing the deal, a Google spokesperson told AFP.	acquire	buy	purchase	gain	obtain	get	procure	secure	takeover	capture	seize
#35-20 The case pits the two accused trying to defend a death penalty case against the possibility of jeopardising international relations; Thai police co-operated, but only in light of an agreement the report would be confidential.	confidential	secret	private	personal	individual	exclusive	privileged	classified	restricted	non-public	off-the-record
Before you make an unblock request , you should attentively read the policies and guidelines named in your block reason .	attentively	carefully	thoroughly	diligently	meticulously	scrupulously	painstakingly	conscientiously	assiduously	sedulously	fastidiously
The bombardment by regime forces resumed following the deadly clashes, it added.	bombardment	bombing	attack	bombings	assault	shelling	onslaught	blitz	strike	raid	siege
#42-30 We collected wild colonies of Formica fusca by searching through old tree-trunks in old logging sites in southern Finland.	colonies	groups	sets	populations	communities	clusters	families	collections	gatherings	assemblies	units
#12-5 Two lorries were partially crushed by the collapse, which was triggered when a digger on the back of a lorry struck the concrete bridge.	partially	partly	slightly	incompletely	halfway	somewhat	fairly	relatively	moderately	considerably	largely
#28-20 Tuesday, Conley was allowed to speak to reporters at an administrative segregation unit of the Harris County Jail.	segregation	isolation	separation	division	detention	solitude	confinement	reclusion	exclusion	quarantine	restriction
The mother of the children came out of the residence next door, called for the children to return home, at which time they left and went back to the house.	residence	house	home	dwelling	building	abode	domicile	flat	apartment	lodging	accommodation
EU sanctions Monday's violence further undermines a UN-backed peace plan that is supposed to bring an end to Syria's deadly crisis.	sanctions	punishments	penalties	prohibitions	censures	reprimands	rebukes	condemnations	criticisms	disapprovals	measures
#35-24 Both men say they were starved, suffocated, stripped naked, exposed to cold temperatures, beaten, threatened, and denied legal representation.	threatened	menaced	warned	intimidated	endangered	imperiled	jeopardized	assailed	attacked	harassed	bullied
The Russian Union of Journalists condemned police violence and called for a probe into the dozens of attacks and arrests of journalists, describing them as "an attempt to gag and intimidate society."	intimidate	frighten	scare	cower	daunt	bully	threaten	coerce	terrorize	menace	discourage
#29-5 Martin, best known for spreading multiple conspiracy theories concerning the birth and religion of U.S. President Barack Obama, previously ran for the Democratic Party presidential nomination in 1988, and unsuccessfully sought the backing of the Republican Party in 2000 and 2012.	sought	attempted	tried	pursued	applied	requested	asked	demanded	required	desired	wanted
China's official approval of the deal has been a long time coming - Google managed to score regulatory approvals from the U.S. Department of Justice and the European Commission back in February (on the same day no less), but China's anti-monopoly bureau leapt into action just a few days later.	bureau	agency	office	department	division	section	branch	unit	organisation	organization	authority
The official spoke on condition of anonymity because he was not authorized to speak to the press.	anonymity	privacy	secrecy	confidentiality	namelessness	obscurity	invisibility	unidentifiability	incognito	reserve	reticence
Commander of the Moesian troops , he obtained an important victory against the invading Goths and was , for this reason , acclaimed Emperor by his army .	acclaimed	praised	applauded	hailed	commended	cheered	recognized	honored	celebrated	extolled	glorified
A 21-year-old man was arrested on April 30, on suspicion of murder and was released on bail until May 29 pending further enquiries.	enquiries	investigations	inquiries	questions	research	queries	probes	analysis	examinations	surveys	interviews
The author claims that God woke him up during his sleep and commissioned him to take dictation of what he said .	commissioned	ordered	appointed	directed	instructed	commanded	authorized	delegated	assigned	mandated	sanctioned
The first regional casino was initially proposed to be in the City of Manchester , but this has since been scrapped by the UK government soon after Gordon Brown became Prime Minister of the United Kingdom .	scrapped	abandoned	canceled	cancelled	dropped	rejected	dismissed	terminated	withdrawn	abolished	repealed
Dispatch records released Tuesday show that authorities responded to Thomas' house on three successive days in April.	successive	consecutive	following	sequential	continuous	straight	uninterrupted	running	back-to-back	adjacent	immediate
If they fail to deliver, what has been so far a national crisis will degenerate into a systemic crisis for the EU," one senior source said.	degenerate	deteriorate	decline	worsen	downgrade	corrupt	debase	demote	relegate	descend	crumble
He added: 'At around 11.10am, a 26-year-old man was arrested on suspicion of murder and a 28-year-old male and 28-year-old female were arrested on suspicion of assisting an offender.	offender	criminal	lawbreaker	culprit	delinquent	transgressor	wrongdoer	misdemeanant	miscreant	felon	malefactor
Before the trip, former President Bill Clinton touted Mr. Obama's bold decision to go after bin Laden in a campaign ad that also suggested Romney might not have made the same call.	touted	praised	commended	applauded	recommended	endorsed	supported	promoted	billed	advertised	publicized
An official who spoke on condition of anonymity because he was not authorized to speak to the press said Yitzhak Levanon returned to Cairo Sunday through Istanbul.	anonymity	secrecy	confidentiality	privacy	namelessness	obscurity	invisibility	unidentifiability	reserve	modesty	humbleness
Devotion ( Bhakti ) will cancel the effects of bad Karma and will bring a person closer to the true knowledge by purifying his mind .	purifying	cleansing	sanitizing	cleaning	purging	refining	clarifying	filtering	curing	removing	sterilizing
#8-11 In the last two months, Bayern Munich has announced Polish striker Robert Lewandowski signed a contract extension until June 2021 and French winger Franck Ribéry signed a one-year contract extension with the club.	announced	revealed	declared	stated	confirmed	reported	disclosed	published	broadcast	proclaimed	released
As of the census of 2000 , there were 24,276 people , 10,447 households , and 6,414 families residing in the city .	residing	living	dwelling	staying	located	settled	inhabiting	occupying	lodging	abiding	sojourning
On September 17 , 1941 , the Germans occupied the town of Pushkin , destroying and plundering many historical monuments , buildings and other cultural artifacts , including the famous Amber Room .	plundering	looting	pillaging	stealing	robbing	raiding	despoiling	sacking	ravaging	pilfering	burglarizing
#6-12 Obama's staff told the press WikiLeaks founder Julian Assange's promise to agree to U.S. extradition if Manning was granted clemency had nothing to do with the decision.	clemency	mercy	pardon	leniency	forgiveness	reprieve	amnesty	commutation	pardon	indulgence	quarter
As Richard Pearce-Moses wrote , `` Archivists keep records that have enduring value as reliable memories of the past , and they help people find and understand the information they need in those records . ''	enduring	lasting,permanent,long-lasting,persistent,continuing,stable,constant,sustained,durable,prolonged
It would be a tragedy for Afghanistan and a strategic setback for America if the Taliban returned to power and once again created a sanctuary for terrorists," Romney said in the release.	sanctuary	haven	refuge	asylum	shelter	hideaway	retreat	harbor	hideout	den	sanctum
On Facebook, more than 12,000 people signed up to a page announcing an opposition rally for Saturday - and many of them have never taken part in political demonstrations Mariya Boyarintseva, a 24-year-old event manager, told The Associated Press that she has never been to a political rally before but she was going to Saturday's protest.	demonstrations	protests	rallies	manifestations	gathering	meetings	events	processions	marches	assemblies	parades
#37-9 The Social and Popular Assembly, formed during protests in recent months, allege violations of electoral law by many parties, and want an electoral commission crackdown.	allege	claim	assert	charge	accuse	declare	state	suggest	insist	complain	protest
About 200 were arrested at a similar attempt to hold an unsanctioned rally in St Petersburg and another 25 in the southern city of Rostov-on-Don.	unsanctioned	unauthorized	unofficial	illicit	clandestine	bootleg	contraband	prohibited	forbidden	banned	illegal
The government blames the bloodshed on armed gangs and extremists acting out a foreign plot to destabilize Syria.	bloodshed	violence	carnage	killing	slaughter	bloodbath	murder	massacre	destruction	chaos	mayhem
#6-18 Ernest said no, saying the information Snowden released was more dangerous to the U.S. public and pointed out that while Manning had gone through a formal trial and acknowledged wrongdoing, "Mr. Snowden fled into the arms of an adversary and has sought refuge in a country that most recently made a concerted effort to undermine confidence in our democracy."	adversary	enemy	opponent	rival	foe	competitor	antagonist	adversary	challenger	contestant	opposer
Russian authorities should annul the parliamentary vote results and hold a new election, the ex-Soviet leader Mikhail Gorbachev has urged, as popular indignation grows over alleged election fraud.	alleged	claimed	reported	supposed	stated	purported	rumoured	accused	imputed	so-called	professed
The spectrum of the companion GD 165B was very red and enigmatic , showing none of the features expected of a low-mass red dwarf star .	enigmatic	mysterious	puzzling	cryptic	incomprehensible	obscure	ambiguous	abstruse	esoteric	arcane	inscrutable
#36-16 Another had been to tether the nose cone to the car; Hunter-Reay mentioned renderings developed of a boomerang-like debris-deflector positioned in front of the driver.	renderings	drawings	models	sketches	images	pictures	designs	plans	illustrations	depictions	prototypes
Republicans warily saluted Obama's war-zone trip but accused him of craven politics nonetheless.	warily	cautiously	carefully	watchfully	 guardedly	 suspiciously	 hesitantly	 apprehensively	 nervously	 timidly	 fearfully
#36-8 Karam was able to walk away from the accident, and was evaluated for a right foot injury; he was released from the hospital the same day.	evaluated	checked	assessed	examined	tested	inspected	reviewed	investigated	scrutinized	analyzed	diagnosed
By the end of the 18th century , Tsarskoye Selo became a popular place of summer residence among the nobility .	nobility	aristocracy	gentry	upper_class	patricians	peerage	lords	ladies	gentlemen	elites	elite
Schistosomiasis , caused by one genus of trematodes , is the second-most devastating of all human diseases caused by parasites , surpassed only by malaria .	surpassed	exceeded	beaten	outdone	overcome	defeated	won	passed	transcended	excelled	bettered
Chinese officials, who refer to Scarborough Shoal as Huangyan Island, have in the past asserted Chinese sovereignty over the area.	asserted	claimed	declared	stated	announced	proclaimed	affirmed	maintained	said	insisted	contended
#42-40 For this we basically put colonies on a diet of either food with medicine or without for a while.	colonies	groups	cultures	societies	communities	organisms	populations	inhabitants	residents	villages	settlements
Battles first erupted on Saturday between residents of Jabal Mohsen and the nearby neighbourhood of Bab al-Tebbaneh -- populated mainly by Sunni Muslims opposed to Assad's regime -- after security forces arrested a Sunni Islamist on suspicion he was linked to a terrorist organisation.	erupted	occurred	happened	broke out	started	flared up	exploded	commenced	begun	initiated	ignited
#40-7 The national government has deployed several thousand paramilitary personnel to assist the state government.	deployed	sent	posted	dispatched	transferred	assigned	allocated	positioned	placed	stationed	mobilized
Journalists Adem Ozkose and Hamit Coskun were abducted by militiamen who had blocked a road and were stopping cars and abducting passengers, Ozkose told reporters in Istanbul on Sunday.	militiamen	fighters	rebels	guerrillas	insurgents	soldiers	gunmen	militants	troops	warriors	commandos
European Union foreign ministers agreed Monday to impose fresh sanctions on Syria as a U.N.-backed peace plan -- along with all other diplomatic efforts -- has yet to stop the carnage that mounts every day.	carnage	slaughter	bloodshed	destruction	massacre	killing	violence	butchery	chaos	devastation	mayhem
#28-9 His most recent stint behind bars came last month, when he was arrested for allegedly slamming his girlfriend's head into a refrigerator in the same home involved on Saturday.	stint	spell	jail	term	sentence	stretch	time	period	tour	turn	season
Banks have until the end of the year to move their holdings of repossessed property into asset management firms for a fire sale, Economy Minister Luis de Guindos told a news conference.	repossessed	seized	confiscated	captured	grabbed	taken	snatched	impounded	attached	foreclosed	expropriated
Gardai investigating a shooting in west Dublin last night have recovered a gun.	investigating	probing	examining	inquiring	looking into	delving	scrutinizing	checking	researching	studying	analyzing
For years he had evaded capture and was one of the world's most wanted men, but his time on the run finally ended last year when he was arrested near Belgrade.The 70 year old will be brought before the UN Yugoslav War Crimes tribunal in the Hague later this morning accused with some of the worst atrocities in Europe since World War Two.	atrocities	crimes	abuses	violations	misdeeds	offenses	transgressions	wrongs	evils	injustices	horrors
#25-8 Wages have grown by 2.1% over the past year, below the Federal Reserve's target of 3.5% annual wage growth, and not much more than the underlying rate of inflation.	underlying	basic	fundamental	main	primary	essential	root	hidden	latent	inherent	subsurface
It was introduced to Spain and Portugal in 1991 , and it became the official drink of the 1992 Summer Olympics in Barcelona .	introduced	launched	presented	announced	brought	started	initiated	inaugurated	unveiled	revealed	submitted
#29-12 Martin adamantly opposes Bush because of the foreign policy of the candidate's brother, former President George W. Bush.	adamantly	strongly	firmly	vehemently	passionately	emphatically	decisively	resolutely	unwaveringly	unequivocally	staunchly
#29-10 Although he described Trump's previous foray into politics as a "charade" during a 2011 interview with Wikinews, Martin now sees himself as Trump's "tag team" partner in attacking the Bush candidacy.	candidacy	bid	campaign	election	nomination	run	race	office	position	post	term
#35-27 The report is known to contain some material disputed by Lin and Phyo.	disputed	contested	argued	questioned	challenged	debated	disagreed	opposed	denied	rejected	contradicted
Banksy does not sell photographs or reproductions of his street graffiti , however , art auctioneers have been known to attempt to sell his street art on location and leave the problem of its removal in the hands of the winning bidder .	auctioneers	dealers	traders	brokers	salesmen	sellers	merchants	vendors	buyers	negotiators	mediators
But the observers' presence hasn't stopped the bloodshed.	bloodshed	violence	carnage	killing	slaughter	massacre	bloodletting	conflict	brawl	fighting	clash
#13-5 The filibuster is a last-ditch tactic in which parties opposed to a certain motion refuse to relinquish the floor until their opponents give in or compromise.	relinquish	yield	give up	surrender	cede	abandon	release	waive	renounce	relinquish	hand over
A witness described as a friend of Thomas' told police he received a text message from her indicating that she wanted to be cremated with her children.	indicating	showing	suggesting	meaning	implying	stating	expressing	revealing	signifying	denoting	conveying
However , the Blackpool bid organisers pledged to continue the work in getting government approval for a ` supercasino ' .	organisers	promoters	founders	creators	managers	directors	producers	arrangers	planners	sponsors	administrators
Libertyville, Illinois-based Motorola Mobility had said in a regulatory filing in February that only Chinese clearance was still required.	clearance	approval	permission	authorization	sanction	endorsement	consent	agreement	acceptance	ratification	validation
#18-12 As a result of his activity, since 1997 Adnan has been arrested reportedly around ten times, and has gone on several hunger strikes, one of which lasted 28 days, while another lasted 66 days and after his release he went on strike for another 12 days as a token of sympathy for the remaining Palestinian detainees in Israeli prisons.	sympathy	solidarity	support	empathy	compassion	pity	favour	allegiance	loyalty	affinity	accord
The American Federation of Musicians defines arranging as `` the art of preparing and adapting an already written composition for presentation in other than its original form .	composition	piece	work	opus	arrangement	creation	music	song	tune	melody	harmony
Fierce clashes between regime forces and armed rebels in central Syria Monday killed 23 Syrian soldiers and wounded dozens, a watchdog said, as the EU slapped fresh sanctions on the Damascus regime.	sanctions	penalties	punishments	restraints	restrictions	prohibitions	censures	measures	reprisals	retaliation	boycotts
A report published Wednesday by the Yonhap News Agency claims vice premier Choe Yong-gon of North Korea was executed in May.	executed	killed	assassinated	murdered	sacrificed	slaughtered	massacred	destroyed	terminated	dismissed	fired
Part of the plan includes the deployment in flashpoint areas of around 300 UN military observers.	flashpoint	hotspot	trouble spot	flash point	crisis area	pressure point	danger zone	hotbed	powder keg	war zone	battleground
#41-14 "There was also a Syrian travel document found" police spokesman Hans Peter Doskozil told journalists "so of course our first assumption is that these people were migrants, and likely a group of Syrian migrants.	assumption	guess	theory	idea	suspicion	feeling	impression	notion	conjecture	hypothesis	supposition
#39-14 Earlier today the company's website sported an apparent anti-immigration graphic, which has since been removed.	apparent	obvious	clear	evident	visible	noticeable	plain	manifest	 patent	perceptible	discernible
Investigating officers have appealed for anyone with information about the incident to contact them.	appealed	asked	urged	called	requested	invited	sought	pleaded	begged	petitioned	implored
#7-7 The casualties are reported to have included children.	casualties	fatalities	deaths	victims	losses	injuries	damage	harm	destruction	devastation	disasters
In April 2008 it was announced that Tallari would leave Manchester to sign for the Hockey Club Pustertal-Val Pusteria to try to qualify for the Italian national team .	qualify	meet the requirements	be eligible	make the grade	pass	fulfill	reach	attain	achieve	get	gain
The acquisition, announced last year, had already received approvals in Europe, the U.S. and other jurisdictions worldwide.	acquisition	purchase	buying	procurement	takeover	buyout	deal	transaction	merger	sale	transfer
In 1976 , the Spanish artist Agustín de la Herrán Matorras was commissioned by the religious order of the Oblates to build a 41 metres ( 135 ft ) - tall aluminum monument of a madonna , which was assembled on a high pedestal on the top of Panecillo .	pedestal	base	stand	platform	support	column	plinth	foundation	footing	mount	pillar
Putin, meanwhile, officially registered on Wednesday to run for the presidency in March, but the unusually sustained protests of the past two days suggested his drive to retake the job he held from 2000-2008 may not go as smoothly as he had expected.	sustained	prolonged	continued	maintained	supported	sustained	upheld	kept	preserved	protected	extended
We do feel we are prevailing in this with our Afghan partners," he said.	prevailing	winning	succeeding	triumphing	dominating	reigning	governing	ruling	controlling	mastering	conquering
In a telephone interview with the Times, Taliban spokesman Zabiullah Mujahid said, "As soon as the mujahedin learned about Obama's trip to Kabul we planned to conduct an operation at the heart of the city to send a message to Obama that instead of signing strategic partnerships and instead of imposing a corrupt and unpopular government over the people of Afghanistan, he should think of ways to withdraw his troops from Afghanistan."	imposing	forcing	enforcing	imposing	inflicting	levying	dictating	commanding	issuing	mandating	prescribing
#26-7 Initially, all three were considered victims, but the status of one has been changed to suspect.	Initially	originally	firstly	at first	preliminarily	first	to start	earlier	beforehand	previously	formerly
An EU statement issued at a meeting of ministers said they adopted "sanctions against the Syrian regime" but gave no details.	regime	administration	government	leadership	system	rulers	establishment	authorities	powers	regime	management
Sunday's parliamentary vote suggested Russians are tiring of Putin and his United Russia party, which has dominated all other political forces in the country for a dozen years and earned a reputation for corruption.	dominated	ruled	controlled	governed	reigned	suppressed	overshadowed	outweighed	exceeded	surpassed	prevailed
#9-28 Reuters reported Alexandre de Moraes, minister of the Justice Department, recently authorized the state of Rio Grande do Norte to spend 13 million Brazilian reals to upgrade and expand prison equipment.	authorized	permitted	allowed	sanctioned	approved	licensed	empowered	enabled	legitimized	certified	endorsed
Israel's foreign ministry said Levanon is slated to retire shortly and that this visit is merely a farewell for him.	slated	scheduled	planned	destined	appointed	intended	booked	reserved	timetabled	programmed	designated
#2-15 President Muhammadu Buhari said he was saddened by "this regrettable operational mistake" and sought calm.	regrettable	unfortunate	deplorable	lamentable	unwelcome	distressing	sorry	disappointing	tragic	painful	miserable
He said most of the village's residents had fled and regime forces were setting fire to houses and looting shops.	regime	government	administration	rulers	authorities	leadership	establishment	system	powers	rule	officials
The demonstrations on Monday and Tuesday were an unusually sustained show of support for the Russian opposition.	demonstrations	protests	rallies	marches	manifestations	gatherings	demonstrations	processions	assemblies	pickets	meetings
#12-2 The unidentified man has been summonsed to appear at Maidstone Magistrates' Court on February 17.	summonsed	ordered	called	invited	requested	commanded	demanded	required	arraigned	cited	subpoenaed
Anti-Israeli sentiment, muted before President Hosni Mubarak was overthrown in February, has become more vocal.	sentiment	feeling	opinion	view	attitude	emotion	sensation	perception	notion	impression	reaction
The Philippine government says its navy tried to detain Chinese fishermen but was prevented by the Chinese surveillance craft.	surveillance	monitoring	watch	patrol	guardianship	supervision	vigilance	protection	inspection	observation	scrutiny
Prime Minister Vladimir Putin's United Russia party won less than 50 percent of Sunday's vote, a steep fall from its earlier two-thirds majority, according to preliminary results.	preliminary	initial	early	first	provisional	temporary	introductory	preliminary	basic	opening	beginning	inaugural
In addition to its dominant search engine, it offers a plethora of online tools and platforms including: Gmail, Maps, YouTube, and Google+, the company's extension into the social space.	plethora	abundance	variety	assortment	array	collection	selection	range	series	sequence	accumulation
Ben-Dor said that Levanon's recently named successor, Ya'akov Amitai, would leave for Cairo "as soon as proper security arrangements" are agreed upon and implemented.	implemented	enforced	executed	carried out	put in place	realized	applied	practiced	established	installed	actualized
Under the terms of the Gambling Act the Secretary of State is able to define each type of casino , with reference to any matter he or she chooses ; although the act specifically mentions as facts to consider the number , location and concentration of gaming tables , and the floor area designated for a specific purpose .	concentration	density	strength	intensity	focus	accumulation	gathering	buildup	mass	clustering	compactness
#36-15 The topic had been controversial: while some supported it for safety reasons, others opposed it because of history, possibly affecting the aerodynamics of the car, limiting one's peripheral vision and movement inside the car, and worry about escaping an upside-down or burning car.	controversial	disputable	arguable	contentious	debatable	polemical	polarized	argumentative	discordant	inflammatory	provocative
Google on Saturday said that Chinese regulators approved its $12.5 billion deal to buy Motorola Mobility, clearing the path for the Internet titan to complete the acquisition early next week.	acquisition	purchase	buyout	takeover	procurement	buying	obtainment	getting	gain	procuring	attainment
President Barack Obama made a surprise visit on Tuesday to Afghanistan, where he will sign an agreement outlining the U.S.' role in the country as the decade-long war there winds down.	outlining	describing	defining	detailing	explaining	illustrating	mapping	portraying	sketching	summarizing	tracing
#26-15 Västerås is in central Sweden, approximately 115 km (70 miles) west from the capital Stockholm.	approximately	about	nearly	almost	roughly	around	close to	just about	practically	virtually	pretty much
It is the tallest building in California , the tenth tallest in the United States , the tallest west of the Mississippi River , and the 56th tallest building in the world , by pinnacle height .	pinnacle	apex	peak	top	summit	tip	vertex	climax	crown	crest	height
Syrian authorities say more than 2,500 members of the security forces have been killed since the uprising began in March last year.	uprising	rebellion	revolt	insurrection	riot	protest	revolution	demonstration	unrest	mutiny	resistance
Most of Shakespeare 's comedies include instances of overt cross-dressing , such as Francis Flute in A Midsummer Night 's Dream .	overt	obvious	apparent	clear	blatant	evident	manifest	open	plain	visible	conspicuous
The Russian Union of Journalists condemned police violence and called for a probe into the dozens of attacks and arrests of journalists, describing them as "an attempt to gag and intimidate society."	probe	investigation	inquiry	examination	analysis	review	study	scrutiny	research	inspection	audit
PRESIDENT Barack Obama, speaking to a US television audience  from Bagram Air Base, said he had travelled there to herald a new era in the relationship between the US and Afghanistan, ''a future in which war ends, and a new chapter begins''.	herald	announce	declare	proclaim	signal	indicate	introduce	usher	inaugurate	initiate	commemorate
In the ancient Greece and Rome and the medieval world , it was considered disgraceful for a woman to go on the stage , and this belief persisted until the 17th century , when in Venice it was broken .	disgraceful	shameful	unseemly	unbecoming	improper	inappropriate	unacceptable	objectionable	offensive	distasteful	repugnant
The text was ominous that said she wanted to be cremated with her children.	ominous	threatening,menacing,frightful,foreboding,sinister,alarming,dire,grim,invidious,unpropitious
The text is an indication that it was premeditated, Goodyear said.	indication	sign	suggestion	hint	signal	clue	evidence	proof	pointer	allusion	intimation
#2-4 The BBC estimates at least 52 dead, while one Borno State official is attributed by AP as saying over 100 are dead.	attributed	quoted	cited	mentioned	referenced	linked	connected	associated	related	ascribed	credited
#37-1 Guatemalan Supreme Court approves impeachment of President Molina Yesterday in Guatemala, the Supreme Court approved the attorney general's request to impeach President Otto Pérez Molina.	impeachment	dismissal	removal	indictment	prosecution	arraignment	charge	accusation	censure	condemnation	rebuke
He has denied charges of genocide, murder acts of terror and other crimes against humanity.The most infamous of the charges accuses Mladic of overseeing the massacre  of 8 thousand Muslim boys and men in Srebrenica in Eastern Bosnia in 1995.	infamous	notorious	well-known	famous	celebrated	prominent	illustrious	distinguished	eminent	renowned	disreputable
Ex-Soviet leader Mikhail Gorbachev says Russian authorities must annul the parliamentary vote results and hold a new election.	annul	abolish	cancel	repeal	void	invalidate	nullify	rescind	overturn	quash	reverse
The Art Nouveau style however , was one that Mucha attempted to disassociate himself from throughout his life ; he always insisted that rather than maintaining any fashionable stylistic form , his paintings were entirely a product of himself and Czech art .	disassociate	separate	detach	disconnect	divorce	isolate	distance	dissociate	alienate	disengage	split
#29-7 For 2016, Martin does not harbor high expectations of electoral success, though he hopes to receive an invitation to the debates.	electoral	political	voting	democratic	parliamentary	legislative	civic	representative	constituency	polling	partisan
Their strongest emissions are in the infrared ( IR ) spectrum , and ground-based IR detectors were too imprecise at that time to readily identify any brown dwarfs .	emissions	radiation,emissions,outpourings,effusions,discharges,outputs,releases,exudations,secretions,ejecta
#40-9 However, they want their community to be given the status of Other Backward Class, which would result in eligibility for reserved jobs.	eligibility	qualification	fitness	suitability	entitlement	right	admissibility	permission	authorization	certification	approval
Nine people were reportedly killed in the bombardment.	bombardment	attack	bombing	assault	shelling	onslaught	strike	raid	siege	blitz	offensive
Bankia, in which the state is taking a 45-per cent stake as a crisis measure to save it from crippling bad loans, had 37.5bn euros in exposure to the property sector at the end of 2011.	crippling	devastating	disabling	incapacitating	debilitating	paralyzing	crushing	overwhelming	severe	serious	extreme
A cease-fire that was supposed to begin on April 12 has had only a limited effect, throwing into doubt the rest of the plan that calls for talks between Assad's regime and those seeking to end his rule.	regime	government	administration	rule	leadership	power	regime	system	management	establishment	authorities
#21-15 Eventually, F1 mandated the use of the "virtual safety car", which requires drivers to enter the pit lane at slower speeds instead of proceeding around the track.	mandated	ordered	demanded	required	forced	imposed	obliged	necessitated	commanded	dictated	prescribed
#6-3 Artist's rendition of Manning as she views herself.	rendition	portrayal	representation	interpretation	version	depiction	performance	execution	translation	description	illustration
Tensions stemming from the 14-month-old uprising against President Bashar Assad also touched off clashes across the border in Lebanon as the revolt threatened to morph into a broader conflict.	morph	change	develop	evolve	grow	transform	convert	mutate	alter	shift	adapt
The official spoke on condition of anonymity because he was not authorized to speak to the press.	authorized	permitted	allowed	approved	sanctioned	empowered	licensed	qualified	entitled	certified	accredited
#42-22 After a while I needed to start thinking about an internship for my M.Sc.	internship	placement	traineeship	apprenticeship	training	position	job	work	program	project	fellowship
#28-18 Once again, a tragedy has struck…our city.	tragedy	disaster	catastrophe	calamity	accident	misfortune	mishap	travesty	blow	crisis	shock
#27-9 South Korea's Ministry of Unification told both Reuters and BBC it was monitoring the situation but Choe has not been seen publicly since December.	monitoring	watching	tracking	observing	supervising	overseeing	surveilling	following	checking	examining	scanning
Spanish bank restructuring is a moving target: the deeper the economic downturn, the greater the uncertainty about the size of the sector's provisioning needs.	provisioning	funding	allocation	supplying	stockpiling	equipping	financing	budgeting	resourcing	providing	allocation
Although Sunday's election results signal Putin's return to the presidency in next March's poll may not be as easy as he expected, he has downplayed the reduced majority.	downplayed	downgraded	minimized	dismissed	understated	belittled	depreciated	discounted	trivialized	underestimated	played
The family have asked me to appeal to the media for privacy as they seek to come to terms with this tragedy in the coming days.	tragedy	disaster	catastrophe	calamity	mishap	accident	misfortune	blow	crisis	shock	upset
Putin was expected to formally register on Wednesday to run for president, a position he held from 2000-2008, a period in which he grew more authoritarian.	authoritarian	dictatorial	totalitarian	autocratic	despotic	tyrannical	imperious	domineering	absolute	monarchical	arbitrary
#30-18 The part of the law which prohibits "the unauthorized use of images of police officers that might jeopardize their or their family's safety" is cited as the reason for the fine, however, police spokesperson Fernando Portillo said it was up to police officers involved and under the new law they could do this.	prohibits	forbids	bars	stops	blocks	restricts	prevents	bans	outlaws	disallows	interdicts
We do feel we are prevailing in this with our Afghan partners, he said.	prevailing	winning	succeeding	dominant	triumphant	successful	victorious	flourishing	thriving	prospering	reigning
The agreement was long sought by the U.S.-backed government of Afghan President Hamid Karzai, the perpetually skittish leader who has publicly voiced fears of what would befall his country if the United States quickly packed up and left.	skittish	apprehensive	anxious	nervous	jittery	twitchy	restless	jumpy	fearful	timid	uneasy
Earlier this year, the government had obliged Spanish banks to find 54 billion euros of extra capital to shield against bad loans.	obliged	forced	required	necessary	ordered	compelled	demanded	mandated	instructed	directed	commanded
Regime forces launched an offensive on Rastan at the weekend but met with sharp resistance from rebels seeking the ouster of the regime of President Bashar al-Assad.	ouster	dismissal	removal	expulsion	departure	exit	ejection	abolition	elimination	exile	dismissal
In April 2003 , Apple brought mainstream attention to AAC by announcing that its iTunes and iPod products would support songs in MPEG-4 AAC format ( via a firmware update for older iPods ) .	mainstream	popular	general	common	widespread	broad	universal	overall	ordinary	conventional	prevailing
Police are appealing for information about anyone seen acting suspiciously lately at Bidston Hill, Bidston, to come forward.	appealing	asking	urging	requesting	calling	inviting	petitioning	pleading	begging	lobbying	pressing
That prompted the Chinese surveillance ships to insert themselves into the situation.	surveillance	watching	monitoring	guardianship	supervision	patrol	protection	vigilance	oversight	observation	inspection
#9-18 PCC and Comando Vermelho cooperated on drug trade from mid-1990s to reportedly summer 2016.	cooperated	collaborated	worked	associated	partnered	united	joined	teamed	allied	combined	merged
A Florida mother who fatally shot her four children before killing herself Tuesday called three of the kids who had sought help from a neighbor back to the house before firing the fatal shots, authorities said.	sought	asked	requested	demanded	tried	attempted	looked	pleaded	begged	appealed	applied
#24-13 According to the resort's manager Mr. Naseem, the bigger pieces of debris and other waste were taken away and disposed of in the usual way.	debris	rubbish	wreckage	rubble	junk	litter	trash	refuse	garbage	remains	fragments
In the latest effort to isolate Syria internationally, European Union foreign ministers agreed fresh sanctions against the country on Monday, the 15th round so far to protest against the repression of dissidents.	sanctions	punishments	penalties	restraints	prohibitions	restrictions	embargoes	measures	limits	controls	barriers
In announcing the Motorola Mobility acquisition in August, Google chief executive Larry Page said it will "enable us to better protect Android from anti-competitive threats from Microsoft, Apple and other companies."	acquisition	purchase	buying	takeover	procurement	buyout	obtaining	getting	gaining	procuring	seizure
The agreement pledges ongoing U.S. support for Afghanistan after 88,000 U.S. combat forces leave.	pledges	promises	guarantees	commits	vows	undertakes	assures	binds	obligates	dedicates	devotes
#24-8 That prompted authorities to launch an investigation into the debris, but before it could be examined, it had already been sent away for disposal.	debris	rubble,wreckage,rubbish,trash,junk,litter,discard,refuse,garbage,dregs
#41-6 Roadworkers became suspicious of dark liquid seeping from the vehicle, and responding police found the bodies.	suspicious	doubtful	apprehensive	uneasy	alarmed	fearful	watchful	cautious	vigilant	wary	alert
#21-18 Upon the news of his death, many drivers sent their condolences through social media.	condolences	sympathies	regrets	sorrow	grief	messages	tributes	words	thoughts	prayers	support
#37-1 Guatemalan Supreme Court approves impeachment of President Molina Yesterday in Guatemala, the Supreme Court approved the attorney general's request to impeach President Otto Pérez Molina.	impeach	charge	prosecute	indict	arraign	accuse	censure	rebuke	reprimand	condemn	denounce
But Crocker said there would be no repeat of the 1990s when a withdrawal of Western backers in the wake of the Soviet withdrawal unleashed a vicious civil war out of which the Taliban and al Qaeda support bases arose.	unleashed	released	triggered	started	initiated	launched	sparked	provoked	instigated	fomented	incited
#21-10 Bianchi, the 2007 French Formula Renault and 2009 Formula 3 Euro Series champion, was the inaugural member of the Ferrari Driver Academy.	inaugural	first	initial	opening	original	earliest	beginning	starting	primary	debut	premiere
It has been an ongoing problem on our street with them, Hudson said.	ongoing	continuing	current	existing	present	remaining	lasting	persistent	enduring	unresolved	prolonged
Many Egyptians view Israel, which signed a peace treaty with Egypt in 1979 after four wars between the two countries, with hostility.	hostility	antagonism	animosity	bitterness	aggression	enmity	ill_will	malevolence	resentment	spite	aggressiveness
In the latest Washington Post-ABC News poll, two-thirds of Americans said they think the decade-long battle there has not been worth the costs it has incurred; nearly half the country feels strongly that way.	incurred	paid	suffered	bore	met	faced	borne	absorbed	shouldered	taken	encountered
#9-7 It continued until the security forces quelled the riot on Sunday at around 7:15 a.m..	quelled	suppressed	stopped	controlled	ended	halted	restrained	calmed	soothed	silenced	extinguished
Hundreds were beaten and detained.	detained	arrested	jailed	held	imprisoned	confined	incarcerated	captive	captured	jailed	restrained
#31-7 Military authorities said Muslim insurgents from the country's southern provinces are unlikely to be behind the attack.	insurgents	rebels	guerrillas	fighters	terrorists	militants	extremists	activists	revolutionaries	radicals	separatists
Alfons Maria Mucha ( Czech pronunciation : ( ˈalfons ˈmuxa ) ( listen ) ; 24 July 1860 - 14 July 1939 ) , known in English as Alphonse Mucha , was a Czech Art Nouveau painter and decorative artist , known best for his distinct style .	distinct	unique	particular	special	specific	different	characteristic	identifiable	distinguishable	recognizable	exclusive
A lieutenant who had defected was also killed in the clashes.	defected	deserted	switched	betrayed	rebelled	moved	shifted	changed	abandoned	resigned	escaped
Her 21-year-old sister remains critically ill in hospital.	critically	seriously	severely	badly	gravely	dangerously	vitally	urgently	desperately	extremely	drastically
#9-4 Prison authorities said that some victims were decapitated.	authorities	officials	leaders	representatives	managers	directors	controllers	regulators	administrators	commissioners	inspectors
Street battles pitting Lebanese Sunnis — who generally support the Syrian uprising — against Alawite supporters of Assad's regime killed one person Monday, raising the death toll to four since Sunday.	regime	government	administration	rule	system	leadership	power	authority	establishment	management	regimen
The pact envisions wide-ranging U.S. involvement in Afghan economic and security affairs for a decade, if only as an adviser or underwriter.	envisions	foresees	predicts	imagines	anticipates	envisioned	visualizes	speculates	proposes	thinks	conceives
#2-3 The lowest estimate from Médecins Sans Frontières (MSF) is of 50 dead.	estimate	guess	assessment	evaluation	calculation	judgment	reckoning	valuation	approximation	projection	forecast
Playing down the significance of Yitzhak Levanon's trip, the official, who asked not to be identified, said the ambassador went to Egypt on Saturday for farewell meetings with foreign and Egyptian diplomats before his retirement.	significance	importance	meaning	value	weight	moment	consequence	effect	impact	influence	relevance
#2-17 The Red Cross said it has staff and facilities ready in neighbouring Cameroon and Chad to assist.	neighbouring	adjacent,adjoining,bordering,contiguous,conterminous,abutting,proximal,proximate,nearby,adherent
Even after the U.S. combat mission is concluded in 2014, it is likely that thousands of U.S. troops will remain for some years to conduct counterterrorism strikes and otherwise train and advise Afghan forces, and help the Afghans collect and exploit intelligence on insurgents and other military targets.	insurgents	rebels	guerrillas	fighters	terrorists	militants	extremists	radicals	activists	protesters	dissidents
#6-16 Manning is among more than 1,500 individuals whom President Obama has granted clemency during his tenure.	clemency	mercy	pardon	amnesty	reprieve	leniency	forgiveness	commutation	absolution	indulgence	remission
Brevard County Sheriff's deputies say Tanya Thomas shot and killed her four children who ranged in age from 12 to 17 A Florida mother who fatally shot her four children before killing herself Tuesday called three of the kids who had sought help from a neighbor back to the house before firing the fatal shots, authorities said.	authorities	police	officials	experts	policemen	cops	lawmen	officers	detectives	investigators	inspectors
An account with a username that uses hateful or obscene language or otherwise indicates disruptive or provocative intent will be hard blocked , meaning that an unblock request will be required .	obscene	offensive	indecent	filthy	dirty	lewd	coarse	smutty	vulgar	ribald	salacious
The festival is now operated by Aldeburgh Music , which also runs the Britten-Pears Young Artist Programme ( formerly the Britten-Pears School for Advanced Musical Studies ) , Aldeburgh Residencies - a program offering bespoke training and development opportunities to UK and international artists - as well as an extensive education program .	bespoke	customized	tailored	personalized	made-to-measure	custom-made	specialized	unique	exclusive	individualized	handcrafted
The state will have to raise money on debt markets for the loans to the banks, which will be made through an instrument known as contingent convertibles, or CoCos, which carry the risk that the state ends up with ownership of still-troubled banks.	instrument	tool	device	mechanism	medium	agency	means	vehicle	apparatus	equipment	implement
As the front pair wears down and drops out in pieces , the back pair shifts forward , and two new molars emerge in the back of the mouth .	emerge	come up	appear	arise	originate	surface	develop	grow	issue	proceed	unfold
The assault raises fresh concern about the resilience of the insurgency on the anniversary of Osama bin Laden's death as NATO winds down its combat presence in the next two years and hands over responsibility for security to Afghan forces.	insurgency	uprising	rebellion	revolt	insurrection	riot	mutiny	resistance	guerrilla	warfare	terrorism
As we emerge from a decade of conflict abroad and economic crisis at home, it's time to renew America, Obama said, speaking against a backdrop of armored vehicles and a U.S. flag.	emerge	come out	arise	appear	originate	issue	stem	derive	result	develop	unfold
#38-7 A brief police chase ensued several hours later when law enforcement attempted unsuccessfully to pull Flanagan over on Interstate 66 in Fauquier County.	ensued	followed	occurred	happened	resulted	arose	started	began	developed	unfolded	emerged
The EU ministers agreed to an assets freeze and visa ban on two firms and three people believed to provide funding for the regime, according to the office of EU foreign policy chief Catherine Ashton.	regime	government	administration	system	leadership	power	rulers	regime	establishment	authorities	management
The bean was first unearthed at Awazu-kotei Ruin of Japanese mid Jōmon period in 4000BC , and later it was commonly found on many Jomon ruins in 4000BC to 2000BC in Japan .	unearthed	excavated	discovered	found	dug up	uncovered	revealed	exposed	detected	located	identified
The Taliban said it was in response to Obama's visit and to the strategic partnership deal he signed with Afghan President Hamid Karzai, a pact that sets out a long-term U.S. role after most foreign combat troops leave by the end of 2014.	strategic	long-term	key	crucial	important	major	critical	vital	essential	main	chief
Angers proper has a population of 157,000 inhabitants , while c. 283,000 live in its metropolitan area .	metropolitan	urban	city	town	regional	local	commuter	suburban	inner-city	civic	municipal
The original intention was to provide a home for their opera company , the English Opera Group , but the vision was soon widened to include readings of poetry , literature , drama , lectures and exhibitions of art .	exhibitions	displays	shows	presentations	exposures	views	spectacles	performances	productions	demonstrations	screenings
National security expert Michael O'Hanlon of the Brookings Institution said he is more encouraged about the prospects for success in Afghanistan after President Obama's speech.	prospects	chances	outlook	opportunities	possibilities	odds	future	hopes	expectations	likelihood	potential
The DFA said a Philippine Navy surveillance aircraft monitored eight Chinese fishing vessels anchored inside the Panatag (Scarborough) Shoal in the West Philippine Sea on Sunday, April 8.	surveillance	monitoring	watch	patrol	reconnaissance	vigilance	supervision	inspection	scrutiny	observation	examination
#30-15 All opinion polls indicate that the Spanish society is not at all preoccupied by security but by the economic situation and political corruption."	preoccupied	concerned	worried	bothered	troubled	disturbed	anxious	uneasy	fretful	apprehensive	bewildered
A local witness said a separate group of attackers disguised in burqas — the head-to-toe robes worn by conservative Afghan women — then tried to storm the compound.	conservative	traditional	orthodox	right-wing	conventional	moderate	classical	old-fashioned	reactionary	pious	strict
#42-75 I have no doubt that as time goes on, there will be more and more cases documented.	documented	recorded	written	reported	filed	logged	noted	registered	catalogued	archived	transcribed
Brevard County Sheriff's Lt Tod Goodyear said the neighbour called 911 after being awoken by gunshots coming from a home in Port St John, east of Orlando, at 4.50am local time.	awoken	wakened	aroused	roused	woke	stirred	roused	awaked	alerted	called	summoned
The following day, child welfare investigators visited the house to look into allegations of inadequate supervision of the children.	inadequate	insufficient	inadequate	deficient	lacking	improper	unsuitable	short	scarce	meager	poor
#1-11 Next week, on January 24, the Supreme Court is due to deliver a decision in a case challenging the government's right to issue Article 50—which starts the Brexit negotiations—without the consultation of Parliament.	challenging	questioning	disputing	opposing	resisting	fighting	contesting	arguing	debating	objecting	contradicting
The cleric was assassinated by unidentified gunmen in Damascus, the Observatory said.	assassinated	killed	murdered	slain	slew	shot	executed	liquidated	bumped off	rubbed out	snuffed out
Aviation altitude is measured using either Mean Sea Level ( MSL ) or local ground level ( Above Ground Level , or AGL ) as the reference datum .	datum	reference	point	level	standard	benchmark	criterion	measure	scale	indicator	parameter
In 1964 , to support children who were not eligible for adoption , Buck established the Pearl S. Buck Foundation ( now called Pearl S. Buck International ) to `` address poverty and discrimination faced by children in Asian countries . ''	eligible	qualified	fit	suitable	proper	right	worthy	entitled	deserving	competent	able
Thousands of security forces were out in the Russian capital and helicopters roamed the sky Wednesday, a show of force following protests over scandal-marred elections that saw Prime Minister Vladimir Putin's party struggle to keep a majority.	roamed	patrolled	flew	circled	hovered	operated	moved	travelled	wandered	floated	drifted
The Philippines foreign secretary has said he and the Chinese ambassador have agreed to resolve diplomatically a stand-off involving a Philippine warship and two Chinese surveillance vessels in a disputed area of the South China Sea.	diplomatically	peacefully	amicably	politically	tactfully	formally	officially	courteously	respectfully	calmly	smoothly
In an election-year address, Obama presented himself as a commander-in-chief capable of ending two long wars, following the US withdrawal from Iraq, and crushing Al-Qaeda, and tried to conjure up a new dawn for a US public exhausted by conflict and recession.	conjure	invoke	summon	evoke	call	arouse	stir	provoke	elicit	entice	induce
#15-30 The flight was carrying high-profile political figures to attend a ceremony commemorating the 70th anniversary of the Katyn massacre, when thousands of Polish prisoners of war and civilians were killed by the Soviets.	commemorating	honoring	remembering	celebrating	marking	recognizing	memorializing	observing	acknowledging	saluting	paying tribute to
The passing of Aboriginal land rights legislaton in Australia was preceded by a number of important Aboriginal protests , including the 1946 Aboriginal Stockmen 's Strike , the 1963 Yolngu Bark Petition , and the 1966 Wave Hill Walk-Off , as well as the Aboriginal Lands Trust Act 1966 ( SA ) , which established the South Australian Aboriginal Lands Trust .	legislaton	legislation	lawmaking	enactment	bill	statute	act	ordinance	regulation	rule	decree
In the latest effort to isolate Syria internationally, European Union foreign ministers agreed fresh sanctions against the country on Monday, the 15th round so far to protest against the repression of dissidents.	dissidents	opponents	rebels	protesters	activists	critics	defectors	objectors	nonconformists	renegades	insurgents
Of that total €31.8bn were classed as problematic.	problematic	difficult	troublesome	delicate	sensitive	ticklish	prickly	thorny	complicated	hard	awkward
#42-44 We measured the ROS-concentration in the bodies of ants after they ingested the food with the medicine using a spectrophotometer.	ingested	swallowed	eaten	consumed	drunk	absorbed	digested	fed	devoured	gulped	inhaled
A definitive clean-up of troubled banks, as well as an accelerated 2014 budget, are among a package of reforms that could win centre-right Prime Minister Mariano Rajoy more time from the European Union to hit tough deficit targets, EU sources have told Reuters.	definitive	final	conclusive	clear	absolute	complete	thorough	exact	precise	decisive	ultimate
The acquisition is the largest wireless-equipment deal in at least a decade, according to data compiled by Bloomberg.	compiled	gathered	assembled	collected	prepared	organized	put together	arranged	sorted	summarized	analyzed
#23-6 Fox News claims Everson fails to meet the criteria it established for Thursday's two debates.	criteria	standards	requirements	rules	guidelines	conditions	terms	principles	regulations	qualifications	benchmarks
Companies must raise £28 trillion Chinese sovereign wealth fund stops buying Euro debt Surprise weakening in China import and exports Spain nationalises Bankia as euro crisis escalates Germany warns Greece 'no bailout agreement, no aid' Bankia, in which the state is taking a 45pc stake as a crisis measure to save    it from crippling bad loans, had €37.5bn in exposure to the property sector    at the end of 2011.	crippling	devastating	debilitating	disabling	paralyzing	incapacitating	crushing	overwhelming	severe	serious	extreme
Russian news agencies reported about demonstrators d200 were arrested at a similar attempt to hold an unsanctioned rally in St Petersburg and another 25 in the southern city of Rostov-on-Don.	unsanctioned	unauthorized	unofficial	illicit	clandestine	covert	unapproved	prohibited	forbidden	banned	illegal
He said: "This family is clearly deeply shocked and traumatised by what has happened over the weekend.	traumatised	upset	distraught	hurt	shaken	stunned	devastated	distressed	agitated	pained	anguished
Mature kauri trees have characteristically large trunks , forming a bole with little or no branching below the crown .	bole	trunk	stem	body	torso	column	shaft	stock	tree trunk	base	stump
Clashes that began Sunday in Lebanon ignited over the arrest of Islamist activist Chadi Mawlawi, who the Lebanese government accuses of being an operative in Al-Qaeda-inspired group.	ignited	started	flared	began	erupted	sparked	exploded	arose	commenced	initiated	originated
He said authorities have received previous calls from Thomas' home pertaining to domestic violence.	pertaining	relating	concerning	regarding	relevant	connected	associated	linked	involved	about	involving
Clashes that began Sunday in Lebanon ignited over the arrest of Islamist activist Chadi Mawlawi, who the Lebanese government accuses of being an operative in Al-Qaeda-inspired group.	operative	member	worker	agent	employee	representative	delegate	operative	officer	associate	affiliate
On the anniversary of bin Laden's killing, Crocker said he did not believe there would be a sole turning point in the war.	sole	single	only	one	individual	unique	exclusive	lone	 solitary	 isolated	 separate
He decorated the Bosnia and Herzegovina Pavilion and collaborated with decorating the Austrian Pavilion .	collaborated	cooperated	worked	helped	assisted	participated	contributed	joined	associated	united	allied
#8-8 I want to continue playing at the highest level and win as many trophies as possible."	trophies	awards	prizes	medals	cups	titles	championships	rewards	honors	laurels	placques
The two sides are the legacy of, and backlash against, Syria's virtual rule over Lebanon from 1976 to 2005 and its continued influence since.	backlash	reaction	response	recoil	reprisal	retaliation	counterattack	kickback	resistance	opposition	protest
#34-8 "Commanders of the Korean People's Army were hastily dispatched to the front-line troops to command military operations to destroy psychological warfare tools if the enemy does not stop the propaganda broadcast within 48 hours and prepare against the enemy's possible counteractions," added KCNA.	counteractions	countermeasures	responses	reactions	retaliation	reprisals	attacks	strikes	blows	comebacks	ripostes
Mr Del Rosario said that despite the impasse, "we resolved to seek a diplomatic solution to the issue".	impasse	stalemate	standstill	deadlock	blockage	cutoff	barrier	halt	stoppage	obstruction	gridlock
Taliban bombers attacked a heavily fortified guesthouse used by Westerners in Kabul on Wednesday, announcing the start of their annual in defiance of calls from visiting US President Barack Obama that the war was ending.	defiance	disobedience	resistance	challenge	refusal	opposition	rebellion	insubordination	noncompliance	contrariness	contempt
#15-41 Rex Tillerson, proposed Secretary of State for the Trump administration, implied the troops would be staying put.	implied	suggested	hinted	indicated	stated	mentioned	revealed	announced	declared	asserted	insinuated
But opposition parties and international observers said the vote was marred by widespread reports of vote-rigging.	marred	damaged	tainted	sullied	spoiled	impaired	flawed	defaced	blemished	ruined	blighted
#32-3 After his departure, he briefly served as CEO of the American Red Cross, worked in the cabinet of Indiana governor Mitch Daniels, and worked for the tax consulting firm alliantgroup.	departure	exit	leaving	retirement	resignation	dismissal	firing	separation	termination	expiration	withdrawal
A suicide attacker detonated a bomb at the gates of a compound used by foreigners in Kabul, Afghanistan, Wednesday, killing seven Afghans, officials said.	compound	enclosure	building	premises	grounds	area	site	estate	complex	facility	campus
Iran supports the Damascus regime, which since 15 March 2011 has faced an unprecedented popular revolt.	unprecedented	unparalleled	unknown	unexpected	record	novel	unique	fresh	new	original	innovative
#13-7 Although president-elect Donald Trump has called for a "repeal and replace" plan, saying that a new health care system would be enacted "almost simultaneously," many in government and the press have expressed doubts about whether this would actually happen.	enacted	passed	approved	signed	implemented	ratified	promulgated	legislated	adopted	established	sanctioned
#30-11 Even before its enactment it saw widespread criticism.	enactment	passage	implementation	execution	performance	ratification	adoption	legislation	approval	sanction	promulgation
Israel's outgoing ambassador to Egypt arrived in Cairo on Sunday to bid farewell to former colleagues, after an attack on the Israeli mission in September forced its evacuation, according to a spokesman at Israel's Foreign Ministry in Jerusalem.	evacuation	removal	withdrawal	departure	exodus	flight	exit	pullout	relocation	clearance	dismissal
In Spain, one in four of its workforce is without a job, and the latest prediction from the EU says Spain is going to stay in recession for some time to come.	prediction	forecast	prognosis	prophecy	projection	estimate	guess	anticipation	expectation	forecasting	prognostication
Google says authorities in China have approved its acquisition of Motorola Mobility.	acquisition	purchase	buyout	takeover	procurement	buying	obtaining	getting	gaining	procuring	seizure
#12-6 Kent Police continue to investigate; Highways England have said they will await that probe's results before deciding if they will launch their own.	investigate	probe	examine	look into	check	research	study	analyze	scrutinize	enquire	inquire
By late morning, Santander, the eurozone's biggest bank by capital, had slumped 2.97 percent to 4.774 euros, number-two BBVA slid 2.62 percent to 5.171 euros and Banco Popular skidded 3.75 percent to 2.08 euros.	slumped	fell	dropped	declined	plummeted	tumbled	collapsed	decreased	dipped	sank	plunged
The incident followed the killing in August of five Egyptian security guards by Israeli soldiers pursuing militants who had ambushed and killed eight Israelis along the Israeli-Egyptian border.	ambushed	attacked	assailed	raided	struck	sabotaged	waylaid	sniped	surprised	intercepted	beset
He said the United States must see this battle through to a successful conclusion, although not one that involves nation-building.	conclusion	end	outcome	result	decision	resolution	finale	closing	termination	cessation	climax
#25-7 Average hourly earnings rose 0.2%, marking a rebound after growth stalled in June.	rebound	recovery	bounce	bounced	resurgence	comeback	response	reaction	rise	improvement	increase
Analysts welcome the measures but accuse the government of reacting too late to a problem that was diagnosed years ago.	diagnosed	identified	detected	discovered	found	recognized	revealed	uncovered	pinpointed	located	spotted
But members of the opposition had urged Syrians to boycott the elections, saying a vote for any of the candidates amounted to a vote for al-Assad, whose family has ruled the country for 42 years.	boycott	shun	avoid	snub	reject	refuse	protest	abstain	desert	evade	spurn
Fearing the prospect of facing other large armies and exhausted by years of campaigning , Alexander 's army mutinied at the Hyphasis River , refusing to march further east .	campaigning	marching	battling	fighting	warring	soldiering	combating	warfare	crusading	 canvassing	electioneering
Alexander succeeded his father , Philip II of Macedon , to the throne in 336 BC after Philip was assassinated .	assassinated	killed	murdered	slew	slain	slaughtered	massacred	butchered	killing	executed	liquidated
#5-1 Bomb kills at least 50 in Gao, Mali A vehicle packed with explosives was detonated this morning in Gao, Mali.	detonated	exploded	blown up	set off	fired	triggered	activated	ignited	discharged	fired off	set alight
This is not the definitive clean-up framework that the market is clamoring for, said Nicholas Spiro from Spiro Sovereign Strategy.	clamoring	calling	urging	requesting	pleading	begging	crying	shouting	petitioning	lobbying	appealing
The successive rounds of financial system reform have not helped to build the necessary credibility for the system, and short of a big bang solution that specifies where the money to recapitalize the banks is going to come from, today's (Friday's) reforms might disappoint markets, Barroso said in a note.	credibility	trustworthiness	believability	confidence	reputation	authenticity	legitimacy	plausibility	acceptance	faith	probability
The Britain-based monitoring group said initial reports indicated that three troop carriers were destroyed in the clashes that began at dawn on the outskirts of the rebel-held city, located in Homs province.	outskirts	fringes	periphery	suburbs	environs	vicinity	edge	border	limits	boundaries	perimeter
Syria is overwhelmingly Sunni, but President Bashar Assad and the ruling elite belong to the minatory Alawite sect.	elite	upper class	nobility	aristocracy	ruling class	high society	upper crust	cream	gentry	intelligentsia	upper classes
Suicide bombers attacked a compound housing Westerners in Kabul on Wednesday hours after U.S. President Barack Obama signed a security pact during a short visit to a city that remains vulnerable to a resilient insurgency.	vulnerable	exposed	susceptible	weak	open	defenseless	unprotected	liable	fragile	insecure	assailable
Albert Del Rosario said he met ambassador Ma Keqing and both reaffirmed their governments' positions that the Scarborough Shoal where the ships are facing off was part of their own country's territory.	reaffirmed	reasserted	confirmed	restated	endorsed	supported	agreed	acknowledged	admitted	accepted	recognized
In a statement on Wednesday, the Chinese Embassy said the two Chinese Marine Surveillance ships were sent in the area to safeguard China's maritime rights and interests after Philippine soldiers harassed the Chinese fishermen.	harassed	intimidated	bullied	teased	bothered	pestered	annoyed	vexed	pestered	molested	tormented
Two Chinese marine surveillance ships are in this area fulfilling the duties of safeguarding Chinese maritime rights and interests, it said in a statement.	safeguarding	protecting	defending	guarding	preserving	securing	conserving	shielding	covering	watching	patrolling
Arovell 's headquarter lies in Gosau in Upper Austria and has subsidiaries in Vienna and Salzburg .	subsidiaries	branches	affiliates	offices	departments	divisions	agencies	subsidiaries	outlets	franchises	bureaus
Their strongest emissions are in the infrared ( IR ) spectrum , and ground-based IR detectors were too imprecise at that time to readily identify any brown dwarfs .	imprecise	inaccurate	imperfect	incorrect	rough	approximate	vague	erroneous	faulty	flawed	inexact
Activists said at least 30 people died on Sunday - mainly civilians - as violence surged at flashpoints across the country despite an increase of UN observers.	surged	increased	rose	grew	mounted	climbed	jumped	spiked	rocketed	escalated	skyrocketed
#13-6 Although the 51-48 vote was mostly along party lines, some Republicans have expressed uncertainty about repealing Obamacare before a replacement system is worked out.	repealing	abolishing	cancelling	revoking	invalidating	rescinding	overturning	repealing	nullifying	voiding	annulling
#26-4 According to police, the two fatalities do not have any obvious connection to the suspects, but did know each other.	obvious	clear	apparent	visible	evident	noticeable	manifest	plain	 patent	distinct	recognizable
The assault raises fresh concern about the resilience of the insurgency on the anniversary of Osama bin Laden's death as NATO winds down its combat presence in the next two years and hands over responsibility for security to Afghan forces.	resilience	strength	stamina	endurance	resistance	fortitude	hardiness	toughness	tenacity	buoyancy	elasticity
It does not commit Washington to specific troop or funding levels for Afghanistan, though is meant to signal U.S. foes that despite ending the longest war in U.S. history, Washington intends to ensure Afghanistan does not revert to a haven for terror groups like al-Qaeda.	revert	return	go	become	change	turn	switch	shift	convert	transform	regress
#15-14 Szatkowski also mentioned Russian action in Ukraine, which he called "aggressive actions in our vicinity".	vicinity	proximity	area	region	neighborhood	vicinity	locale	location	site	environs	surroundings
The Taliban said the assault was a riposte to Obama, who just hours earlier signed a new partnership pact in Kabul to govern Afghan-US relations after 2014 -- a deal the insurgents dismissed as "illegitimate".	riposte	retort	response	reply	comeback	counterattack	rejoinder	reaction	answer	rebuke	reprisal
The gradual accumulation of decayed plant material in a bog functions as a carbon sink .	accumulation	collection	gathering	amassing	buildup	stockpile	store	reserve	pool	hoard	stash
The Observatory said Rastan, which lies 180km (120 miles) north of Damascus, was subjected to sustained shelling overnight, leaving dozens of people injured.	sustained	prolonged	continued	constant	persistent	ongoing	lengthy	enduring	lasting	extended	unceasing
#26-12 According to the paper, the victims were not local residents, but did have a connection with Västerås, where they were vacationing at the time of the attack, which a police spokesperson has called "an act of madness"((sv)).	vacationing	holidaying	visiting	touring	travelling	staying	residing	dwelling	sojourning	abiding	lodging
Sunday's parliamentary vote suggested Russians are tiring of Mr Putin and his United Russia party and allegations of vote-rigging have fired up the opposition, which has long seen its protests crushed and its pleas ignored by the Kremlin-dominated media.	allegations	accusations	claims	charges	assertions	complaints	denunciations	affirmations	declarations	statements	allegations
It said Panatag Shoal is an integral part of Philippine territory, 124 nautical miles from the nearest base-point in Zambales.	integral	essential	vital	necessary	inherent	basic	component	elementary	constituent	indispensable	fundamental
A monument to the Virgin Mary is located on top of El Panecillo and is visible from most of the city of Quito .	monument	statue	memorial	tomb	marker	column	pillar	obelisk	landmark	sculpture	bust
The shootings are the worst homicides to take place in Brevard County since 1987.	homicides	murders,killings,slaughters,assassinations,manslaughters,deaths,fatalities,kills,shootings,slayings
#26-4 According to police, the two fatalities do not have any obvious connection to the suspects, but did know each other.	fatalities	deaths	victims	casualties	losses	fatalities	accidents	incidents	crashes	collisions	disasters
The incident not only underscores the difficulties that remain as Afghan security forces take control of increasingly larger share of the country, but also the potential fallout from the Afghan insurgency during high-profile visits.	underscores	highlights	emphasizes	stresses	indicates	suggests	reveals	shows	points	exposes	spotlights
Russian authorities should annul the parliamentary vote results and hold a new election, ex-Soviet leader Mikhail Gorbachev urged Wednesday as popular indignation grew over widespread reports of alleged election fraud.	annul	invalidate	void	abolish	cancel	repeal	nullify	rescind	overturn	quash	reverse
Authorities said Tuesday at least 51,500 police officers and 2,000 Interior Ministry troops have been deployed in Moscow since the election.	deployed	sent	posted	stationed	assigned	placed	positioned	located	situated	transferred	mobilized
Among the dead were a Shiite imam, Sheikh Abbas al-Laham, who leads the prayers in the Ruqayya mosque in Damascus, a revered place of pilgrimage for many religious Iranians.	revered	respected	admired	honored	esteemed	worshipped	praised	glorified	exalted	venerated	sanctified
Wikipedia admins can never be absolutely sure about sockpuppetry , and the most abusive users can be very devious in attempting to evade detection .	evade	avoid	elude	escape	duck	shirk	skirt	parry	dodge	circumvent	sidestep
Russian authorities should annul the parliamentary vote results and hold a new election, ex-Soviet leader Mikhail Gorbachev urged Wednesday as popular indignation grew over widespread reports of alleged election fraud.	alleged	reported	claimed	supposed	stated	purported	accused	asserted	declared	proclaimed	averred
Mr. Gorbachev spoke to the Interfax news agency as public indignation was rising over reported election fraud in Sunday's election.	indignation	anger	outrage	indignity	resentment	irritation	annoyance	discontent	dissatisfaction	bitterness	frustration
Obama's emphasis on a long-term U.S. commitment to Afghanistan reflects a lingering worry about the threat of a Taliban resurgence after 2014, when U.S. and NATO combat forces are scheduled to leave.	lingering	remaining	continuing	persistent	enduring	ongoing	unresolved	staying	existing	surviving	abiding
The barren islands, reefs and coral outcrops are believed to be in rich in oil and gas and the overlapping claims have long been feared as Asia's next flashpoint for armed conflict.	barren	desolate	uninhabited	infertile	sterile	arid	treeless	fruitless	impoverished	bereft	devoid
Gorbachev added that authorities "must admit that there have been numerous falsifications and ballot stuffing."	falsifications	frauds	cheats	deceptions	misrepresentations	lies	fakes	scams	hoaxes	counterfeits	forgery
Speaking from the country where the September 11 terrorist attacks were incubated, Mr Obama suggested  America had come full circle.''	incubated	hatched	developed	bred	spawned	fostered	nurtured	plotted	conceived	born	grown
Activists said at least 30 people died on Sunday - mainly civilians - as violence surged at flashpoints across the country despite an increase of UN observers.	flashpoints	hotspots	trouble spots	flash points	pressure points	sensitive areas	crisis areas	danger zones	conflict zones	war zones	battlegrounds
#35-36 "In my judgment the common law," the judgement reads, "and in particular the principles of natural justice and fairness, would in a case such as this which involves the right to life, and the right to a fair trial, as well as powerful countervailing issues of public interest, compel the court to apply the most intense level of anxious scrutiny to the facts to ensure that the accused were not prejudiced."	prejudiced	influenced	bias	prejudicial	partial	unfair	discriminated	bigoted	jaundiced	one-sided	slanted
The modern version of this honor has been conferred on non-Japanese recipients beginning in 1981 ( although several foreigners were given the honor before World War II ) ; and women were awarded the Order starting in 2003 ( previously , women were awarded the Order of the Precious Crown ) .	conferred	awarded	bestowed	given	granted	presented	handed	delivered	donated	transferred	imparted
By alighting in Afghanistan on the anniversary of the raid that killed Sept. 11 mastermind Osama bin Laden, Obama was also making an unsubtle show of the power of the presidency.	alighting	landing	descending	arriving	stopping	coming	touching	settling	resting	perching	dismounting
The militants vowed to continue their armed struggle "against all the contents of this illegitimate document until the full withdrawal of all invading forces and their puppets" -- referring to the Karzai government.	illegitimate	unlawful	invalid	false	fake	fraudulent	bogus	spurious	illicit	unauthorized	unofficial
I would wish to extend my thoughts and prayers to the family and friends of the victim at this terrible time.	extend	offer	express	send	convey	give	present	provide	supply	afford	prolong
#28-7 David Conley, 49, was arrested by the HSCO and subsequently charged with the crimes.	subsequently	later	next	then	afterwards	following	thereafter	afterward	earlier	previously	immediately
Kirill Kudryavtsev / AFP - Getty Images Police officers surround Russian opposition leader Boris Nemtsov, who was detained while taking part in an unauthorized rally at the Triumfalnaya Square in central Moscow late on Tuesday.	detained	arrested	held	jailed	captured	confined	imprisoned	incarcerated	apprehended	seized	restrained
Chernov was born in Lithuania to Russian parents , and migrated with his family to Salzburg , Austria where he commenced his schooling .	commenced	started	began	initiated	launched	inaugurated	opened	undertaken	begun	originated	established
Google defended itself saying it has no intentions of giving Motorola special treatment over other Android-running OEMs such as HTC, Samsung, and LG.	intentions	plans	goals	aims	objectives	purposes	desires	wishes	aspirations	targets	ambitions
An account with a username that uses hateful or obscene language or otherwise indicates disruptive or provocative intent will be hard blocked , meaning that an unblock request will be required .	disruptive	troublesome	unruly	disturbing	interfering	obstructive	annoying	bothersome	perturbing	inconvenient	disorderly
The Taliban claimed responsibility for the attack which involved a car bomb and insurgents disguised as women on the eastern outskirts of the capital, killing seven people, a Gurkha guard and six passers-by, and wounding 17.	outskirts	fringes	periphery	borders	boundaries	edges	limits	margins	environs	suburbs	outlying districts
Pearl S. Buck died of lung cancer on March 6 , 1973 , in Danby , Vermont , and was interred in Green Hills Farm in Perkasie , Pennsylvania .	interred	buried	entombed	laid to rest	inurned	enshrined	sepulchered	placed	deposited	put	inserted
His satirical street art and subversive epigrams combine dark humor with graffiti executed in a distinctive stencilling technique .	epigrams	quotations	slogans	sayings	phrases	captions	quotes	mottos	proverbs	adages	maxims
Brevard County was the scene of six homicides in 2011, Goodyear said.	homicides	murders	killing	assassinations	manslaughter	killings	slaughter	deaths	fatalities	bloodshed	massacres
#5-4 Northern Mali was seized by Islamic militants in 2012, with France leading a military intervention the following year.	seized	captured	occupied	taken	grabbed	gripped	snatched	seized	confiscated	commandeered	appropriated
#30-19 "We would have preferred a different solution but they have the legal right to impose the fine,” Portillo said, but the public posting of the photo impugned the officers' sense of honor.	impugned	attacked	challenged	questioned	disputed	criticized	denied	implicated	tarnished	damaged	undermined