ao prever a distribuição gratuita de uniforme para alunos da rede pública um projeto em discussão no congresso institui uma controvérsia em escolas prefeituras e secretarias de educação	controvérsia	controversal	disputa	conflitos	discussão	discord	polêmica	abertura	diferença	inconformidade	tensa	agitação
a matéria ainda precisa passar pela câmara dos deputados e pela presidência da república antes de entrar em vigor	matéria	proposta	projeto	recurso	texto	discussão	assunto	tema	ação	iniciativa	documentação
o acessório polêmico entrou no projeto de autoria do senador cícero lucena psdbpb graças a uma emenda aprovada na comissão de educação do senado em outubro	polêmico	controverso	controversial	polêmico	disputado	controverso	questionável	problemático	sensacionalista	controverso	disputa
toda a operação teria sido armada para vingar a morte de um companheiro em um atentado a bomba	armada	organizada	planejada	preparada	preparada	motivada	configurada	estruturada	concebida	elaborada	constituída
blitze barreiras e operações em profusão foram insuficientes para conter um crescimento de 1112 em relação a março de 2006	profusão	abundância	multidão	massa	excesso	quantidade	elevação	crescimento	aumento	surto	agitação
o subcomandantegeral da bm coronel paulo roberto mendes reconheceu que o incremento nos roubos pode estar ligado a deficiências nas manobras adotadas	incremento	aumentação	aumento	expansão	crescimento	progresso	fortalecimento	elevação	supressão	aprimoramento	regulamentação
diferentemente de outros pleitos as legendas este ano são obrigadas a driblar novas regras eleitorais desgaste da imagem da classe política e projetos nacionais envolvendo líderes gaúchos	desgaste	desgastar	deterioração	deterioramento	fadiga	abrandar	fraqueza	perda	corrosão	sofrimento
para os analistas políticos a indecisão eleitoral de 2006 é fruto de uma confluência de fatores	fruto	causa	resultado	consequência	efeito	geração	origen	fonte	base	motivo	determinante
os partidos estão mais cautelosos	cautelosos	cautelosos	preocupados	medrosos	atenciosos	prudentes	respeitosos	conscientes	tranquilos	prudentes	previsores
o relatório produzido pela comissão criada para revisar processos administrativos da assembléia legislativa destaca temas que devem provocar polêmica no parlamento	revisar	analisar	examinar	verificar	revisar	avaliar	auditar	contestar	reconsiderar	complementar
um deles se refere ao fato de cada deputado ter três carros cadastrados para fins de indenização por uso de carro particular	cadastrados	registrados	incluídos	inscritos	adicionados	declarados	enumerados	enquadrados	categorizados	atribuídos	designnados
antunes vai apresentar o conteúdo do relatório hoje à mesa diretora e posteriormente implementar novas medidas de contenção e controle	contenção	controle	regulamentação	limitação	restrição	prevenção	intervenção	medidas	ações	observações	manutenção
viagens de carro ficam mais agradáveis quando os ocupantes podem fazer algo mais do que apreciar a paisagem	ocupantes	passar	pessoas	passageiros	condutores	viajantes	motoristas	companheiros	convidados	acomodações	assentamentos
uma arena suspensa com estacionamento subterrâneo e capacidade entre 45 e 50 mil espectadores	espectadores	espectadores	assistentes	pessoas	publico	audiência	congregação	multidão	torcida	participantes	vagos
apesar das boas intenções a organização das nações unidas para a educação a ciência e a cultura unesco tratou de se desvincular da escolha	desvincular	separar	desassociar	liberar	isolar	retirar	dividir	remover	alcançar	distanciar	libertar
plácido domingo lembrou o maravilhoso senso de humor do parceiro italiano capaz de proporcionar momentos tão divertidos nos concertos dos três tenores que nós nos esquecíamos de que estávamos cantando para um público que pagará	proporcionar	oferecer	dar	criar	proporcionar	gerar	auxiliar	incentivar	inspirar	estimular	encontrar
o regente indiano zubin mehta um dos principais colaboradores do tenor destacou que luciano tinha uma aura especial emanava sensações positivas	emanava	emanou	irradiava	exibia	transbordava	despontou	irradiava	exaltava	transmitia	despertava	exala
ele ressalta que o próximo trânsito ocorrerá somente em 9 de maio de 2016	ressalta	destacar	enfatizar	mencionar	exaltar	avaliar	reforçar	apresentar	argumentar	explicar	elogiar
para evitar um novo desgaste político a administração federal não pretende influir ao menos por enquanto para que os senadores do pmdb contrários à cpmf sejam substituídos na ccj	desgaste	afetar	exacerbar	comprometer	desgastar	sofrer	degradar	corromper	danificar	enfraquecer	aumentar
começamos a encaminhar em novembro de 2005 e só na metade do ano passado acertamos tudo e eles começaram a confeccionar o produto afirma a coordenadora	confeccionar	fabricar	construir	criar	elaborar	produzir	desenvolver	realizar	gerenciar	fazer	montar
é difícil parar com a depredação	depredação	destruição	dano	vandalismo	poluição	invasão	exploração	assalto	roubo	furto	violação
as bolsas podem cair o que não vai cair é a economia venezuelana que está pujante como nunca disse	pujante	flourishing	vigorous	robust	thriving	prospering	dynamic	powerful	growing	booming	healthy
a principal celebração na comunidade judaica da capital ocorrerá amanhã no clube campestre macabi	celebração	festividade	evento	comemoração	festa	grande festa	celebração	prazode	confraternização	reunião	maratonas
os donos argumentam que seus mascotes são limpos e saudáveis	argumentam	dizem	discutem	conversam	afirmam	argumentam	sustentam	dizem	recusam	denunciam	defende
o próprio ban kimoon que está no timor leste prometeu voltar a bali hoje para acompanhar de perto o diálogo e se necessário intervir para um acerto	intervir	interferir	mediar	agir	influenciar	auxiliar	promover	apoiar	ajudar	solucionar	resolver
o anúncio foi feito pelo pontífice durante uma audiência geral na qual o papa informou que vai realizar uma nova assembléia de cardeais chamada de consistório	pontífice	papa	líder	chefe	pastor	
a musculação do dólar e a expectativa de maior preço dos grãos representam âncoras para enfrentar águas turbulentas	turbulentas	turbulentas	agitadas	confusas	inconstantes	complexas	intensas	desorganizadas	chaoticas	disruptivas	instáveis
depois de perder um quarto da receita nas vendas ao exterior dos últimos dois anos os moveleiros também espreitam chances de recuperar rentabilidade com um dólar entre r 210 e r 215 segundo maristela cusin longhi presidente da associação das indústrias de móveis do estado do rio grande do sul	espreitam	esperam	buscam	procuram	tentando	observam	analisam	consideram	ponderam	estudam	
depois de perder um quarto da receita nas vendas ao exterior dos últimos dois anos os moveleiros também espreitam chances de recuperar rentabilidade com um dólar entre r 210 e r 215 segundo maristela cusin longhi presidente da associação das indústrias de móveis do estado do rio grande do sul	rentabilidade	lucro	ganhos	benefício	renda	retorno	lucros	prejuízo	desvantagem	valorização	recuperação
nas contas de antônio salton presidente da união brasileira de vitivinicultura uvibra a dose de importados no consumo nacional pode reduzir de 70 para 60 caso o dólar se mantenha acima de r 210	reduzir	diminuir	diminuir	baixar	cortar	amenizar	reducir	diminuir a quantidade	afetar	alterar
a expectativa está em torno do nome do deputado joão henrique blasi pmdb que foi o postulante mais votado pelo conselho da ordem dos advogados do brasil	postulante	candidato	aspirante	pretendente	postor	protagonista	concorrente	apontante	sucessor	alvo	candidato a
o nosso é brasileiro colorido é um menino alegre com pontos de melancolia	melancolia	melancolia	tristeza	saudade	desânimo	decepção	tristeza	sombreamento	deprime	doente	sombra
amarrado a uma árvore à mercê de centenas de abelhas o cavalo de um brigadiano tentou se desvencilhar com coices e corcoveadas das ferroadas que o mataram em 40 minutos ontem de manhã na redenção	ferroadas	ferro	acessórios	ferramentas	armaduras	armas	esculturas	objetos	conchas	pedras	correntes
o animal deu alguns passos e começou a verter sangue pela boca	verter	esvaziar	expulsar	ejetar	descarregar	dispersar	expelimentar	depositar	lançar	tirar	desfazer
volmar geraldo da silva nunes próreitor em exercício de extensão e cultura da ufpel afirma que a instituição apenas atendeu às reivindicações dos colegas do norte	reivindicações	requerimentos	demandas	pedidos	solicitações	requisitos	pretensões	propostas	solicitudes	acordos	compromissos
o banco central chinês aumentou recentemente o depósito compulsório à vista dos bancos retirando dinheiro de circulação para evitar especulação com ações uma das principais formas de investimento no país	compulsório	obrigatório	exigido	restringido	imposto	compulsivo	direcionado	prescrito	requerido	forçado	assinado
o recuo generalizado dos mercados foi utilizado pelo presidente do banco central henrique meirelles em defesa de uma atitude de prudência na condução da política econômica	prudência	cuidado	cautela	responsabilidade	precaução	sensibilidade	vigilância	atenção	cautela	prudente	discrição
ao prever a distribuição gratuita de uniforme para alunos da rede pública um projeto em discussão no congresso institui uma controvérsia em escolas prefeituras e secretarias de educação	institui	inicia	começa	cria	promove	desencadeia	impulsiona	abrevia	convoca	origina	lança
além de ressuscitar o debate sobre a obrigatoriedade de um traje padrão entre os alunos e reacender a preocupação com a escassez de recursos públicos a proposta cria uma discussão sobre a incorporação do boné no kit obrigatório	ressuscitar	reavivar	reintroduzir	reiniciar	reativar	reviver	recomeçar	relançar	resurgir	reafirmar	reabrir
a divergência ocorre porque educadores como helvécio aguiar da faculdade de educação da universidade federal do rio grande do sul ufrgs afirmam que a peça é desnecessária no uniforme obrigatório	divergência	diferença	discordância	contradição	displicência	disputa	conflitos	incompatibilidade	discrepância	desacordos	parcialidades
professores ainda temem que a distribuição do acessório dificulte a imposição nas classes de uma regra da boa conduta	conduta	comportamento	manter	agir	obediência	padrão	regras	ética	forma	atitude	portaria
eles se inquietam com a fonte para custear os gastos milionários com a medida	inquietam	inquieta	preocupam	disturbam	tristecem	incomodam	assombram	descontentem	afligem	alarmem	perturbem
não fosse o aspecto financeiro o projeto teria o apoio incondicional de balzano e do presidente da famurs flávio luiz lammel	incondicional	semântico	total	unívoco	absoluto	indispensável	inabalável	incondicionalmente	totalmente	sempre	irreversível	inevitável
o premier classificou o episódio de crime horrível	premier	primeiro	chefe	ministro	titular	governador	presidente	líder	comandante	chefe de governo	diretor
considerado culpado de ameaçar com um cachorro sem focinheira um dos detentos e de negligência no cumprimento do dever ele foi rebaixado e condenado ontem por um tribunal militar a 90 dias de trabalho forçado sem confinamento	confinamento	restringimento	isolamento	detenção	prisão	confinamento	demanda	internação	custódia	custodia	prisioneiro
blitze barreiras e operações em profusão foram insuficientes para conter um crescimento de 1112 em relação a março de 2006	blitze	operações	barreiras	crescimento	investimentos	desafios	dificuldades	obstacles	conflitos	conflito	problemas
o secretário da segurança pública enio bacci disse que o aumento está ligado à legislação branda contra desmanches ao aumento da frota e ao chamado golpe do seguro quando o dono vende o carro a bandidos e recebe um novo da seguradora mas reconheceu que precisa ajustar a repressão	branda	lenta	moderada	suave	permissiva	flexível	não rígida	tolerante	leve	suave	pouco severa
em março o comando de policiamento da capital cpc atingiu 40 do número previsto para fiscalização de veículos enquanto outros comandos regionais como metropolitano sul missões e vale do taquari superaram as metas estipuladas	fiscalização	fiscalizar	supervisão	patrulhamento	controle	inspecção	verificação	monitoramento	vigilância	regulamentação	avaliação
diferentemente de outros pleitos as legendas este ano são obrigadas a driblar novas regras eleitorais desgaste da imagem da classe política e projetos nacionais envolvendo líderes gaúchos	pleitos	disputas	conflitos	controvérsias	avenidas	provas	questionamentos	alvos	problemas	discussões	ações
a comissão entende que para que seja preservado o caráter de indenização cada parlamentar deve ter apenas um carro registrado	parlamentar	deputado	representante	dependente	membro	político	eleito	candidato	oficial	conselheiro	governador
outra questão destacada no relatório se refere à qualificação dos servidores	questão	problema	pergunta	dúvida	debate	discussão	objeção	questionamento	consulta	problemática	curioso
duas situações foram detectadas pelo grupo	grupo	equipe	coletivo	turma	grupo de pessoas	corpo	conjunto	participação	organização	associação	sindicato
há setores com carência de pessoal ou naqueles em que não faltam funcionários há pessoas atuando em uma função para a qual não têm qualificação	funcionários	pessoas	trabalhadores	funcionários	agentes	atuações	colaboradores	membros	equipe	auxiliares	assistentes
ontem antunes disse que a quantidade de contratos sob gerenciamento de um mesmo departamento como o caso do dsa pode ser revista	revista	revisar	analisar	verificar	consultar	reavaliar	reconsiderar	reformular	reformular	reajustar	atualizar
o começo deste verão é o mais abrasador dos últimos 11 anos no rio grande do sul	abrasador	quente	caloroso	intenso	quente demais	extremamente quente	radiante	escaldante	incandescente	sufocante	fervido
as médias de temperatura máxima oscilam entre 28° c e 34° c nas diferentes regiões do estado chegando a alcançar três graus acima dos padrões históricos	oscilam	fluem	variam	alternam	mudam	escalam	movimentam	mudam de	alcançam	atingem
a inconsistência climática abre espaço para conjecturas sobre o papel do aquecimento global na atmosfera gaúcha	conjecturas	hipóteses	teorias	sugestões	ideias	especulações	posturas	proposições	interpretações	deduções	conclusões
a mudança progressiva pode influenciar indiretamente uma maior incidência de fenômenos como ondas de calor tempestades e secas	progressiva	mudança	avanzada	evolutiva	adquirida	em andamento	avançando	crescente	alteração	progressão	desenvolvida
os recursos tecnológicos devem ser revezados com leituras na viagem	revezados	trocados	alterados	substituídos	mudados	transferidos	trocadas	repostos	cambiati	mudados	invertidos
o próprio carro de simões tem o aparelho	aparelho	equipamento	utilitário	instrumento	aparato	device	gadget	fator	motor	sistema	hardware
até mesmo os dvds portáteis ou os consoles de mão como o nintendo ds e o playstation portable podem deixar as viagens menos maçantes para as crianças	maçantes	cansativas	tediosas	entediantes	monótonas	desanimadoras	previsíveis	sem graça	instigante	chata	cansativa	preguiçosa
o nevoeiro não se restringiu à capital	restringiu	limitou	enquadrou	afetou	incluiu	cobriu	se espalhou	se expandiu	se estendeu	se concentrou	se fixou
quem trocou de sigla antes da data porém foi poupado	sigla	abreviação	apelido	nomeação	código	identificação	título	designativo	sigla abreviada	símbolo	nomenclatura	abreviação oficial
apenas um dos parlamentares a deputada jusmari de oliveira que deixou o dem e ingressou no pr trocou de legenda após 27 de março	legenda	partido	grupo	coligação	aliança	setor	coletivo	associação	emissário	filiação	representação
amanhã pela manhã eles se encontrarão com o prefeito josé fogaça que prometeu apoio para a realização de obras de infraestrutura na área em que a arena será erguida	erguida	construída	erguida	construída	levantada	criada	edificada	realizada	desenvolvida	iniciada	estabelecida
o objetivo é constatar as condições das edificações e a higiene e segurança dos alunos para envio de laudo técnico aos órgãos oficiais recomendando providências se necessárias	constatar	verificar	analisar	avaliar	inspecionar	examinar	auditar	evaluar	identificar	provar	diagnosticar
desde o dia 24 de outubro a escola foi interditada pelo corpo de bombeiros e pela defesa civil	interditada	fechada	encerrada	proibida	desativada	suspendida	rejeitada	cancelada	descontinuada	impedida	temporariamente fechada
a órbita do planeta ficará alinhada com a da terra e a do sol mas não causará diminuição de luminosidade pois mercúrio tem apenas 38 do diâmetro terrestre	luminosidade	brilho	luz	radiância	claridade	iluminação	radiante	reflexo	fenómeno	intensidade	beleza
a prefeitura espera a resolução de problemas burocráticos para que o material para a reconstrução do monumento histórico chegue da europa	resolução	solução	resposta	corrigir	afinar	resolver	eliminar	retirar	regular	alcançar	sanar
chávez citou um artigo da constituição venezuelana que assegura o controle estatal da atividade petrolífera mas não da extração de gás e acrescentou que ele deveria ser modificado para incluir todos os hidrocarbonetos sólidos líquidos ou gasosos	assegura	garante	garante	protege	promete	garantirá	obriga	autoriza	permite	concede	especifica
duas famílias limitouse a dizer sussurrando para as monjas do outro lado da parede	sussurrando	conversando	falando	gritando	dizendo	resmungando	adivinhando	escrevendo	lelando	compreendendo	entender	
gaúcha de porto alegre tereza pinheiro 63 anos vende há 10 anos suvenires de frei galvão na porta do mosteiro	suvenires	souvenir	lembrança	souvenir	objeto	item	réplique	troféu	peça	relicário	peça de lembrança
de olhos vendados três integrantes tiveram de percorrer em pedalinhos individuais um trecho do lago sob a orientação do apresentador e da matriarca da família	matriarca	família	progenitora	chefe	líder	chefe da família	gerente	responsável	figura materna	dona	mãe
o bolo tinha os ingredientes que compõem a dieta dos animais para deixar claro que o cardápio animal não se compõe de guloseimas apetitosas para os humanos como doces pipocas e outros quitutes	apetitosas	apetitoso	deliciosas	agradáveis	desejáveis	intrigantes	atraentes	encantadores	sugestivas	interessantes	altamente desejáveis
o bolo tinha os ingredientes que compõem a dieta dos animais para deixar claro que o cardápio animal não se compõe de guloseimas apetitosas para os humanos como doces pipocas e outros quitutes	quitutes	doces	guloseimas	bombons	confeitaria	doçuras	pratos	sobremesas	deliciezas	receitas	postres
alimentos inapropriados jogados em jaulas provocam problemas gastrointestinais e adoecem os bichos	gastrointestinais	intestinais	gastrointestuais	digestivos	intestinos	perigosos	irritantes	causadores	doenças	problemas	doentes
os dez dias entre o anonovo e o yom kipur são de arrependimento e reflexão	reflexão	meditação	pensamento	consideração	reavaliação	reflexão	análise	ponderar	refletindo	meditar	examining
outros cinco continuavam desaparecidos	desaparecidos	desaparecidos	ausentes	perdidos	perdidos	faltos	vanidosos	faltantes	eliminados
o delegado seguiu entendimento de tribunais de justiça como o de são paulo de que a pichação deve ser enquadrada como dano ao patrimônio público previsto no código penal veja box	enquadrada	classificada	incluída	categorizada	registrada	condenada	considerada	aprovada	regrada	integrada	atribuída
puniram com um rigor que não se vê em outros casos acredita	rigor	severidade	punir	sanção	reprimenda	disciplina	exigência	restrição	correção	obrigatoriedade	força
a providência chegou um pouco tarde e a cidade continuou em ritmo letárgico por todo o dia	letárgico	lentidão	lento	tranquilo	sedento	ausente de energia	desanimado	frágil	calmo	lento	inativo
por trás da mortandade de jovens no trânsito como as seis vítimas registradas no estado ao longo do final de semana há um desafio para as campanhas de conscientização	mortandade	morte	acidentes	fatalities	perigos	incidents	letalidade	situação	conflito	risco	danos
uma pesquisa feita pelo ibope mês passado revela que nessa faixa etária os condutores reconhecem ser imprudentes	etária	idade	Idade	geração	faixa de idade	grupo etário	etapa da vida	período de vida
estratégias envolvem todos os escalões do governo	escalões	escalas	níveis	grades	fases	setores	etapas	porções	direitos	funções	áreas	postos
a casa branca teria dado instruções à delegação americana em bali para evitar que o país seja responsabilizado pelo fracasso das negociações	delegação	delegacia	equipe	grupo	comissão	representante	delegados	conselheiros	emissário	troca	participação
as estratégias já começaram a envolver os altos escalões dos governos	escalões	níveis	frentes	porções	escalas	grades	postos	paredes	degraus	lados	postos
o expresidente chileno ricardo lagos circula nos corredores da conferência como emissário do secretáriogeral da onu ban kimoon tentando viabilizar um acordo	emissário	representante	delegado	emissora	agente	intermediario	auxiliar	delegado	emissor	embaixador	proxy
ao final da noite o secretário da conferência yvo de boer dando mostras de cansaço afirmou que nenhum país quer sair de bali com a marca indelével de ser o vilão da conferência	indelével	indestrutível	impossível	irreversível	incontestavel	permanente	essencial	marcante	singular	único	destacado
a principal iniciativa restringe o acesso da população aos debates parlamentares	restringe	limita	proíbe	obriga	regula	determina	descarta	provoca	previne	interdita	proíbe
o público comum ficará restrito à galeria superior com capacidade para 160 pessoas	restrito	limitado	encerrado	exclusivo	desejável	disponível	específico	alcançado	restringido	proibido	condicionado
para o líder da bancada do pt raul pont a decisão da mesa é precipitada	precipitada	precipitante	rash	abrupta	brusca	imprudente	arriscada	irresponsável	desacertada	prematura	intempestiva
só espero que essa decisão de restrição parcial ao plenário seja provisória defendeu o líder da bancada do pc do b raul carrion	restrição	limitação	restrição parcial	proibição	medida	interdição	bloqueio	restringimento	proíbe	provisória	condicionamento
a atitude dos professores também foi rechaçada do outro lado da praça da matriz	rechaçada	rejeitada	desaprovada	recusada	negada	reprovada	afastada	repudiada	retratada	recriminada	recriminada
um acidente insólito matou o gaúcho augusto machado da câmara lima 26 anos quando ele desfrutava do feriadão nas praias catarinenses	insólito	extraordinário	singular	incomum	bizarro	surreal	estranho	peculiar	curioso	maravilhoso	incrível
o país que fermentou a crise ainda é o maior comprador de produtos gaúchos veja quadro embora alguns segmentos tenham aprendido a reduzir a dependência	fermentou	iniciou	desencadeou	agregou	causou	intensificou	promoveu	expôs	impulsionou	aumentau	estimulou
a transferência da feira infantil e juvenil para o cais do porto a instalação da área internacional na avenida sepúlveda entre a siqueira campos e a mauá e o local para autógrafos no largo entre o margs e o memorial não no centro da praça como em anos anteriores	transferência	mudança	movimento	deslocação	translado	transferência	reorganização	alteração	sinalização	movimentação	mudança de local
o zoneamento representa o primeiro passo na formatação de uma política florestal no rio grande do sul	formatação	estrutura	organização	configuração	disposição	layout	organização	planificação	desenho	preparação	planejamento
o zoneamento mostrará que procedimentos devem ser tomados em cada área explica	procedimentos	tarefas	ações	medidas	rotinas	ação	instruções	concessões	recomendações	procedimentos
tinha cerca de um metro e meio de altura a pedra que levou o presidente luiz inácio lula da silva ontem a um terreno terraplenado às margens da br285 em passo fundo	terraplenado	terraformado	nivelado	compactado	revestido	preparado	nivelado	aterrado	retificado	revestida	consolidado
para tornar a visita mais atraente para fotógrafos e cinegrafistas lula e o governador germano rigotto usando capacetes foram convidados a colocar pás de concreto da primeira fundação da indústria	fundação	inicio	base	lugar	ponto	estrutura	local	sede	fundamento	começo	portal
simpatizantes foram arregimentados	arregimentados	organizados	reunidos	agrupados	reunidos	congregados	juntados	convocados	reunidos	integrados	congregados
o presidente foi recebido por uma platéia arregimentada por pt pc do b e psb partidos da base do governo	arregimentada	formada	aglomerada	encomendada	organizada	compreendida	unificada	coletiva	concentrada	unida	congregada
a líder comunitária neli vidal birk 50 anos organizou um grupo de 36 pessoas beneficiadas pelo programa fome zero	beneficiadas	beneficiários	pessoas	sujeitos	participantes	alunos	funcionários	membros	destinatários	envolvidos	afectados
o pequeno príncipe original era melancólico com pontos de alegria	melancólico	triste	deprimido	abatido	desanimado	tristemente	delicado	sombrio	penoso	deprimido	melancólico
o sol se põe no mar à esquerda ensombrecendo as montanhas do norte de israel à direita	ensombrecendo	enfraquecendo	obscurecendo	nubilando	afundando	se tornando escuro	iluminando	cobrir	ocultando	marcando	preenchendo
a iniciativa nasceu na frança em 1998 em virtude da preocupação com a degradação do ambiente na área urbana	degradação	deterioração	deterioramento	poluição	degradação ambiental	deterioração urbana	degradação ambiental urbana
no brasil a primeira adesão ocorreu em 2001 com 11 cidades	adesão	admissão	ingresso	entrada	incorporação	aderir	acolhimento	integração	participação	afiliação	conexão
durante uma patrulha de rotina os soldados vilson soares urias e luis felipe milbrandt dutra identificaram um carro polo aberto e abandonado dentro do parque	patrulha	rota	patrulhamento	exame	inspecção	vigilância	monitoramento	fiscalização	avaliação	verificação	denúncia
sem perceber o enxame apearam de seus cavalos para checar o veículo	apearam	apariram	avistaram	viram	notaram	observaram	
denin foi amarrado numa árvore próxima à da colméia e em menos de um minuto estava coberto por abelhas de uma espécie miscigenada	miscigenada	misturada	combinada	compreendida	unificada	mesclada	encontrando	misturando	interligada	juntada	coagulada
segundo nosso técnico os eqüinos ficaram na linha de vôo das abelhas de entrada e saída da colméia	eqüinos	equinos	cavalos	gado	animais	
segundo a campanha porém os reis magos são os legítimos representantes da magia do natal e não faltam críticas ao velho barrigudo	legítimos	legiternos	reais	verdadeiros	justificados	autorizados	oficiales	válidos	permitidos	relevantes	certos
o homem bonachão dizem seus opositores segue o odor do dinheiro e explora seus duendes e os submete a situações de trabalho subumanas	subumanas	subhumanos	desumanos	injustos	abuso	violentas	cruéis	trabalho degradante	condições precárias	situações injustas	humilhuang
ao todo 140 mil itens foram inutilizados entre as 9h15 min e as 11h na travessa do carmo no pátio do depósito da smic	itens	objetos	elementos	produtos	itens	quantidades	dados	componentes	artigo	facetas	substantivos	corpo
a b2w será capaz de competir com as principais empresas de varejo brasileiras em um mercado estimado em r 200 bilhões assinala o comunicado conjunto divulgado ontem pelas duas companhias	estimado	aprox	estimativa	valor	previsão	pense	projeção	concreto	avaliação	compreensão	consideração	alguma
uma eventual resolução no conselho de segurança impondo sanções ao irã esbarra na oposição da rússia e da china dois membros permanentes do órgão e com direito a veto	sanções	restrições	penalidades	punições	multas	penalidades	censura	imposições	medidas	restrições	represália
ontem depois de participar de um encontro de governadores em fortaleza o ministro da fazenda guido mantega disse que até o início do próximo semestre o projeto de reforma tributária será encaminhado ao congresso nacional	encaminhado	enviado	transmitido	submetido	proposto	entregue	aprovado	concedido	depositado	passado	transferido
eles reclamavam que não tinham a oportunidade de vir para o sul fazer o mesmo trabalho que já realizavam nas próprias cidades argumenta nunes	argumenta	argumentação	defende	discute	afirma	denota	explica	justifica	exponha	reforça	contesta
neste ano ocorrerão quatro ações simultâneas	simultâneas	acontecendo	realizando	ocorrendo	em andamento	em paralelo	em conjunto	simultânea	coincidente	contemporaneamente	enquanto
uma decisão da justiça federal do distrito federal devolveu as mordomias ao expresidente suspensas até o primeiro semestre deste ano por uma liminar	mordomias	possessions	propriedades	terras	bens	imóveis	casas	locais	espaços	
collor havia perdido os direitos a essas mordomias em razão de uma ação popular impetrada na justiça de brasília em 1993 sete meses depois do processo de impeachment que resultou na cassação dos direitos políticos do expresidente por oito anos	mordomias	propriedades	terrenos	casas	locação	residências	domínios	aluguel	possui	concessões	benefícios
o advogado de collor fernando neves da silva disse que o expresidente requereu que funcionários veículos e motoristas custeados com dotações da presidência sejam colocados a sua disposição	requereu	solicitou	pediu	exigiu	requeriu	ordenou	comanda	insistiu	propondo	demanda	desejou
a ação foi impetrada pelo exdeputado federal gaúcho waldomiro fioravante pt	impetrada	iniciada	proposta	demandada	formulada	requerida	enviada	realizada	impulsionada	solicitada	sugerida
meirelles pede prudência e mantega vê só uma correção	correção	mudança	ajustamento	revisão	corrigindo	correção	melhoria	solucionar	melhorar	alinhamento	adaptação
é uma turbulência	turbulência	movimento	agitacao	turbilhão	choque	vibração	desordem	confusão	distúrbio	intempéries	ondas	perturbações
é normal que o mercado tenha correções reagiu	correções	reajustes	mudanças	alterações	correções	variáveis	adaptações	ajuste	modificações	melhorias	transformações
desconhecemos essa orientação acredito que houve um malentendido disse ontem o vicepresidente executivo do sindicom alísio vaz	malentendido	erro	confusão	interpretação	discord	dificuldade	mistério	desacordo	diferença	incompreensão	abertura	falha
rapidamente controlado pela brigada militar o conflito envolvendo quatro apenados tornouse mais um na lista de incidentes do local construído em 1977	apenados	detentos	criminosos	suspeitos	agressores	pessoas acusadas	condenados	desaparecidos	presos	indivíduos	criminosos condenados
entre as 69 propostas de mudanças na constituição chávez vai da reeleição sem limites ao fim da autonomia do banco central do direito a expropriar propriedades privadas à subordinação de governantes a militares nomeados por ele	subordinação	submissão	obediencia	controle	influência	governança	responsabilidade	dependência	relacionamento	subordination	autorização
liberadas pelo tribunal britânico que analisa o caso as fotos mostram a princesa dentro do mercedesbenz em que morreu momentos antes da colisão no túnel dalma em paris	colisão	colisão	acidente	impacto	choque	confronto	tumba	entrada	entrar	derrotar	batida
nos últimos dias a notificação de casos de psitacose doença provocada por vírus transmitido pelas caturritas colocou as autoridades em alerta no estado	notificação	avisos	informações	comunicados	alertas	denúncias	aviso	relatório	mensagem	notificações	publicações
e basta uma pequena assimetria entre eles para que o sistema automático se desarme e o avião volte para o modo manual	assimetria	desequilíbrio	diferença	distância	imparidade	desvio	variabilidade	discrepância	incoerência	inconformidade	ausência
fundado em 1977 o parque na rs020 em gravataí é a concretização de um sonho do empresário lauro febernati morto em 2005 que quando criança planejava um dia morar na áfrica	concretização	realização	concretização	materialização	fruto	resultado	objetivo	projeto	avaliação	desenvolvimento	implementação
no entanto há restrições	restrições	limitações	restrições	obrigações	proibições	requisitos	regras	condições	parâmetros	exigências	premissas
diante do fracasso de projetos como o da elétrica jacuí eleja envolvida no escândalo das usinas que redundou até em prisões as dúvidas sobre o potencial da geração térmica a carvão no estado persistem	persistem	persistam	continuam	permanecer	se prolongam	seguem	mantêm	resistem	sobrevive	dão continuidade	prolongam-se
os nascimentos de bebês despencaram a partir da década de 70 imobilizando a taxa de fecundidade no velho continente hoje em 152 filho por família	despencaram	descreceram	reduziram	caiu	minucou	perdeu	dispararam	embaixaram	diminuiu	se reduziu	aumentou
governos se afligem com o silêncio nos berçários	afligem	afligir	angustiar	perturbar	doenças	tristecer	assustar	preocupar	incomodá-los	fazer sofrer	tormentar
somadas as indústrias do rio grande do sul teriam capacidade para atender a quase metade do abastecimento nacional previsto para 2008 de 840 milhões de litros	abastecimento	abastecer	alimentação	fornecimento	suprimento	contingência	carga	serviço	recursos	oferta	quantidade
considerada um dos grandes testes para a adoção do biodiesel no brasil a transformação de capacidade instalada em produção efetiva deve ditar a rapidez da evolução da mistura dos 2 iniciais para uma proporção maior	efetiva	real	funcional	operacional	viável	possível	eficaz	consistente	produtiva	aprovada	completa
esse acréscimo já tem a chancela da associação nacional dos fabricantes de veículos automotores	chancela	assinatura	selo	marca	certificado	seal	autorização	aviso	garantia	regulamentação	conhecimento	validação
a medida está em análise porque existe capacidade para 25 bilhões de litros três vezes mais do que o necessário para atender ao abastecimento da nova mistura do combustível chamado de b2	abastecimento	abastecer	preenchimento	alimentação	recarga	fornecimento	suprimento	distribuição	encher	serviço	carregamento
ontem ainda havia controvérsias sobre o tipo de exigência que seria feita no varejo	controvérsias	discussões	disputas	conflitos	discordos	questionamentos	divergências	polêmicas	controversas	desentendimentos	pontos de discordância
quem não conseguir esgotar o armazenamento de diesel puro não pode misturar com o b2 porque o produto ficaria fora de especificação	armazenamento	estoque	reservatório	depósito	armazenamento	acúmulo	local	heap	base	espaço	
aos poucos no entanto a determinação foi sendo flexibilizada no diaadia o que ocasionou o agravamento da situação	determinação	compromisso	intenção	objetivo	proposta	motivação	planejamento	determinante	contexto	direcionamento	orientação
alarmado o diretor do fórum e juiz da 3ª vara criminal de passo fundo giuliano viero giuliato ordenou há cerca de duas semanas que presos com condenação definitiva sejam levados para outras instituições penais do estado	alarmado	perturbado	apreensivo	preocupado	angustiado	aflito	inquieto	perturbado	assustado	agitado	nervoso
580 quando o número de presos no local atingir esses três dígitos será totalmente proibido o ingresso de novos apenados	apenados	presos	criminosos	detentos	reclusos	condenados	incarcerados	afastados	detidos	imprisões	sentenciados
havia um fiat doblò estacionado em frente a uma panificadora	panificadora	panela	confeitaria	padaria	bakery	pastelaria	
ele afirmou ainda que o carro trafegava dentro da velocidade máxima permitida 60 km h	trafegava	trafegou	correu	conduzia	percorreu	circular	andou	deslocou	movimentou	correr	passou
testemunhas contrariam esta versão	contrariam	rejeitar	discordar	negar	contestar	opinião	contradizer	afirmar	refutar	denunciar	contrapor
eliane beatriz guth que trabalha na panificadora disse que não havia nenhum veículo estacionado em frente ao estabelecimento	panificadora	loja	pastelaria	confeitaria	padaria	forno	padeteria	lanchonete	cafeteria	restaurante	estabelecimento
mas sim o embrião de um movimento de perpetuação no poder que ameaça se alastrar pela américa latina	alastrar	se propagar	expansar	avançar	expandir	proliferar	difundir	deslocar	ampliar	aumentar	generalizar
há quem continue inabalável na defesa do presidente	inabalável	inquebrável	imutável	firme	determinado	incondicional	irresistível	persistente	constante	inflexível	unwavering
a novidade é a crescente parcela da população que tem questionado se vale a pena dar mais esse crédito ao tenentecoronel um rebelde cujo golpe fracassado em 1992 lhe rendeu dois anos de cadeia e notoriedade suficiente para vencer três eleições presidenciais	fracassado	falha	sucedido	realizado	fruto	comprovado	sucesso	eficaz	concluído	cerrado	finalizado
a maioria dos descontentes são antigos adesistas mas que agora não compram mais no escuro a versão de chávez de que os problemas nacionais da falta de comida à insegurança decorrem de um boicote de empresários e da elite local a oligarquia sempre demonizada por chávez	decorrem	originam	derem	causam	se originam	surgem	são causados	derivam	ocorrem	desencadeiam	provocaram
no dia seguinte chávez reuniu uma multidão ainda maior e em um discurso inflamado ameaçou a oposição a imprensa estrangeira a colômbia os estados unidos a espanha e os bancos espanhóis sediados no país	inflamado	enfurecido	agitado	arroxado	irritado	perturbador	excitado	desesperado	emocionado	incandescente	passional
entre as 69 propostas de mudanças na constituição chávez vai da reeleição sem limites ao fim da autonomia do banco central do direito a expropriar propriedades privadas à subordinação de governantes a militares nomeados por ele	expropriar	apropriar	tomar	arrecadar	adquirir	sequestrar	confiscar	
há também medidas populares como a redução da jornada de trabalho para 36 horas semanais e uma ampliação da cobertura previdenciária	ampliação	ampliando	expandir	aumentar	encontrar	fortalecer	reforçar	incrementar	expandir	aprofundar	ampliar
o referendo ocorre em meio a uma grande descrença da população da venezuela nas instituições e nos partidos políticos	descrença	desconfiança	dúvida	incerteza	nostalgia	aversão	rejeição	desacreditamento	desilusão	pessimismo	desconfiança
chávez quer expandir sua revolução bolivariana que hoje já tem como adeptos o equador e a bolívia esta última mergulhada em uma crise semelhante à venezuelana	expandir	aumentar	prolongar	ampliar	encontrar	expandir	fortalecer	desenvolver	aprofundar	incrementar	profundizar
em uma das fotos mostradas no julgamento diana está no banco traseiro do veículo e olha para trás aparentemente para ver se o motorista havia despistado os paparazzi	aparentemente	olhando	observando	evidenciando	indicando	apontando	sugerindo	demonstrando	percebendo	sinalizando	compreendendo
em uma das fotos mostradas no julgamento diana está no banco traseiro do veículo e olha para trás aparentemente para ver se o motorista havia despistado os paparazzi	despistado	desviou	olhou	avistou	notou	encontrou	percebeu	observou	identificou	se deparou	apercebeu
duas investigações anteriores uma da polícia francesa e outra da britânica atribuíram o acidente ao fato de o motorista henri paul estar alcoolizado e dirigindo em alta velocidade	alcoolizado	alcootado	bebedo	intoxicado	sob efeito de álcool	embriagado	
não são de ontem esses problemas temos de monitorar constantemente observa gilmara	constantemente	observando	periodicamente	regularmente	sempre	frequentemente	com frequência	continuamente	a todo momento	de forma constante	em tempo recorrente
proprietária quer se desfazer dos bichos	proprietária	donos	donas	dona	dono	pessoa	administrador	guardião	proprietário	titular
no uruguai não é proibido comercializar nem comprar as aves	comercializar	vender	negociar	vender	comercializar	trocar	promover	expor	distribuir	colocar em circulação
uma expedição que começa na próxima sextafeira pretende romper pela primeira vez a crosta terrestre	expedição	viagem	trekagem	expedição	percurso	empresa	missão	coletiva	conjunto	grupo	avaliação
no trabalho será utilizado o mais sofisticado navio científico da atualidade	sofisticado	avançado	complexo	modernizado	reforçado	especializado	tecnologico	adulto	complicado	elevado	refinado
o sistema é protegido por um segundo tubo cheio de lama que envolve a perfuratriz reduzindo atritos e removendo os detritos	detritos	resíduos	impurezas	sujeira	material	residuo	areia	pelos	fios	gelo	pedras
assim a semana mais turbulenta do ano fechou em recuperação para os investidores	turbulenta	agitada	confusa	agitada	complexa	tumultuosa	desorganizada	instável	caótica	movimentada	complicada
preocupados com a repercussão da crise itaú bradesco e unibanco divulgaram nota afirmando que não trabalham com esse segmento de crédito norteamericano	segmento	seção	grupo	categoria	area	fator	parte	tipo	linha	campo	divisão
instituições financeiras nacionais notaram que há precaução dos investidores contra possíveis surpresas no final de semana	precaução	cuidado	vigilância	preocupação	medidas	proteção	proteger	risco	amenazas	atenção	prevenção
essa decisão não altera a taxa básica de juro de curto prazo que tem impacto mais direto sobre os juros que as instituições financeiras cobram de seus clientes	impacto	efeito	consequência	resultado	influência	alteração	dano	impulso	afirmação	sinalização	repercussão
passou a não se preocupar apenas em frear a inflação mas também em manter o ritmo de crescimento econômico	frear	controlar	restringir	limitar	estabelecer	regular	impedir	manter	proteger	monitorar	reduzir
as condições dos mercados financeiros pioraram e as condições mais restritas do crédito e a maior incerteza poderiam impedir a continuidade do crescimento econômico informou o comunicado do comitê de mercado aberto	restritas	restritivas	limitadas	dificuldades	complicadas	dificultadas	condicionadas	controladas	reguladoras	obrigatórias	exigidas
percurso previsto vai do bairro barreiros em são josé à ufsc	percurso	rota	trajeto	caminho	via	percurso	margem	conduta	itinerario	localização	diretório	estrada
o edital de licitação do metrô de superfície a ser aberto sextafeira é integrado pelo projeto da obra o estudo de viabilidade econômica e avaliações de impacto ambiental	integrado	integração	unificado	compreendido	combinado	colaborativo	conectado	interligado	incluído	associado	unido
em 13 anos esse número pode chegar a 230 mil e tornará a circulação na cidade inviável acredita o presidente do conselho regional de engenharia e arquitetura em santa catarina raul zucatto	inviável	incompatível	impossível	desaconselhável	insustentável	dificil	complexo	problemático	difícil	inesperável	fora de controle
sem iniciativas conjuntas porém garante ser impossível que o metrô de superfície solucione o problema	solucione	resolver	corrigir	eliminar	superar	solucionar	afastar	eliminar	prevenir	tratar	ameliorar
em alguns casos as pastorais e dioceses coordenam o rodízio das imagens enquanto em outros as comunidades se organizam	coordenam	organizam	gerem	administram	gerenciam	supervisionam	controlam	direcionam	conduzem	administram	gestam
em alguns casos as pastorais e dioceses coordenam o rodízio das imagens enquanto em outros as comunidades se organizam	rodízio	rota	ciclo	turnos	percurso	andar	circulação	rotatividade	circunstância	movimento	alternância
a devoção também encontra adeptos nos centros urbanos	adeptos	adoradores	seguidores	devotos	assistentes	assistenciais	pessoas que seguem	fanáticos	companheiros	defensores	apoiadores	fieles
foi um padre de casca que introduziu o rodízio da santinha para aumentar a fé e fazer com que nós conhecêssemos e freqüentássemos mais as casas dos outros lembra a agricultora que mora na localidade de montes cárpatos	rodízio	rotatividade	rotacionamento	percurso	circuito	ciclo	trajeto
aos poucos recupera a forma depois de mais de um mês e meio fora do futebol por causa de contusão muscular na coxa direita	contusão	lesão	sutura	inflamação	trauma	concussão	inchaço	dor	irritação	aflição	ferida
isso porque a boeing utiliza um conceito que torna a operação de um avião mais simples e menos propícia a erros do piloto ou a mau funcionamento da aeronave	propícia	propensa	suscetível	vulnerável	perigosa	reais	fácil	sensible	aumentada	favorável	mais fácil
mas criouse um paradoxo	paradoxo	contradição	problemática	conflitto	discrepância	incompatibilidade	equilíbrio	diferença	situação	disputa	dificuldade
o melhor exemplo são os manetes de controle dos motores e de acionamento do reverso o dispositivo que inverte o fluxo de ar nas turbinas e ajuda o avião a parar	dispositivo	dispositivo	aparelho	mecanismo	ferramenta	equipamento	instrumento	gadget	objeto	aparelho elétrico	contrapart
segundo gravações da caixapreta do a320 da tam um dos manetes correspondente ao motor direito que estava com o reverso travado teria ficado na posição de aceleração	travado	travado	em movimento	ativo	funcionando	desligado	parado	inativo	desativado	bloqueio	engatado
inácio publicou em 2001 deca e zé perri livro em edição bilíngüe portuguêsfrancês no qual ele registra os relatos do pai sobre as andanças do escritor pela ilha de santa catarina	andanças	viagem	percurso	trajetória	cursa	deslocamento	passeio	expedição	rotação	rota	caminhada
em reunião da mesa diretora ontem senadores argumentaram que o ideal seria acabar com a verba indenizatória de r 15 mil mensais que todos os parlamentares recebem e equiparar os salários fixados atualmente em r 166 mil aos r 245 mil dos ministros do supremo tribunal federal stf que é o teto do funcionalismo público	parlamentares	deputados	representantes	vereadores	congressistas	senadores	deputados estaduais	membros do congresso
em reunião da mesa diretora ontem senadores argumentaram que o ideal seria acabar com a verba indenizatória de r 15 mil mensais que todos os parlamentares recebem e equiparar os salários fixados atualmente em r 166 mil aos r 245 mil dos ministros do supremo tribunal federal stf que é o teto do funcionalismo público	equiparar	equipar	regulamentar	alinhamentar	proporcionar	igualar	recompensar	reajustar	equilibrar	harmonizar	uniformizar
a verba indenizatória foi criada para custear despesas dos parlamentares com seus mandatos nos estados	custear	cobrir	pagar	arcar com	financiar	subsidiar	assumir	dispor de	suprimir	prover	auxiliar
a verba indenizatória foi criada para custear despesas dos parlamentares com seus mandatos nos estados	parlamentares	deputados	representantes	vereadores	eleitores	deputados federais	senadores	congressistas	legisladores	políticos	funcionários
para viana este é um passo importante para dar mais transparência ao legislativo	transparência	transparência	clareza	luz	objetividade	exposição	veracidade	revelação	abreviação	confiabilidade	integridade
a mesa também discutiu a possibilidade de criar uma sala reservada dentro do cafezinho do senado porque os parlamentares têm reclamado da falta de privacidade no seu tradicional ponto de encontro que agora está restrito aos senadores	restrito	restringido	encerrado	exclusivo	limitado	desobrigatório	proibido	privativo	reservado	cercado	segmentado
após vários adiamentos o julgamento do mérito da questão foi postergado novamente agora para fevereiro	postergado	postergado	adiado	repostado	transferido	prolongado	atrasado	deferido	estagnado	remandado	revivido
veste terno azul e gravata corderosa impecáveis mas chega com um andar desengonçado	impecáveis	impecável	excelente	perfeito	impecato	bonito	agradável	elegante	fino	bonito	arrumado
veste terno azul e gravata corderosa impecáveis mas chega com um andar desengonçado	desengonçado	desajeitado	inconveniente	errático	irregular	deformado	imperfecto	desorganizado	inapropriado	inadequado	não harmonioso
mas são celebridades como kerry que protagonizam as mais concorridas coletivas de imprensa	protagonizam	participam	conduzem	realizam	representam	desencadeiam	apresentam	dirigem	controlam	envolvem	lideram
quando havia o bar as bobagens eram sempre mais atrativas conta a mãe a dona de casa eliane gonçalves	bobagens	brincadeiras	divertidas	aventuras	trabalhos	brincadeiras	diversões	ações	interesses	projetos	atitudes
os brasileiros marcaram 370 pontos em matemática 14 a mais do que na sondagem de 2003	sondagem	pesquisa	questionário	enquete	avaliação	survey	coleta	pesquisas	análise	estudo	censo
o avanço em matemática teve como contrapartida um forte declínio no desempenho em leitura	declínio	perda	queda	diminuição	esvaziamento	redução	deslize	falha	baixa	descrescimento	retrocesso
isso serviu de estopim para a concorrência de preços	concorrência	competição	confronto	disputa	rivalidade	luta	batalha	confronto comercial	jogo competitivo	negociação	acolhimento
aos sete meses o macacoaranha não é o único que precisa de atenção redobrada durante o inverno	redobrada	aumentando	intensificada	aumentada	reforçada	forte	exagerada	intensificada	amplia	envolve
por volta das 16h30 min a calefação volta a ser ligada	calefação	calor	aquecimento	aquecedor	forno	resfriamento	ar condicionado	ventilador	convecção	radiador	termostato
o lar do pontífice em são paulo consiste de três salas contíguas no primeiro andar do mosteiro cada uma com uma janela dando para os jardins do claustro	contíguas	adjacentes	vizinhas	proximas	confinadas	alinhadas	seguidas	próximas	adjacentes	unidas	paralelas
a sala contém ainda uma poltrona com uma luminária de leitura ao lado escrivaninha uma cadeira e arcondicionado	escrivaninha	escritório	mesa	cadeira	escritório	ar condicionado	poltrona	luminária	cadeira	mesa	escritório
o toque de requinte a esses aposentos austeros é conferido por flores	requinte	elegância	beleza	estilo	ornamento	adornar	carinho	qualidade	apresentação	decorar	exuberância
o toque de requinte a esses aposentos austeros é conferido por flores	conferido	decorado	adornado	realizado	apresentado	designado	destacado	impresso	projetado	feito	embelezado
a menos de 24 horas da chegada de bento xvi militares fardados subiam e desciam escadas de mármore e agentes federais faziam as últimas revistas nos aposentos que abrigarão o visitante ilustre	ilustre	importante	notável	destacado	memorável	influente	contemporâneo	prominente	celebridário	significativo	especial
no momento crucial da história da varig os desentendimentos internos que se tornaram marca registrada da empresa viraram passado pelo menos por um momento	crucial	significativo	importante	essencial	crucial	decisivo	determinante	chave	fundamental	relevante	marcante
a expectativa é de que a nova companhia adote uma gestão moderna com folha de salários mais enxuta para vencer a crise em que se envolveu com dívidas beirando r 9 bilhões	gestão	administração	organização	condução	direção	comando	gestão	equipe	sistema	política	modus operandi
diversidade e clima descontraído foram as marcas do primeiro dia do 8º fórum internacional software livre fisl que prossegue até amanhã no centro de exposições da federação das indústrias do estado	diversidade	diversão	variedade	pluralidade	abundância	diversidades	mutação	heterogeneidade	multidão	amplo	pluralismo	conglomerado
diversidade e clima descontraído foram as marcas do primeiro dia do 8º fórum internacional software livre fisl que prossegue até amanhã no centro de exposições da federação das indústrias do estado	descontraído	leve	relaxado	calmo	descontraído	tranquilo	sereno	liberta	confortável	pacifico	bem-estar
mais de 200 palestras integram a programação muitas destinadas a usuários leigos em informática	leigos	usuários	pessoas	iniciantes	novatos	simples	não especialistas	inexperientes	avaliadores	participantes	audiência
além de encontrar o pessoal do software livre com quem a gente está sempre em contato vim para ver algumas palestras e me atualizar em novas tendências debatidas aqui	debatidas	discutidas	abordadas	conversas	abordadas	tratadas	discussão	reflexões	considerações	analisadas	propostas
o fórum retrata a diversidade da comunidade de software livre onde todos os grupos projetos e iniciativas têm espaço	diversidade	comunidade	variedade	pluralidade	conjunto	elenco	mosaico	gama	espectro	mix	repertório	abrangência
acessório símbolo do aviador foi furtado há cerca de um ano	acessório	símbolo	item	objeto	acessório	ferramenta	gadget	equipamento	detalhe	elemento	complemento
calma freqüentador do parque da redenção o busto de santosdumont não foi furtado	busto	busto	estátua	escultura	monumento	figura	imagem	rosto	retrato	representação	obra-prima
calma freqüentador do parque da redenção o busto de santosdumont não foi furtado	furtado	sustraído	roubado	levado	sacado	deslocado	abduzido	removido	apropriado	enviado	retirado
funcionários da secretaria municipal do meio ambiente smam levaram cerca de uma hora para tirar a estátua de seu pedestal na manhã de ontem	pedestal	base	suporte	estrutura	pilar	alçado	elevador	lugar	local	postura	base
foram utilizados marreta martelo e talhadeira para levantar os quatro pinos que prendiam o busto à base de cimento	busto	busto	corpo	cabeça	torso	parte superior	figura	esqueleto	estrutura	base	corpo humano
seis parlamentares brasileiros irão ao evento	parlamentares	deputados	representantes	vereadores	senadores	deputados federais	deputados estaduais	
o deputado federal tarcísio zimmermann pt presidente no brasil da rede parlamentar mundial é um dos seis parlamentares brasileiros e único gaúcho com presença confirmada no evento	parlamentares	deputados	representantes	congressistas	senadores	deputados federais	membros do congresso	politicos	vereadores	pessoas	funcionarios
a capital vivencia um fenômeno contraditório	contraditório	contraditório	contrário	diferente	incompatível	discrepante	discordante	conflitivo	paradoxal	irreconciliável	inconsistente
os resultados são percebidos em redutos tradicionais da classe média como cidade baixa e menino deus	redutos	cidade	povo	grupo	comunidade	região	localidade	subgrupo	setor	escala	zona
sem espaço sob pontes e viadutos moradores de rua transformam calçadas em dormitórios e latrinas	latrinas	latrinas	banheiros	sanitários	WC	lavabos	WCs	cadeiras	dejetos	estacionamento
é por isso que em quase todo prédio de vias como josé do patrocínio lima e silva venâncio aires e getúlio vargas grades separam passeios de espaços condominiais criando uma estética antimendigo na cidade	vias	avenidas	rodovias	estradas	ruas	caminhos	passagens	corredor	logradouro	calçadas	margens
guelion da silva machado 22 anos há um ano e meio vivendo sob a ponte da ipiranga com a azenha compreende a indignação de quem acorda com fezes humanas na porta de casa	indignação	indignação	ofensa	irritação	frustração	revolta	indignidade	tristeza	raiva	desgosto	incômodo
segundo ele a segunda forma de escrita se trata de uma deformação popular que torna a sonoridade da palavra mais agradável e familiar	sonoridade	som	ruído	melodia	ar	tônica	frequência	voz	acento	canto	ritmo
a área de lazer está montada para não decepcionar as crianças	montada	preparada	construída	criada	realizada	feita	instalada	organizada	adaptada	disponibilizada	estruturada
júpiter e suas luas saturno e seus famosos anéis orion e sua constelação e até uma efêmera estrela cadente passaram em revista pelo olhar do grupo	efêmera	estelar	passageira	perene	transitoria	limitada	fraga	temporal	breve	curta	momentânea
algumas particularidades dessa última ocorrência porém fizeram com que a direção ficasse ainda mais pesarosa	particularidades	detalhes	características	peculiaridades	diferenças	elementos	atributos	especificidades	anomalias	distinções	singularidades
algumas particularidades dessa última ocorrência porém fizeram com que a direção ficasse ainda mais pesarosa	pesarosa	pesadíssima	triste	sombria	penosa	sombra	dura	difícil	complicada	dificil	grave	pretensiosa
emília quer acreditar que seus discursos tenham transmitido indignação aos alunos e o deles aos pais vizinhos à escola	indignação	indignação	ofensa	reprovação	descontentamento	frustração	irritação	incômodo	choque	tristeza	raiva
apesar do esforço da família em se manter unida a mudança para viamão deixou uma seqüela	seqüela	resultado	consequência	efeito	impacto	repercussão	sinal	trace	residuo	sequencia	persistência
em 2007 25 milhões foram infectadas	infectadas	infectadas	contaminadas	atingidas	afetadas	doentes	enfermizadas	lesionadas	expostas	prejudicadas
o número de mortes em decorrência da aids neste ano foi de 21 milhões	decorrência	resultado	causa	efeito	consequencia	impacto	afirmação	fonte	base	resultado das ações	consequência das ações
ainda estamos muito distantes do patamar que consideramos adequado do ponto de vista ético e do compromisso assumido na assembléia geral da onu em 2001 diz chequer exdiretor do programa nacional de dst e aids	patamar	nível	altura	limite	ponto	base	requisito	marco	referência	threshold	condição
os relatórios indicam aumento de 150 no número de infectados na europa oriental e na ásia central	infectados	doenças	doentes	casos	pessoas	afetadas	contagiados	infectados	suscetíveis	transmitidos	hospitalizados
o grupo rbs celebra hoje os seus primeiros 50 anos de existência com as mãos no trabalho os olhos no futuro e o coração tomado pela mesma paixão de comunicar que motivou maurício sirotsky sobrinho ao associarse à rádio gaúcha em 1957	motivou	motivou	impulsionou	instigou	incentivou	inspirou	energizou	conduziu	instigou	encorajou	incentivou
é para satisfazer plenamente ouvintes leitores telespectadores e usuários dos seus vários serviços que a rbs produz e entrega informação entretenimento e conteúdos diversos	entretenimento	informação	conteúdo	diversão	jornalismo	artigo	programação	produção	serviço	diversional	cultural	narrativa
é em respeito a esse público que a rbs aperfeiçoou ao longo dessas cinco décadas uma linha editorial centrada na verdade na independência na democracia na liberdade de expressão no pluralismo de opiniões no localismo e na responsabilidade social	aperfeiçoou	melhorou	adaptação	modificou	aprimorou	renovou	atualizou	desenvolveu	evoluiu	avaliou	refinements
é em respeito a esse público que a rbs aperfeiçoou ao longo dessas cinco décadas uma linha editorial centrada na verdade na independência na democracia na liberdade de expressão no pluralismo de opiniões no localismo e na responsabilidade social	localismo	local	regional	territorial	nacional	comunal	municipal	provincial	상세한
o diretor também acredita que o tema do desfile educação trabalho e dignidade já é propício a manifestações	propício	altamente favorável	perfeito	indicado	adequado	favorável	apropriado	certo	correto	sucedido	preparado
a informação foi dada na conferência da origem do universo aos grandes telescópios ministrada ontem por joão steiner astrofísico da usp durante a 52ª reunião anual da sociedade brasileira para o progresso da ciência	conferência	reunião	palestra	discussão	evento	apresentação	debate	encontro	aula	conferência	meet-up
essa pessoa não perceberia a terra que seria ofuscada pela luminosidade solar explicou steiner	luminosidade	luz	brilho	radiante	iluminação	sol	luminescência	refletir	encontrar	iluminar	radiância
adalberto veríssimo da ong imazon apresentou estudo segundo o qual as cidades em regiões amazônicas ocupadas de forma predatória duram por volta de 23 anos	predatória	descontrolada	desorganizada	imprevista	desregulada	inapropriada	impensada	ruidosa	abusiva	inadequada	prejudicada
depois disso entram em colapso total por falta de uma política de desenvolvimento sustentável	colapso	desmoronar	destruir	derreter	deteriorar	cair	falhar	abandonar	paralisar	romper	desaparecer
para os paleontólogos achar esse tipo de evidência equivale a acertar na loteria	evidência	indicação	prova	testemunho	informação	dados	coisa	fatos	constatação	contexto	sinal
é como se o dinossauro tivesse sido enterrado ontem disse alexander kellner geólogo do setor de paleovertebrados do museu nacional e coordenador da expedição que encontrou o fóssil na região da chapada do araripe ceará veja mapa	expedição	expedição	expedição científica	equipe	grupo	pesquisa	aventura	jornada	missão	trabalho	avaliação
a proposta já faz parte de outras declarações como a declaração de consenso de atlanta de 99 assinadas por menos cientistas e sem endosso da oms	endosso	assinatura	aprobacao	endorso	reconhecimento	avaliação	validação	aceitação	ratificaçao	conirmação	approvaçãop
mas zonas de intensa urbanização recente como o sul dos eua e o norte do méxico também foram incluídas no novo mapa da escassez	escassez	shortages	falta	ausência	desabastecimento	racionamento	escasez	crise	insuficiência	limitação	dano
a equipe liderada por yoshihiro kawaoka analisou amostras do h5 n1 o vírus influenza que em 1997 matou 6 das 18 pessoas infectadas em hong kong	infectadas	infectadas	contaminadas	afetadas	doentes	doente	atingidas	expostas	lesionadas	afetados	
cientistas do centro de estudos de saclay na frança parecem ter encontrado o primeiro indício de que a via láctea esteja cercada por um verdadeiro campo minado de buracos negros cerca de 1 milhão ao todo eles estimam	estimam	acredita	estima	considera	projetam	sugere	prejudica	conjectura	afirma	postula	pretende
a pesquisa que sai publicada hoje na revista britânica nature wwwnaturecom é a primeira a constatar que um buraco negro está orbitando o centro da via láctea fora do plano do disco galáctico	constatar	demonstrar	avaliar	comprovar	afirmar	reforçar	provar	observar	verificar	documentar	confirmar
um buraco negro é o resultado do colapso de uma estrela muito maciça	maciça	magra	gigante	extremamente pesada	enorme	grande	pesada	forte	densa	descomunal	impressionante
atualmente o único meio seguro de aferir sua presença é observar astros próximos que estejam sob influência de sua gravidade	aferir	verificar	confirmar	comprovar	detectar	provar	confirmar	verificar se	certificar	demonstrar	constatar
a riqueza de artefatos de várias origens ali depositados pelas sucessivas levas de ocupantes do território português	artefatos	objetos	relicios	tesouros	itens	possessions	artigos	obras	coisas	instrumentos	emblemas	elementos
o livro é o primeiro no país a descrever esse aspecto da arqueologia em geral associado negativamente com a caça a tesouros	associado	associado	ligado	relacionado	conectado	ligado a	vinculado a	próximo a	próximo ao	próximo de
agora ele informa que um deles está atravessando a vastidão da galáxia a uma velocidade exorbitante vindo direto para cá	exorbitante	exorbitante	alta	rápida	intensa	elevada	acelerada	veloz	marcante	impressionante	muito alta
apesar disso esse objeto viajando pelo espaço a 400 mil quilômetros por hora 12703 da velocidade da luz é um lembrete incômodo de que buracos negros não têm as trajetórias comportadas e previsíveis que todos gostariam que eles tivessem	previsíveis	previsões	planejadas	predeterminadas	previstas	definidas	calculadas	esperadas	determinadas	estabelecidas	conhecidas
em volta do buraco negro está orbitando uma estrela subgigante bastante comum	orbitando	rolando	circulando	girando	envolvendo	em torno	próximo a	ao redor	passando por	em proximidade	circundado
estimativas anteriores sugeriam que um evento desses ocorresse em média a cada 200 ou 300 anos	estimativas	previsões	projeções	análises	sugestões	especulações	afirmações	conjecturas	prognósticos	ipóteses	prováveis
as medidas de estresse eram o ritmo de batimento cardíaco e a pressão sanguínea	cardíaco	batido	cardiológico	sináptico	cardiac	pulmonar	sistêmico	arterial	vascular	cardio	doença
depois de ter sido acusada pela organização mundial da saúde de ter mais casos de pneumonia asiática do que relatava publicamente a china prometeu mais transparência na notificação de casos da doença	transparência	transparência	clareza	honestidade	divulgação	comunicação	abertura	revelação	informação	confiabilidade	integridade
depois de ter sido acusada pela organização mundial da saúde de ter mais casos de pneumonia asiática do que relatava publicamente a china prometeu mais transparência na notificação de casos da doença	notificação	relação	aviso	denúncia	informação	comunicado	relatório	despacho	denúncia	notificação	mensagem
o encontro do partido ocorreu um dia depois de a oms ter dito que pequim tem 200 casos de sars em vez dos 37 notificados	notificados	notificados	informatizados	reconhecidos	declarados	registrados	apresentados	anunciados	publicados	identificados	revelados
segundo informou a asi agência espacial italiana no fim da noite de ontem por telefone o impacto dos destroços teria ocorrido às 18h06 horário de brasília numa área remota do oceano	destroços	debris	fragmentos	pedaços	material	destroços	restos	partes	pedaços	detritos	
os resultados do trabalho que tem como autores pesquisadores franceses e argentinos e o astrofísico brasileiro irapuan rodrigues haviam sido noticiados pela folha em março antes de o estudo ser selecionado para publicação	selecionado	publicado	aprovado	selecionado	enviado	recebido	considerado	recolhido	escolhido	eleito	indicado
a idéia iniciada em 1976 era coletar e preservar criogenicamente em baixas temperaturas amostras celulares de animais ameaçados de extinção com a esperança de estudálos e quem sabe ressuscitálos quando a tecnologia assim o permitisse	amostras	células	speciarias	exemplares	coleções	dados	material	samples	material biológico	biomateriais	material de estudo
primeiro pede que a comissão técnica nacional de biossegurança ctnbio seja a única instância a regulamentar tanto a pesquisa como a comercialização de transgênicos no âmbito do mérito científico	regulamentar	controlar	fiscalizar	regular	supervisionar	supervisionar	regulamentar	proteger	fiscalizar	autorizar
os resultados fornecem novos lampejos sobre a estrutura da comunidade e revelam as estratégias que marcam a atividade microbiana nesse ambiente dizem	lampejos	sugestões	indícios	evidências	reflexões	pontos	informações	desvios	notícias	indicações	sinalizações
por enquanto as implicações estão mais ligadas à prevenção do mal de alzheimer do que a uma possível melhora do prognóstico dos pacientes afirmou mattson que participou da conferência apresentando os seus dados da pesquisa por telefone por estar gripado	implicações	consequências	efeitos	resultados	impactos	consequencias	fenômenos	relacionamentos	afirmações	contextos
colegas de mattson também revelaram novas evidências de que o consumo de vitaminas como suplemento alimentar e provenientes de vegetais seria capaz de prevenir o advento da doença e mesmo de que as estatinas hoje usadas para o combate ao colesterol na corrente sangüínea também poderiam evitar o aparecimento do mal de alzheimer	evidências	informações	dados	conclusões	provas	indícios	evidencias	experimentos	resultados	demonstrações	testemunhas	afirmações
colegas de mattson também revelaram novas evidências de que o consumo de vitaminas como suplemento alimentar e provenientes de vegetais seria capaz de prevenir o advento da doença e mesmo de que as estatinas hoje usadas para o combate ao colesterol na corrente sangüínea também poderiam evitar o aparecimento do mal de alzheimer	aparecimento	começo	inicio	desenvolvimento	manifestação	ocorrência	surto	emergência	aparição	levamento	desdobramento
num trabalho aprovado para publicação na revista científica pnas wwwpnasorg a equipe mostrou que o aparecimento da betaamilóide induz um acúmulo anormal de colesterol e ceramida	aparecimento	emergência	aparição	ocorrência	formação	descoberta	início	entrada	manifestação	aviso	começo
mas ninguém conseguira detectar flutuações até o cobe	flutuações	movimentos	variáveis	translações	alterações	mudanças	desvios	ciladas	oscilações	fluxo	variações	tendencias
a partir das flutuações é possível estimar a quantidade de matéria e energia existente no universo e a idade do cosmos entre outras descobertas importantes	estimar	prever	calcular	supor	determinar	avaliar	prová-la	estimar	medir	compreender	concluir
como a correnteza na planície é muito fraca há acúmulo no fundo do taquari	acúmulo	acumulação	depósito	aglomeração	concentração	acumulação de	montante	coleção	formação	formação de	agrupamento
estudos baseados em modelos de computador publicados nos dois principais periódicos científicos do planeta indicam que diagnóstico rápido quarentena de doentes e tratamento em massa com antivirais seriam capazes de impedir algo semelhante ao que aconteceu com a chamada gripe espanhola logo depois da primeira guerra mundial	diagnóstico	diagnostico	avaliação	exame	identificação	determinação	classificação	diagnóstico médico	análise	confirmação	prognóstico
estudos baseados em modelos de computador publicados nos dois principais periódicos científicos do planeta indicam que diagnóstico rápido quarentena de doentes e tratamento em massa com antivirais seriam capazes de impedir algo semelhante ao que aconteceu com a chamada gripe espanhola logo depois da primeira guerra mundial	antivirais	antibióticos	medicamentos	tratamentos	drogas	fármacos	substâncias	compreensões	alcalinos	antagonistas	combate
as vítimas se infectam por inalação ou ingestão do vírus nas fezes e nas secreções das aves cujo organismo foi invadido	infectam	infectar	contaminar	imparar	cometer	afetar	provocar	expor	traumatizar	atacar	lesionar
as novas câmeras instaladas para monitorar a subida do ônibus ao espaço revelaram que pedaços de espuma sólida relativamente grandes continuavam a se desprender do tanque externo do veículo	monitorar	observar	verificar	controlar	registrar	analisar	controlar	inspecionar	avaliar	medir	relatar
o discovery precisa de reparos antes de voltar para casa	reparos	reparações	manutenção	consertos	arreglos	mãos	correções	alterações	mudanças	serviços	reabilitação
graças ao novo sistema de inspeção da nave foi possível detectar o fenômeno no espaço	inspeção	inspecao	verificação	exame	avaliação	análise	monitoramento	fiscalização	auditoria	controle	revisão
a principal tarefa agendada será instalar uma plataforma de armazenamento do lado de fora da estação	armazenamento	armazenamento	armazena	armazenar	depósito	local	espaço	guarda	base	lugar	guardar
enquanto a nasa trabalha furiosamente para manter suas naves em operação a despeito dos problemas com a espuma os parceiros internacionais no projeto da construção da iss estão preocupados	parceiros	colaboradores	companheiros	alunos	associados	parcerias	convidados	amigos	colega	pessoas	entidades
as criaturas antes desconhecidas no brasil podem ajudar a elucidar o mecanismo bioquímico que leva à produção de luz em fungos	elucidar	desvendar	compreender	explicar	descrever	revelar	descobrir	identificar	analisar	interpretar	encontrar
além disso com um pouco mais de estudo poderiam servir como sensores vivos de poluição ou mesmo fontes de moléculas úteis para a biotecnologia	sensores	medidores	detectores	indicadores	instrumentos	probes	elementos	medições	sistemas	devices	equipamentos
segundo cassius vinicius stevani químico da usp que coordena os estudos é possível que o material recolhido abranja pelo menos dez espécies novas	abranja	inclua	abrange	compreende	contem	envolve	abriga	cobre	abrangente	consistentes	considera
com base em relatos de moradores e muita paciência na coleta a equipe chegou aos cogumelos em dois locais	relatos	histórias	informações	testemunhos	narrativas	experiências	dados	casos	situações	avaliações	descrições
a boa notícia é que pesquisadores argentinos acharam o mais antigo mamífero com traços modernos da américa do sul capaz de preencher uma lacuna de milhões de anos na história desses animais	lacuna	brecha	falta	espaço	abertura	voido	ausência	deserto	intervalo	estranho	anomalia
pouco abaixo dele nas camadas de rocha estão mariscos fósseis que se extinguiram no fim do cretáceo enquanto lhe faziam companhia moluscos típicos do paleoceno	mariscos	moluscos	animais marinhos	crustáceos	peixes	organismos marinhos	mariscoes	coelenterados	conchas	algumas espécies de animais marinhos
a linhagem dos marsupiais e placentários que são conhecidos pelo apelido comum de térios se distingue justamente pelas cavidades especiais dos molares que ajudam a triturar a comida com mais eficiência e estão presentes no espécime	triturar	triturar	triturá-los	processar	mastigar	fragmentar	picar	moer	quebrar	compreender
por décadas os cientistas tiveram de quebrar a cabeça para criar antídotos contra o veneno das cobras	antídotos	medicamentos	remedies	tratamentos	curativos	combate	alívio	diluentes	remedios	antivenenos	ferramentas	ações
ao vasculhar o sangue dos animais em busca das moléculas responsáveis pela resistência perales e seus colegas chegaram a duas substâncias conhecidas como dm43 e dm64	vasculhar	pesquisar	examinar	investigar	avaliar	buscar	explorar	analisar	consultar	identificar	revisar
um dos protótipos iniciais continha uma rede de 16 sensores de pressão por centímetros quadrado	sensores	detectores	medidores	dispositivos	indicadores	equipamentos	elementos	probes	rastreadores	medições	instrumentos
segundo eles a pele humana ainda é bem mais complexa do que as imitações desenvolvidas até agora	imitações	modelos	reproduções	representações	simulacões	esquemas	criações	versões	imitações	Replicas	falsos
um ser que invade corpos e domina a mente alheia forçando suas vítimas a fazer o que ele ordena não é mero personagem de ficção	alheia	alvo	vítima	sujeito	objeto	invasor	dominador	controle	influenciador	manipulador	controlador
um ser que invade corpos e domina a mente alheia forçando suas vítimas a fazer o que ele ordena não é mero personagem de ficção	mero	mergulho	simples	leve	básico	fragil	insignificante	essencial	delicado	fundamental	crucial
no futuro quando a produção de tecido hepático se tornar uma realidade o número de transplantes poderá ser minimizado disse à folha por email joe jackson um dos autores do estudo que sai hoje na revista nature	minimizado	reduzido	reduzida	diminuiu	limitado	controlado	reducido em número	reduzido em quantidade	aumentando a eficiência	melhorando o processo	minimizando o número.
a estimativa anterior da organização das nações unidas onu calculava em meio bilhão o número de indivíduos expostos atualmente ao problema	estimativa	previsão	projeção	algorítmica	pense	avaliação	aproximação	conjectura	hipótese	estimação	análise	comparação
a estimativa anterior da organização das nações unidas onu calculava em meio bilhão o número de indivíduos expostos atualmente ao problema	atualmente	exatamente	agora	em	ao	no momento	na época	nesse momento	afinal	porém	ainda
por severa escassez de água potável entendese segundo a onu o uso de mais de 40 das reservas do líquido disponíveis em uma região para consumo industrial doméstico e agrícola	escassez	falta	ausência	deficiência	scaridade	crise	esgotamento	precarização	insuficiência	racionalização	desabastecimento
o trabalho foi coordenado pelo geocientista charles vörösmarty da universidade de new hampshire nos estados unidos	coordenado	gerenciou	supervisionou	administrou	organizou	dirigiu	realizou	controlando	leitou	conduziu	mediou
os camundongos com essa alteração genética comeram até 54 mais que os camundongos normais	genética	hereditariedade	biológica	antropomórfica	modificada	alterada	desenvolvida	artificial	específica	independente	descrita
o fato de o ucp3 ser um gene humano facilita aplicações clínicas da pesquisa	clínicas	médicas	médicas	terapêuticas	científicas	laboratórias	de saúde	medicas	clínicas	técnicas	aplicáveis
um buraco negro é o resultado do colapso de uma estrela muito maciça	colapso	implodir	destruição	ruína	morrer	decompor	derreter	esvaziar	destruir	romper	surgimento
a equipe rastreou a trajetória do buraco negro usando novas observações e a análise de dados anteriores coletados por 43 anos	rastreou	encontrou	seguiu	acompanhou	investigou	monitorou	identificou	observou	estudou	acompanhou	pesquisou
a partir dessas observações eles calcularam a órbita do astro e constataram que se trata de um objeto que passa a maior parte do tempo no halo galáctico a região que circunda a via láctea	constataram	determinaram	concluíram	avaliaram	demonstrou	identificaram	identificaram	provou	comprovou	encontraram	observaram
seu grupo está atualmente concluindo um segundo estudo que deve nos próximos meses ser submetido a uma revista científica abordando não um mas cinco astros sendo um deles o mencionado na pesquisa publicada hoje	submetido	apresentado	publicado	enviado	submitted	aprova	examinado	abordado	tratado	considerado	analisado
um modelo testado em simulações muito detalhadas parece explicar como os planetas gigantes podem se formar mais rápido e mais vezes do que julgavam as teorias tradicionais	simulações	treinos	experimentos	teste	simulacões	protótipos	modelagem	modelos	análises	testes	demonstrações
a solução foi sugerir um modelo alternativo em que nos primórdios da formação de um sistema planetário instabilidades gravitacionais no disco de gás e poeira já induziriam o surgimento dos envelopes dos gigantes gasosos numa velocidade pelo menos dez vezes maior	primórdios	início	primeiros	fase inicial	epoca inicial	inicio	contexto inicial	tempo inicial	primeiro momento	primeira etapa	primeiras instancias
mesmo sem confirmar o relato histórico feito por um cronista árabe no ano de 996 de que navios vikings teriam afundado a caminho de atacar a cidade de silves os arqueólogos puderam encontrar um tesouro de outro tipo	cronista	escritor	historiador	narrator	autor	relatório	fonte	personagem	biografo	chronicleiro	chronicista	
segundo os arqueólogos durante a escavação foram encontrados inúmeros fragmentos principalmente cerâmicos que vão desde ânforas romanas até utensílios inteiros do século 16 passando pela cerâmica árabe	fragmentos	pedras	peças	partes	restes	estilhaços	pedaços	elementos	objetos	cópias	inúmeros
computando semelhanças e diferenças os cientistas estimaram que a domesticação deve ter ocorrido 15 mil anos atrás embora também possa ter acontecido antes há 40 mil anos	computando	estimando	calculando	mediando	projeção	analisando	avaliando	considerando	estimativa	prever	comparándo
sem falar no fornecimento da mais concreta evidência de que são realmente o resultado de supernovas explosões de estrelas muito maciças	maciças	magras	gigantescas	enormes	extremamente grandes	impressionantes	grandiosas	impensáveis	monumentales	colossal	massivas
ele teria sido chutado para fora de sua órbita regular em torno do centro galáctico após a explosão da supernova e a conversão em buraco negro	conversão	transformação	alteração	mudança	reconfiguração	criação	destruição	ruptura	convergência	transformando	modificação
os experimentos foram realizados na própria casa em um quarto ao qual moradores e bichos estavam acostumados	experimentos	experiências	testes	estudos	pesquisas	ensaios	investigações	observações	atividades	trabalhos	experiências de campo
o maldi feito pelo grupo do lip laboratório de instrumentação e partículas do instituto de física também financiado pela fapesp saiu bem mais em conta	financiado	financiado	apoiado	coberto	subvencionado	sustentado	investido	compartido	ajudado	finanzado pelo	apoiado pelo
o maldi pesa as moléculas bombardeando a amostra que se quer estudar com pulsos de laser	amostra	material	objeto	corpo	substância	specimeno	exemplo	parte	elemento	prova	teste
o bombardeamento da amostra é feito por partículas de califórnio um elemento radioativo em vez de laser	amostra	partícula	exemplo	série	grupo	objeto	material	elemento	corpo	prova	specimeno
não deve haver demora nem fraude no relato dos casos afirmou a agência citando o comitê cuja reunião foi liderada pelo presidente chinês hu jintao	liderada	ledigada	comandada	orientada	guida	controlada	acompanhada	dirigida	conduzida	moderada	presidida
segundo o último relatório da oms a pneumonia asiática já matou 170 pessoas e infectou 3461 nos cinco continentes	infectou	infectou	contaminou	atingiu	espalhou	transmitiu	contagia	se espalhou	afetou	impregna	propagação
os fragmentos do satélite italiano bepposax mergulharam na noite de ontem no oceano pacífico deixando aliviados os mais de 30 países inclusive o brasil que estavam sob risco de serem atingidos pelos destroços	fragmentos	pedaços	partes	restos	pedaços	
segundo informou a asi agência espacial italiana no fim da noite de ontem por telefone o impacto dos destroços teria ocorrido às 18h06 horário de brasília numa área remota do oceano	impacto	ação	efeito	choque	lesão	consequência	fenômeno	evento	sinal	resultado	dano
como a volta à terra não foi realizada de forma controlada como aconteceu com as 135 toneladas da estação espacial mir em 2001 era impossível prever exatamente onde os destroços iriam cair	destroços	debris	fragmentos	pedaços	restos	escombros	partes	material	detritos	
os resultados do trabalho que tem como autores pesquisadores franceses e argentinos e o astrofísico brasileiro irapuan rodrigues haviam sido noticiados pela folha em março antes de o estudo ser selecionado para publicação	noticiados	divulgado	divulgado	publicado	anunciado	comunicado	relatado	divulgado	transmitido	reportado	informado
a realização é fruto de uma parceria entre a companhia de biotecnologia advanced cell technology de massachusetts o centro sioux de iowa e o centro para reprodução de espécies ameaçadas da sociedade zoológica de san diego na califórnia	parceria	colaboração	aliança	união	colaboração	acordo	convênio	
o segundo está mais debilitado	debilitado	fraco	doente	desgastado	exausto	sofrendo	vulnerável	fragile	paralisado	cansado	enfraquecido
segundo pesquisadores que estudam a evolução do parasita cujo nome oficial é coronavírus urbani sarsassociado a mais nova dor de cabeça da humanidade parasitava algum animal possivelmente uma ave na china e por alguma razão pulou a barreira de espécies	possivelmente	possível	além disso	quiz	devido a	a priori	sendo que	talvez	aproximadamente	de acordo com	em outras palavras
o que o tornou um matador tão eficiente foi uma recombinação	matador	matador	assassino	venenoso	fervente	letal	eficaz	habilidoso	formidável	cruel	sanguinário
vitoriosa é o resultado de um experimento realizado pela embrapa	experimento	experimento	testes	prova	ação	procedimento	teste	laboratório	proposta	tentativa	trabalho
o clone do clone coloca o brasil na vanguarda científica desse assunto como já está no seqüenciamento soletração de genoma afirmou rodrigues	vanguarda	líder	pioneiro	ponta	destaque	referência	exemplo	modelo	avant-garde	líder	avançado
a estimativa foi apresentada por john schellnhuber do centro tyndall em norwich numa conferência sobre os efeitos da mudança climática durante a reunião da aaas	conferência	reunião	evento	discussão	assembleia	palestra	apresentação	debate	conversa	encontro	meetup
capitaneados por sir david king o principal assessor científico do governo britânico os pesquisadores não pouparam esforços para demonstrar que o aquecimento global já está pondo em risco as vidas e a economia humanas em diversas regiões	capitaneados	comandados	guiados	liderados	dirigidos	acompanhados	supervisionados	conduzidos	orientados	coordenados	
esse mecanismo é o equivalente geológico de um cobertor numa noite fria que aquece a atmosfera da terra retendo radiação do sol que de outro modo se dissiparia no espaço	dissiparia	se dissipara	se dispersa	se expande	se difunde	se esvazia	se alega	se desfaz	se elimina	se remove	se descarta
estamos recolhendo amostras de coprólitos fezes fossilizadas de duas cavernas em israel com 40 mil anos onde provavelmente cromagnons os primeiros humanos modernos e neandertais viveram lado a lado contou o pesquisador durante a reunião da associação americana para o avanço da ciência	amostras	dados	coleta	samples	material	exemplares	provas	materiais	esboços	recolhimentos	extrações
depois disso o que você faz é basicamente sequenciar tudo o que está ali e examinar toda a cadeia de relações alimentares ecológicas e de parentesco das pessoas e animais que habitaram a caverna afirma	sequenciar	organizar	ordenar	classificar	descrever	analisar	listar	sistematizar	compilar	avaliar	repertilhar
agora os cientistas já agarram um punhado deles de uma vez e trabalham em todos ao mesmo tempo	punhado	grupo	coleção	conjunto	seção	parcela	escolha	heap	group	seleção	parte
a sorte dos cientistas liderados por jillian banfield da universidade da califórnia em berkeley foi que a amostra de efluentes ácidos analisada tinha um pequeno número de organismos	liderados	comandados	guardião	conduzido	orientado	dirigido	responsáveis	coordenados	supervisionado	controlados	administrados
mesmo assim ele e seus colegas mostraram evidências de que o uso de substâncias como a vitamina e poderia reduzir os danos causados pelo colesterol aos pacientes com a doença	evidências	dados	pruebas	provas	conclusões	resultados	indícios	informações	afirmações	argumentos	estudos
colegas de mattson também revelaram novas evidências de que o consumo de vitaminas como suplemento alimentar e provenientes de vegetais seria capaz de prevenir o advento da doença e mesmo de que as estatinas hoje usadas para o combate ao colesterol na corrente sangüínea também poderiam evitar o aparecimento do mal de alzheimer	advento	começo	inicio	aparência	desenvolvimento	emergência	presença	ocorrência	avivamento	nascimento	ainda
mattson e colegas descobriram uma espécie de combinação letal entre o aparecimento da betaamilóide e a presença de colesterol e de ceramida nos neurônios de pessoas mortas com o mal	aparecimento	emergência	inicio	descoberta	presença	surto	manifestação	aparição	crescimento	avistamento	ocorrência
os resultados são importante referência para os médicos decidirem se e quando devem seguir uma estratégia de interrupção estruturada ao receitar drogas contra o hiv	estruturada	estrutural	planejada	definida	determinada	organizada	sistemática	detalhada	estrutura	forma	tipo
se tirarmos a comida dos flamenguistas quanto tempo vai levar para que os torcedores americanos os superem em número	superem	superar	exceder	ultrapassar	passar	prevenir	impedir	reverter	eliminar	remover	substituir
para ele em condições ideais o método funcionaria melhor em pacientes que tivessem um quadro estável com baixa contagem de vírus e forte presença de células de defesa	contagem	número	quantidade	quantidade	células	presença	idade	grau	intensidade	quantidade	nível	porcentagem
todos os 35 estudados já não respondiam mais aos tratamentos convencionais quando foram escalados para a pesquisa	convencionais	convencionais	padronizados	tradicionais	habituais	padrão	usual	habituais	comuns	
todos os 35 estudados já não respondiam mais aos tratamentos convencionais quando foram escalados para a pesquisa	escalados	escalados	incluídos	inseridos	participantes	encarregados	tratados	convocados	selecionados	propostos	aprovados	emparelhados
os resultados do cobe foram relevantes mas o estado da arte são as imagens do satélite wmap wilkinson microwave anisotropy probe cujos primeiros dados saíram em 2003	relevantes	significativos	importantes	chave	cruciais	interessantes	significativas	contribuintes	decisivos	precisos	importantes	
os sedimentos são arrastados para a parte baixa do rio	sedimentos	areia	areias	detritos	material	argila	areia fina	partículas	rochas	limo	detritos de terra
mas os cientistas se preocupam com a possibilidade de que mutações aleatórias no vírus acabem criando cepas capazes de serem transmitidas de pessoa a pessoa criando o potencial de uma nova pandemia uma epidemia de proporções globais	cepas	variantes	subespécies	formas	versões	tipos	derivadas	isolantes	corpos	alterações	sublinhas
os dados para as simulações de computador foram obtidos na tailândia um país do sudeste asiático que além de estar vulnerável à doença dispunha de um conjunto de estatísticas detalhado e adequado aos modelos	vulnerável	suscetível	exposto	ameaçador	fraco	pre debole	dano	perigoso	riscado	menace	frágil
nenhuma isoladamente conseguiria prevenir com sucesso uma epidemia	isoladamente	sozinho	individualmente	separadamente	isolamente	por conta própria	sem auxilio	de forma isolada	em isolamento	individualmente	ao próprio
para nisbett diferenças culturais principalmente na educação das crianças explicariam essa assimetria	principalmente	principalmente	em especial	especialmente	de forma principal	principalmente por isso	em grande parte	com destaque para
para nisbett diferenças culturais principalmente na educação das crianças explicariam essa assimetria	assimetria	diferença	desigualdade	distinção	paridade	equilíbrio	proporção	disparidade	inconformidade	divergência	contradição
finalmente após dias de apreensão com problemas no veículo e uma histórica caminhada espacial de reparos a agência espacial americana autorizou o ônibus espacial discovery a enfrentar a turbulenta jornada que o separa da terra firme	apreensão	detenção	custódia	detention	isolamento	prisão	interdição	controle	reclamação	controlo	bloqueio
imagens da barriga do ônibus feitas pela dupla de astronautas residentes da iss estação espacial internacional antes que a nave atracasse ao complexo mostraram que duas tiras do tecido que preenche os vãos entre as telhas do escudo térmico da nave estavam protuberantes	protuberantes	proeminentes	salientes	alargados	expansos	estendidos	aprofundados	curvados	em forma de nó	curvadas	extensos
o procedimento primeira vez na história em que um astronauta se pôs embaixo do ônibus em órbita e fez reparos em seu escudo térmico foi executado anteontem pelas mãos do americano stephen robinson	reparos	reparações	manutenção	consertos	alterações	obras	corrigindo	reavaliações	mudanças	correções	serviços
os técnicos temiam que ela pudesse se soltar na reentrada e danificar a nave	danificar	danar	machucar	prejudicar	lesionar	quebrar	destruir	comprometer	afetar	correr riscos	infligir danos
foi a 60ª caminhada espacial conduzida em conexão com a construção e manutenção da estação	manutenção	manutenção	cuidado	reparo	reparação	upkeep	cuidados	conservação	reabilitação	cuidado	zelar
a última acontece amanhã de novo a ser efetuada por robinson e noguchi	efetuada	realizada	feita	executada	cometida	realizada	em andamento	programada	atendida	desenvolvida	completada
foi na esperança de entender o fenômeno que stevani e seus colaboradores se puseram a procurar cogumelos do tipo no brasil	colaboradores	grupo	equipe	pessoas	assistentes	auxiliares	companheiros	associados	colaboradores	parceiros	funcionários
é que a luz parece variar de acordo com a concentração de poluentes aplicados sobre o fungo	concentração	quantidade	nível	proporção	abundância	densidade	força	intensidade	quantia	forma	medida
como as técnicas desse tipo têm limitações é sempre bom contar com novas opções avalia stevani com a ressalva de que os estudos ainda estão no começo	ressalva	aviso	regra	limitação	observação	adiciona	consideração	exceção	diferença	condição	precaução
a descrição do único dente um molar inferior foi submetida para publicação numa revista científica mas os dados preliminares sugerem que o animal pode tanto ter sido um placentário como humanos cães ou baleias quanto um marsupial como os cangurus que carregam seus filhotes numa bolsa	submetida	enviada	enviada	apresentada	encaminhada	divulgada	publicada	enviada para publicação	registrada	depositada	
a linhagem dos marsupiais e placentários que são conhecidos pelo apelido comum de térios se distingue justamente pelas cavidades especiais dos molares que ajudam a triturar a comida com mais eficiência e estão presentes no espécime	eficiência	eficácia	produtividade	resultado	capacidade	potencial	agilidade	performática	resultado	competência	eficiência
para uma dupla de paleoantropólogos dos estados unidos o elemento que deu a partida na evolução da linhagem humana se encontra alguns palmos debaixo da terra e ainda faz qualquer um salivar diante de um prato de batata ou mandioca frita	linhagem	linha	raça	família	descendência	progenitora	posteridade	herança	sorte	tradição	ascendencia
para greg laden da universidade de minnesota e richard wrangham da universidade harvard raízes tubérculos e outros usos sigla em inglês para órgãos subterrâneos de armazenamento das plantas permitiram que os primeiros hominídeos como são conhecidos os ancestrais do homem saíssem da mata fechada e colonizassem ambientes abertos a partir de uns 6 milhões de anos atrás	ancestrais	ancestrais	predescentes	pais	origens	progenitores	pré-humanos	primeiros hominídeos	antiguidade	precursores	proto-homínidos
para provar a idéia os pesquisadores compilaram dados sobre raízes que são comestíveis sem cozimento dentro e fora da savana algumas das quais ainda usadas por tribos africanas hoje e viram que estavam corretos	compilaram	compuseram	colecionaram	coletaram	forneceram	obtiveram	reunir	geraram	construíram	criaram	gather
o estudo estará numa edição futura do periódico científico journal of human evolution wwwsciencedirectcomsciencejournal 00472484	científico	científico	acadêmico	estudado	pesquisador	investigador	humano	biológico	universitário	experimentador	compreensivo
cremos que elas seriam mais eficientes que os soros atuais para inibir tanto a atividade hemorrágica quanto a miotóxica que afeta os músculos diz perales	inibir	impedir	barrar	proibir	restringir	controlar	interromper	suspender	paralisar	dificultar	limitar
a ficção científica americana na forma de livros ou de filmes é fascinada por robôs mas na prática são japoneses os que mais usam esses auxiliares automatizados do ser humano seja na indústria seja em residências	fascinada	interessada	encantada	atraída	admirada	cativada	encantada	intrigante	seduzida	atraente	envolvida
a universidade de tóquio desenvolveu uma pele artificial para robôs que imita uma parcela significativa das qualidades e capacidades da pele humana normal	significativa	importante	relevante	significativa	substancial	crucial	relevante	essencial	impactante	influente	marcante
