ao prever a distribuição gratuita de uniforme para alunos da rede pública um projeto em discussão no congresso institui uma controvérsia em escolas prefeituras e secretarias de educação	controvérsia	polêmica	disputa	questão	debate	problema	assunto	dúvida	discussão
a matéria ainda precisa passar pela câmara dos deputados e pela presidência da república antes de entrar em vigor	matéria	proposta	projeto	assunto	questão	tema	documento	texto	lei	projeto de lei	proposição
o acessório polêmico entrou no projeto de autoria do senador cícero lucena psdbpb graças a uma emenda aprovada na comissão de educação do senado em outubro	polêmico	controverso	discutido	polemizado	debatedor	combativo	conflituoso	discordante	oportuno	temperamental	impopular
toda a operação teria sido armada para vingar a morte de um companheiro em um atentado a bomba	armada	organizada	planejada	preparada	concebida	projetada	elaborada	desenhada	idealizada	arquitetada	engendrada
blitze barreiras e operações em profusão foram insuficientes para conter um crescimento de 1112 em relação a março de 2006	profusão	abundância	excesso	quantidade	grande quantidade	enormidade	multidão	vastidão	plenitude	plenura	plenitude
o subcomandantegeral da bm coronel paulo roberto mendes reconheceu que o incremento nos roubos pode estar ligado a deficiências nas manobras adotadas	incremento	aumento	aumentar	acréscimo	crescimento	melhoria	aceleração	elevação	expansão	progressão	avanço
diferentemente de outros pleitos as legendas este ano são obrigadas a driblar novas regras eleitorais desgaste da imagem da classe política e projetos nacionais envolvendo líderes gaúchos	desgaste	desmoralização	perda de prestígio	declínio	degradação	deturpação	corrupção	erosão	destruição	decadência	decomposição
para os analistas políticos a indecisão eleitoral de 2006 é fruto de uma confluência de fatores	fruto	consequencia	resultado	efeito	produto	origem	motivo	causa	decorrencia	proveniencia	finalidade
os partidos estão mais cautelosos	cautelosos	Cuidadosos	prudentes	precavidos	circunspectos	reservados	retraídos	contidos	moderados	comedidos	temperados
o relatório produzido pela comissão criada para revisar processos administrativos da assembléia legislativa destaca temas que devem provocar polêmica no parlamento	revisar	analisar	examinar	estudar	verificar	revisitar	avaliar	discutir	examinar	reler	reler
um deles se refere ao fato de cada deputado ter três carros cadastrados para fins de indenização por uso de carro particular	cadastrados	registrados	matriculados	listados	anotados	lançados	inseridos	gravados	arquivados	inscritos	transcrito
antunes vai apresentar o conteúdo do relatório hoje à mesa diretora e posteriormente implementar novas medidas de contenção e controle	contenção	restrição	repressão	retenção	prisão	constrangimento	detenção	controle	redução	limitação	inibição
viagens de carro ficam mais agradáveis quando os ocupantes podem fazer algo mais do que apreciar a paisagem	ocupantes	passageiros	viajantes	motoristas	motoristas	condutores	tripulantes	usuários	candidatos	participantes	pessoas	
uma arena suspensa com estacionamento subterrâneo e capacidade entre 45 e 50 mil espectadores	espectadores	público	ouvintes	plateia	ouvinte	assistência	platéia	audiência	assistentes	frequentadores	expectadores
apesar das boas intenções a organização das nações unidas para a educação a ciência e a cultura unesco tratou de se desvincular da escolha	desvincular	separar	afastar	desligar	divorciar	desunir	desentrelaçar	dissociar	desenredar	desembaraçar	desatar
plácido domingo lembrou o maravilhoso senso de humor do parceiro italiano capaz de proporcionar momentos tão divertidos nos concertos dos três tenores que nós nos esquecíamos de que estávamos cantando para um público que pagará	proporcionar	oferecer	dar	ceder	conceder	aportar	fornecer	prestar	dispor	entregar	outorgar
o regente indiano zubin mehta um dos principais colaboradores do tenor destacou que luciano tinha uma aura especial emanava sensações positivas	emanava	exalava	desprendia	transmitia	expelia	difundia	irradiava	despedia	emitia	despediu	despejava
ele ressalta que o próximo trânsito ocorrerá somente em 9 de maio de 2016	ressalta	destaca	enfatiza	realça	ressalta	sublinha	frisa	ilustra	mostra	aponta	evidencia
para evitar um novo desgaste político a administração federal não pretende influir ao menos por enquanto para que os senadores do pmdb contrários à cpmf sejam substituídos na ccj	desgaste	erosão	desbaste	perda	diminuição	redução	decadência	declínio	derrocada	queda	colapso
começamos a encaminhar em novembro de 2005 e só na metade do ano passado acertamos tudo e eles começaram a confeccionar o produto afirma a coordenadora	confeccionar	fazer	criar	produzir	fabricar	elaborar	construir	desenvolver	realizar	montar	preparar
é difícil parar com a depredação	depredação	destruição	pilhagem	dano	rampage	saque	assalto	ataque	invasão	devastação	desolação
as bolsas podem cair o que não vai cair é a economia venezuelana que está pujante como nunca disse	pujante	florescente	próspero	vibrante	em alta	em expansão	em crescimento	risonho	animado	otimista	florido
a principal celebração na comunidade judaica da capital ocorrerá amanhã no clube campestre macabi	celebração	festa	comemoração	evento	aniversário	confraternização	reunião	encontro	assembleia	congresso	convocação
os donos argumentam que seus mascotes são limpos e saudáveis	argumentam	afirmam	dizem	alegam	asseguram	declaram	sustentam	defendem	expõem	exemplificam	comprovam
o próprio ban kimoon que está no timor leste prometeu voltar a bali hoje para acompanhar de perto o diálogo e se necessário intervir para um acerto	intervir	intervir	mediar	negociar	participar	influenciar	ajudar	auxiliar	acalmar	apaziguar	conciliar
o anúncio foi feito pelo pontífice durante uma audiência geral na qual o papa informou que vai realizar uma nova assembléia de cardeais chamada de consistório	pontífice	papa	bispo	sumo sacerdote	patriarca	sumo pontífice	chefe religioso	dignitário eclesiástico	religioso importante	chefe da igreja católica	chefe espiritual
a musculação do dólar e a expectativa de maior preço dos grãos representam âncoras para enfrentar águas turbulentas	turbulentas	agitadas	tempestuosas	revoltosas	convulsas	agressivas	violento	confusas	desordenadas	caóticas	inquietantes
depois de perder um quarto da receita nas vendas ao exterior dos últimos dois anos os moveleiros também espreitam chances de recuperar rentabilidade com um dólar entre r 210 e r 215 segundo maristela cusin longhi presidente da associação das indústrias de móveis do estado do rio grande do sul	espreitam	esperam	procuram	encontram	buscam	avistam	vigiam	monitoram	acompanham	analisam	verificam
depois de perder um quarto da receita nas vendas ao exterior dos últimos dois anos os moveleiros também espreitam chances de recuperar rentabilidade com um dólar entre r 210 e r 215 segundo maristela cusin longhi presidente da associação das indústrias de móveis do estado do rio grande do sul	rentabilidade	lucratividade	rendimento	lucro	ganho	proveito	retorno	vantagem	benefício	renda	desempenho
nas contas de antônio salton presidente da união brasileira de vitivinicultura uvibra a dose de importados no consumo nacional pode reduzir de 70 para 60 caso o dólar se mantenha acima de r 210	reduzir	diminuir	caber	baixar	decrescer	encolher	enquadrar	minorar	restringir	decrementar	abrandar
a expectativa está em torno do nome do deputado joão henrique blasi pmdb que foi o postulante mais votado pelo conselho da ordem dos advogados do brasil	postulante	candidato	concorrente	aspirante	concursado	concurso	inscrito	disputante	
o nosso é brasileiro colorido é um menino alegre com pontos de melancolia	melancolia	tristeza	desânimo	tristonhas	tristezas	cisma	mal-estar	pessimismo	desalinho	desespero	prostração
amarrado a uma árvore à mercê de centenas de abelhas o cavalo de um brigadiano tentou se desvencilhar com coices e corcoveadas das ferroadas que o mataram em 40 minutos ontem de manhã na redenção	ferroadas	picadas	injeções	feridas	mordeduras	golpes	beliscões	arranhaduras	contusões	punhaladas	perfurações
o animal deu alguns passos e começou a verter sangue pela boca	verter	sangrar	derramar	escoar	jorrar	brotar	emanar	transbordar	vazar	borbulhar	gotejar
volmar geraldo da silva nunes próreitor em exercício de extensão e cultura da ufpel afirma que a instituição apenas atendeu às reivindicações dos colegas do norte	reivindicações	pedidos	exigências	reclamações	protestos	cobranças	apelações	recursos	queixas	solicitações	requerimentos
o banco central chinês aumentou recentemente o depósito compulsório à vista dos bancos retirando dinheiro de circulação para evitar especulação com ações uma das principais formas de investimento no país	compulsório	obrigatório	exigido	forçado	imposto	requerido	mandatório	necessário	essencial	indispensável	imperativo
o recuo generalizado dos mercados foi utilizado pelo presidente do banco central henrique meirelles em defesa de uma atitude de prudência na condução da política econômica	prudência	cautela	cuidado	moderação	prudência	prevenção	segurança	exatidão	discrição	recomendação	providência
ao prever a distribuição gratuita de uniforme para alunos da rede pública um projeto em discussão no congresso institui uma controvérsia em escolas prefeituras e secretarias de educação	institui	cria	estabelece	promove	gera	desenvolve	produz	constitui	regula	organiza	dispõe
além de ressuscitar o debate sobre a obrigatoriedade de um traje padrão entre os alunos e reacender a preocupação com a escassez de recursos públicos a proposta cria uma discussão sobre a incorporação do boné no kit obrigatório	ressuscitar	reviver	restaurar	reanimar	ressurgir	renovar	reavivar	reencontrar	recobrar	religar	reconquistar
a divergência ocorre porque educadores como helvécio aguiar da faculdade de educação da universidade federal do rio grande do sul ufrgs afirmam que a peça é desnecessária no uniforme obrigatório	divergência	discordância	desacordo	diferença	discrepância	oposição	divergir	desvio	inconformidade	desunião	divisão
professores ainda temem que a distribuição do acessório dificulte a imposição nas classes de uma regra da boa conduta	conduta	comportamento	disciplina	educação	postura	procedimento	atitude	prática	ética	moral	regra
eles se inquietam com a fonte para custear os gastos milionários com a medida	inquietam	preocupam	temem	receiam	apavoram	assustam	aterrorizam	angustiam	desalentam	desanimam	desencorajam
não fosse o aspecto financeiro o projeto teria o apoio incondicional de balzano e do presidente da famurs flávio luiz lammel	incondicional	total	completo	absoluto	pleno	independente	desimpedido	irrestrito	ilimitado	desprovido de condições	sem reservas	
o premier classificou o episódio de crime horrível	premier	primeiro-ministro	chefe	presidente	governante	dirigente	líder	chanceler	ministro	mandatário	secretário
considerado culpado de ameaçar com um cachorro sem focinheira um dos detentos e de negligência no cumprimento do dever ele foi rebaixado e condenado ontem por um tribunal militar a 90 dias de trabalho forçado sem confinamento	confinamento	prisão	detenção	encarceramento	cárcere	reclusão	internação	confinamento	isolamento	enclausuramento	recolhimento
blitze barreiras e operações em profusão foram insuficientes para conter um crescimento de 1112 em relação a março de 2006	blitze	blitz	barreiras	operações	ataques	incursões	investidas	raides	arremetidas	assaltos	ofensivas
o secretário da segurança pública enio bacci disse que o aumento está ligado à legislação branda contra desmanches ao aumento da frota e ao chamado golpe do seguro quando o dono vende o carro a bandidos e recebe um novo da seguradora mas reconheceu que precisa ajustar a repressão	branda	branda	leve	leniente	suave	doce	meiga	dócil	macia	manso	ameno
em março o comando de policiamento da capital cpc atingiu 40 do número previsto para fiscalização de veículos enquanto outros comandos regionais como metropolitano sul missões e vale do taquari superaram as metas estipuladas	fiscalização	controle	verificação	exame	inspeção	monitoramento	vigilância	supervisão	revisão	análise	acompanhamento
diferentemente de outros pleitos as legendas este ano são obrigadas a driblar novas regras eleitorais desgaste da imagem da classe política e projetos nacionais envolvendo líderes gaúchos	pleitos	reivindicações	causas	questões	assuntos	pedidos	demandas	exigências	reclamações	propostas	requerimentos
a comissão entende que para que seja preservado o caráter de indenização cada parlamentar deve ter apenas um carro registrado	parlamentar	deputado	legislador	congressista	membro	político	representante	eleito	cidadão	indivíduo	pessoa
outra questão destacada no relatório se refere à qualificação dos servidores	questão	assunto	problema	tópico	tema	ponto	matéria	questão	caso	assunto	prova
duas situações foram detectadas pelo grupo	grupo	equipe	conjunto	time	agrupamento	organização	associação	coletivo	comissão	assembleia	conselho
há setores com carência de pessoal ou naqueles em que não faltam funcionários há pessoas atuando em uma função para a qual não têm qualificação	funcionários	trabalhadores	empregados	operários	servidores	profissionais	colaboradores	assalariados	empregados	serventuários	operárias
ontem antunes disse que a quantidade de contratos sob gerenciamento de um mesmo departamento como o caso do dsa pode ser revista	revista	revisada	examinada	verificada	analisada	estudada	vistoriada	periciada	avaliada	reexaminada	reavaliada
o começo deste verão é o mais abrasador dos últimos 11 anos no rio grande do sul	abrasador	quente	ardente	fervente	ardoroso	incandescente	candente	caloroso	ígneo	flamejante	caustico
as médias de temperatura máxima oscilam entre 28° c e 34° c nas diferentes regiões do estado chegando a alcançar três graus acima dos padrões históricos	oscilam	flutuam	variaram	variam	oscilem	flutuem	flutua	varie	flutuo	variei	flutue
a inconsistência climática abre espaço para conjecturas sobre o papel do aquecimento global na atmosfera gaúcha	conjecturas	suposições	hipóteses	teorias	opiniões	afirmações	declarações	palavras	conjectura	assuntos	rumores
a mudança progressiva pode influenciar indiretamente uma maior incidência de fenômenos como ondas de calor tempestades e secas	progressiva	gradativa	contínua	constante	permanente	lenta	suave	uniforme	regular	persistente	intermitente
os recursos tecnológicos devem ser revezados com leituras na viagem	revezados	alternados	intercalados	sucessivos	ordenados	dispostos	organizados	arranjados	colocados	posicionados	alinhados
o próprio carro de simões tem o aparelho	aparelho	dispositivo	instrumento	equipamento	máquina	aparato	elemento	componente	engenho	sistema	artefato
até mesmo os dvds portáteis ou os consoles de mão como o nintendo ds e o playstation portable podem deixar as viagens menos maçantes para as crianças	maçantes	entediantes	monótonos	chatos	aborrecidos	desinteressantes	cansativos	tristes	desanimados	desagradáveis	desgostosos
o nevoeiro não se restringiu à capital	restringiu	limitou	concentrou	confinou	circunscreveu	restrigiu	encerrou	aplicou	enquadrou	delimitou	recinguiu
quem trocou de sigla antes da data porém foi poupado	sigla	partido	legenda	iniciais	letra	emblema	símbolo	emblema	insígnia
apenas um dos parlamentares a deputada jusmari de oliveira que deixou o dem e ingressou no pr trocou de legenda após 27 de março	legenda	partido	sigla	emblema	insígnia	bandeira	símbolo	emblema	nome	rotulo	etiqueta
amanhã pela manhã eles se encontrarão com o prefeito josé fogaça que prometeu apoio para a realização de obras de infraestrutura na área em que a arena será erguida	erguida	construída	levantada	edificada	alçada	montada	instalada	armada	colocada	disposta	assentada
o objetivo é constatar as condições das edificações e a higiene e segurança dos alunos para envio de laudo técnico aos órgãos oficiais recomendando providências se necessárias	constatar	verificar	comprovar	examinar	avaliar	analisar	inspecionar	reconhecer	identificar	detectar	observar
desde o dia 24 de outubro a escola foi interditada pelo corpo de bombeiros e pela defesa civil	interditada	proibida	fechada	vigiada	resguardada	construída	reconstruída	desativada	desocupada	impedida	isolada
a órbita do planeta ficará alinhada com a da terra e a do sol mas não causará diminuição de luminosidade pois mercúrio tem apenas 38 do diâmetro terrestre	luminosidade	brilho	claridade	clareza	luz	intensidade	resplendor	candor	esplendor	fulgor	brightness
a prefeitura espera a resolução de problemas burocráticos para que o material para a reconstrução do monumento histórico chegue da europa	resolução	solução	decisão	conclusão	definição	determinação	finalização	encerramento	acordo	ajuste	estabelecimento
chávez citou um artigo da constituição venezuelana que assegura o controle estatal da atividade petrolífera mas não da extração de gás e acrescentou que ele deveria ser modificado para incluir todos os hidrocarbonetos sólidos líquidos ou gasosos	assegura	garante	certifica	confirma	valida	atesta	comprova	verifica	autoriza	aprova	sanciona
duas famílias limitouse a dizer sussurrando para as monjas do outro lado da parede	sussurrando	 cochichando	fazendo um som leve e baixo	falando em voz baixa	pronunciando palavras sem mover os lábios	emitindo um som fraco, quase inaudível	produzindo um som suave e contínuo	soando baixinho	pronunciando de forma macia e suave	fazendo um barulhinho leve.
gaúcha de porto alegre tereza pinheiro 63 anos vende há 10 anos suvenires de frei galvão na porta do mosteiro	suvenires	lembranças	recordações	presentes	quinquilharias	bugigangas	miçangas	baratijas	ornamentos	enfeites	adereços
de olhos vendados três integrantes tiveram de percorrer em pedalinhos individuais um trecho do lago sob a orientação do apresentador e da matriarca da família	matriarca	mãe	pai	chefe	mulher	figura	personalidade	ícone	celebridade	feminino	rainha
o bolo tinha os ingredientes que compõem a dieta dos animais para deixar claro que o cardápio animal não se compõe de guloseimas apetitosas para os humanos como doces pipocas e outros quitutes	apetitosas	saborosas	deliciosas	atraentes	tentadoras	saborosas	deliciosa	apetecíveis	delicada	tentador	delícias
o bolo tinha os ingredientes que compõem a dieta dos animais para deixar claro que o cardápio animal não se compõe de guloseimas apetitosas para os humanos como doces pipocas e outros quitutes	quitutes	petiscos	igualmente	comidas	alimentos	salgadinhos	doces	bolinhos	comida	gostosuras	pastel
alimentos inapropriados jogados em jaulas provocam problemas gastrointestinais e adoecem os bichos	gastrointestinais	estomacais	digestivos	gastrintestinais
os dez dias entre o anonovo e o yom kipur são de arrependimento e reflexão	reflexão	meditação	pensamento	exame	análise	revisão	recolhimento	introspecção	examinação	ruminação	cogitação
outros cinco continuavam desaparecidos	desaparecidos	perdidos	extraviados
o delegado seguiu entendimento de tribunais de justiça como o de são paulo de que a pichação deve ser enquadrada como dano ao patrimônio público previsto no código penal veja box	enquadrada	classificada	considerada	incluída	catalogada	registrada	relacionada	arquivada	anotada	transcrita	reconhecida
puniram com um rigor que não se vê em outros casos acredita	rigor	severidade	dureza	rigidez	aspereza	intensidade	violência	exigência	extremismo	intransigência	inflexibilidade
a providência chegou um pouco tarde e a cidade continuou em ritmo letárgico por todo o dia	letárgico	sonolento	lento	indiferente	apatetado	inerte	paralisado	imóvel	adormecido	apático	inativo
por trás da mortandade de jovens no trânsito como as seis vítimas registradas no estado ao longo do final de semana há um desafio para as campanhas de conscientização	mortandade	morte	assassinato	homicídio	genocídio	extermínio	exterminação	aniquilação	destruição	matança	 chacina
uma pesquisa feita pelo ibope mês passado revela que nessa faixa etária os condutores reconhecem ser imprudentes	etária	idade	temporal	cronológica	relativa à idade	demográfica	relacionada com a idade	faixetária	faixa etária específica	faixa etária de vida	faixa etária específica da população	
estratégias envolvem todos os escalões do governo	escalões	níveis	cargos	graus	postos	níveis hierárquicos	patamares	degraus	classes	estamentos	camadas
a casa branca teria dado instruções à delegação americana em bali para evitar que o país seja responsabilizado pelo fracasso das negociações	delegação	equipe	comitiva	missão	representação	delegacia	grupo	comissão	embaixada	legação	
as estratégias já começaram a envolver os altos escalões dos governos	escalões	cargos	níveis	cargos mais elevados	graus	postos	patentes	classes	funções	categorias	faixas
o expresidente chileno ricardo lagos circula nos corredores da conferência como emissário do secretáriogeral da onu ban kimoon tentando viabilizar um acordo	emissário	embaixador	mensageiro	representante	delegado	encarregado
ao final da noite o secretário da conferência yvo de boer dando mostras de cansaço afirmou que nenhum país quer sair de bali com a marca indelével de ser o vilão da conferência	indelével	permanente	duradouro	eterno	imborrável	irremovível	inapagável	inevitável	incessante	inveterado	incancelável
a principal iniciativa restringe o acesso da população aos debates parlamentares	restringe	limita	impõe	controla	regula	proíbe	reduz	diminui	acarreta	afeta	modifica
o público comum ficará restrito à galeria superior com capacidade para 160 pessoas	restrito	limitado	proibido	impedido	vedado	obstruído	bloqueado	restringido	confidencial	secreto	privado
para o líder da bancada do pt raul pont a decisão da mesa é precipitada	precipitada	apressada	antecipada	foolish	imprudente	impetuosa	temerária	irrefletida	precipitosa
só espero que essa decisão de restrição parcial ao plenário seja provisória defendeu o líder da bancada do pc do b raul carrion	restrição	limitação	restrições	proibição	contenção	repressão	censura	obstáculo	impedimento	barreira	vedação
a atitude dos professores também foi rechaçada do outro lado da praça da matriz	rechaçada	rejeitada	repudiada	condenada	desaprovada	censurada	recusada	desprezada	denegrida	ostracizada	repelida
um acidente insólito matou o gaúcho augusto machado da câmara lima 26 anos quando ele desfrutava do feriadão nas praias catarinenses	insólito	inusual	anormal	raro	invulgar	extraordinário	excepcional	desusado	inusitado	bizarro	esdrúxulo
o país que fermentou a crise ainda é o maior comprador de produtos gaúchos veja quadro embora alguns segmentos tenham aprendido a reduzir a dependência	fermentou	desencadeou	originou	causou	produziu	gerou	provocou	cultivou	criou	desenvolveu	estimulou
a transferência da feira infantil e juvenil para o cais do porto a instalação da área internacional na avenida sepúlveda entre a siqueira campos e a mauá e o local para autógrafos no largo entre o margs e o memorial não no centro da praça como em anos anteriores	transferência	mudança	deslocamento	remoção	substituição	alteração	troca	passagem	remessa	envio	desvio
o zoneamento representa o primeiro passo na formatação de uma política florestal no rio grande do sul	formatação	criação	elaboração	desenvolvimento	construção	produção	montagem	organização	estruturação	preparo	confecção
o zoneamento mostrará que procedimentos devem ser tomados em cada área explica	procedimentos	ações	tarefas	normas	regras	atos	operações	providências	medidas	trâmites	rotinas
tinha cerca de um metro e meio de altura a pedra que levou o presidente luiz inácio lula da silva ontem a um terreno terraplenado às margens da br285 em passo fundo	terraplenado	ajardinado	nivelado	pavimentado	cimento	concretado	asfaltado	calçado	enpedrado	empedrado	emparcelado
para tornar a visita mais atraente para fotógrafos e cinegrafistas lula e o governador germano rigotto usando capacetes foram convidados a colocar pás de concreto da primeira fundação da indústria	fundação	base	início	começo	origem	iniciação	criação	construção	estabelecimento	formação	inauguração
simpatizantes foram arregimentados	arregimentados	recrutados	alistados	convocados	enrolados	engajados	contratados	incorporados	acrescentados	admitidos	juntados
o presidente foi recebido por uma platéia arregimentada por pt pc do b e psb partidos da base do governo	arregimentada	recrutada	organizada	convocada	reunida	convidada	alistada	agrupada	enfileirada	engajada	recrutado
a líder comunitária neli vidal birk 50 anos organizou um grupo de 36 pessoas beneficiadas pelo programa fome zero	beneficiadas	favorecidas	ajudadas	auxiliadas	assistidas	atendidas
o pequeno príncipe original era melancólico com pontos de alegria	melancólico	triste	depressivo	sombrio	pessimista	desanimado	desalentado	abatido	desolado	cabisbaixo	entristecido
o sol se põe no mar à esquerda ensombrecendo as montanhas do norte de israel à direita	ensombrecendo	escurecendo	ofuscando	obscurecendo	anuviando	encobrindo	cobrindo	sombreado	adensando	turvando	encapotando
a iniciativa nasceu na frança em 1998 em virtude da preocupação com a degradação do ambiente na área urbana	degradação	deterioração	poluição	desgaste	destruição	contaminação	alteração	danificação	agressão	corrupção	deturpação
no brasil a primeira adesão ocorreu em 2001 com 11 cidades	adesão	adesão	adoção	união	concordância	aprovação	aceitação	participação	ingresso	incorporação	entrada	assentimento
durante uma patrulha de rotina os soldados vilson soares urias e luis felipe milbrandt dutra identificaram um carro polo aberto e abandonado dentro do parque	patrulha	ronda	vigilância	perseguição	rondagem	escolta	vigia	guarda	policiamento	varredura	blitz
sem perceber o enxame apearam de seus cavalos para checar o veículo	apearam	desmontaram	desceram	saíram	saltaram	caíram
denin foi amarrado numa árvore próxima à da colméia e em menos de um minuto estava coberto por abelhas de uma espécie miscigenada	miscigenada	híbrida	metade humana metade animal	cruzada	heterogênea	diversificada	variada	mista	heteróclita	de raças mistas	mulata	
segundo nosso técnico os eqüinos ficaram na linha de vôo das abelhas de entrada e saída da colméia	eqüinos	cavalos	animais	mamíferos	éguas	potros	garanhões
segundo a campanha porém os reis magos são os legítimos representantes da magia do natal e não faltam críticas ao velho barrigudo	legítimos	autênticos	verdadeiros	genuínos	oficiais	reais	auténticos	verídicos	justos	certos	exatos
o homem bonachão dizem seus opositores segue o odor do dinheiro e explora seus duendes e os submete a situações de trabalho subumanas	subumanas	desumanas	degradantes	humilhantes	desrespeitosas	exploradoras	abjetas	desgastantes	exaustivas	extenuantes	insanas
ao todo 140 mil itens foram inutilizados entre as 9h15 min e as 11h na travessa do carmo no pátio do depósito da smic	itens	objetos	bens	produtos	mercadorias	coisas	artigos	utensílios	trastes	bens materiais	material
a b2w será capaz de competir com as principais empresas de varejo brasileiras em um mercado estimado em r 200 bilhões assinala o comunicado conjunto divulgado ontem pelas duas companhias	estimado	calculado	previsto	considerado	avaliado	estimulado	projetado	cifrado	apreciado	computado	contabilizado
uma eventual resolução no conselho de segurança impondo sanções ao irã esbarra na oposição da rússia e da china dois membros permanentes do órgão e com direito a veto	sanções	penalidades	punições	reprimendas	censuras	condenações	multas	restrições	proibições	vedações	interdições
ontem depois de participar de um encontro de governadores em fortaleza o ministro da fazenda guido mantega disse que até o início do próximo semestre o projeto de reforma tributária será encaminhado ao congresso nacional	encaminhado	remetido	enviado	apresentado	oferecido	transmitido	mandado	passado	repassado	redirecionado	transferido
eles reclamavam que não tinham a oportunidade de vir para o sul fazer o mesmo trabalho que já realizavam nas próprias cidades argumenta nunes	argumenta	afirma	declara	alega	explica	diz	comenta	opina	assegura	garante	salienta
neste ano ocorrerão quatro ações simultâneas	simultâneas	concomitantes	juntas	conjuntas	ao mesmo tempo	unidas	paralelas	coincidentes	iguais	semelhantes	sincronizadas
uma decisão da justiça federal do distrito federal devolveu as mordomias ao expresidente suspensas até o primeiro semestre deste ano por uma liminar	mordomias	privilégios	regalias	favores	concessões	benefícios	vantagens	direitos	imunidades	isenções	exceções
collor havia perdido os direitos a essas mordomias em razão de uma ação popular impetrada na justiça de brasília em 1993 sete meses depois do processo de impeachment que resultou na cassação dos direitos políticos do expresidente por oito anos	mordomias	privilégios	regalias	favores	benefícios	vantagens	direitos	imunidades
o advogado de collor fernando neves da silva disse que o expresidente requereu que funcionários veículos e motoristas custeados com dotações da presidência sejam colocados a sua disposição	requereu	solicitou	pediu	requisitou	exigiu	cobrou	demandou	clamou	reivindicou	postulou
a ação foi impetrada pelo exdeputado federal gaúcho waldomiro fioravante pt	impetrada	requerida	intentada	ajuizada	proposta	protocolada	interposta	apresentada	movida	proposta	ajuizada
meirelles pede prudência e mantega vê só uma correção	correção	ajuste	revisão	retificação	melhoria	emenda	adequação	alteração	modificação	reparo	corrigir
é uma turbulência	turbulência	agitação	desordem	bagunça	confusão	caos	distúrbio	balbúrdia	barafunda	bulição	borrasca
é normal que o mercado tenha correções reagiu	correções	oscilações	reajustes	flutuações	variações	alterações	modificações	ajustes	revisões	correções	emendas
desconhecemos essa orientação acredito que houve um malentendido disse ontem o vicepresidente executivo do sindicom alísio vaz	malentendido	equívoco	desencontro	engano	erro	desacerto	incompreensão	desinteligência	má interpretação	travessura	mal entendimento
rapidamente controlado pela brigada militar o conflito envolvendo quatro apenados tornouse mais um na lista de incidentes do local construído em 1977	apenados	presos	detentos	reclusos	encarcerados	confinados	cumpridores	condenados	puniados	penalizados	sentenciados
entre as 69 propostas de mudanças na constituição chávez vai da reeleição sem limites ao fim da autonomia do banco central do direito a expropriar propriedades privadas à subordinação de governantes a militares nomeados por ele	subordinação	sujeição	submissão	obediência	assujeitamento	domínio	controle	autoridade	mando	comando	dominação
liberadas pelo tribunal britânico que analisa o caso as fotos mostram a princesa dentro do mercedesbenz em que morreu momentos antes da colisão no túnel dalma em paris	colisão	choque	acidente	batebate	batida	abalo	impacto	embate	encontro	entrechoque	conflito
nos últimos dias a notificação de casos de psitacose doença provocada por vírus transmitido pelas caturritas colocou as autoridades em alerta no estado	notificação	comunicação	informação	relatório	aviso	denúncia	alerta	advertência	anúncio	divulgação	publicação
e basta uma pequena assimetria entre eles para que o sistema automático se desarme e o avião volte para o modo manual	assimetria	diferença	desigualdade	incongruência	discordância	discrepância	irregularidade	asimetria
fundado em 1977 o parque na rs020 em gravataí é a concretização de um sonho do empresário lauro febernati morto em 2005 que quando criança planejava um dia morar na áfrica	concretização	realização	execução	materialização	efeito	cumprimento	consumação	conclusão	desenvolvimento	resultado	finalização
no entanto há restrições	restrições	limitações	impedimentos	obstáculos	proibições	vedações	interdições	veto	imposições	censuras	condicionantes
diante do fracasso de projetos como o da elétrica jacuí eleja envolvida no escândalo das usinas que redundou até em prisões as dúvidas sobre o potencial da geração térmica a carvão no estado persistem	persistem	permanecem	continuam	subsistem	restam	se mantém	duram	remanesce	sobrevivem	conservam-se	prevalecem
os nascimentos de bebês despencaram a partir da década de 70 imobilizando a taxa de fecundidade no velho continente hoje em 152 filho por família	despencaram	caíram	diminuíram	desabaram	mergulharam	pularam	decolaram	decresceram	reduziram	despontaram	afundaram
governos se afligem com o silêncio nos berçários	afligem	preocupam	incomodam	entristecem	desgostam	aborrecem	desagradam	desapontam	decepcionam	chateiam	contrariam
somadas as indústrias do rio grande do sul teriam capacidade para atender a quase metade do abastecimento nacional previsto para 2008 de 840 milhões de litros	abastecimento	fornecimento	aprovisionamento	suprimento	distribuição	abastada	entrega	oferta	disponibilidade	despacho	repartição
considerada um dos grandes testes para a adoção do biodiesel no brasil a transformação de capacidade instalada em produção efetiva deve ditar a rapidez da evolução da mistura dos 2 iniciais para uma proporção maior	efetiva	prática	real	certa	verdadeira	ativa	concreta	positiva	eficaz	relevante	eficiente
esse acréscimo já tem a chancela da associação nacional dos fabricantes de veículos automotores	chancela	sinal	assinatura	selo	aprovação	concordância	licença	permissão	certificado	atestado	autorização
a medida está em análise porque existe capacidade para 25 bilhões de litros três vezes mais do que o necessário para atender ao abastecimento da nova mistura do combustível chamado de b2	abastecimento	fornecimento	suprimento	distribuição	aprovisionamento	abasteceria	reabastecimento	desabastecimento
ontem ainda havia controvérsias sobre o tipo de exigência que seria feita no varejo	controvérsias	polêmicas	dúvidas	questões	problemas	desacordos	discussões	conflitos	obstáculos	dificuldades	impasses
quem não conseguir esgotar o armazenamento de diesel puro não pode misturar com o b2 porque o produto ficaria fora de especificação	armazenamento	depósito	estoque	reserva	acumulação	armazém	repositório	guarda	cozinha	despensa	silos
aos poucos no entanto a determinação foi sendo flexibilizada no diaadia o que ocasionou o agravamento da situação	determinação	decisão	resolução	intenção	deliberação	definição	firmeza	convicção	prontidão	disposição	vontade
alarmado o diretor do fórum e juiz da 3ª vara criminal de passo fundo giuliano viero giuliato ordenou há cerca de duas semanas que presos com condenação definitiva sejam levados para outras instituições penais do estado	alarmado	preocupado	assustado	aterrorizado	angustiado	inquieto	temeroso	assombrado	apavorado	aterroado	amargurado
580 quando o número de presos no local atingir esses três dígitos será totalmente proibido o ingresso de novos apenados	apenados	presidiários	detentos	reclusos	encarcerados	prisioneiros	condenados	cumpridores	penalizados	punidos	castigados
havia um fiat doblò estacionado em frente a uma panificadora	panificadora	padaria	bakery	padeiro	casa de pão	fábrica de pães	indústria de panificação
ele afirmou ainda que o carro trafegava dentro da velocidade máxima permitida 60 km h	trafegava	viajava	corria	passava	circulava	rolava	deslocava	se deslocava	se locomovia	se movimentava	transitava
testemunhas contrariam esta versão	contrariam	desmentem	negam	desacreditam	desautorizam	invalidam	revogam	anulam	desaprovam	rejeitam	desconhecem
eliane beatriz guth que trabalha na panificadora disse que não havia nenhum veículo estacionado em frente ao estabelecimento	panificadora	padaria	fábrica de pães	indústria de massas	boulangerie	fornalha	forno de padaria	padaria e confeitaria	fabricante de pães
mas sim o embrião de um movimento de perpetuação no poder que ameaça se alastrar pela américa latina	alastrar	esparramar	propagar	difundir	espalhar	proliferação	divulgar	expandir	transmitir	disseminar	estender
há quem continue inabalável na defesa do presidente	inabalável	inabalado	inquebrantável	firme	imutável	constante	infalível	invicto	indomável	irremovível	incorruptível
a novidade é a crescente parcela da população que tem questionado se vale a pena dar mais esse crédito ao tenentecoronel um rebelde cujo golpe fracassado em 1992 lhe rendeu dois anos de cadeia e notoriedade suficiente para vencer três eleições presidenciais	fracassado	mal sucedido	desastroso	infrutífero	malsucedido	desafortunado	desastrado	desditoso	desventurado	infeliz	desgraçado
a maioria dos descontentes são antigos adesistas mas que agora não compram mais no escuro a versão de chávez de que os problemas nacionais da falta de comida à insegurança decorrem de um boicote de empresários e da elite local a oligarquia sempre demonizada por chávez	decorrem	provêm	derivam	nascem	brotam	surgem	originam-se	emanam	procedem	resultam	se originam
no dia seguinte chávez reuniu uma multidão ainda maior e em um discurso inflamado ameaçou a oposição a imprensa estrangeira a colômbia os estados unidos a espanha e os bancos espanhóis sediados no país	inflamado	ardente	passional	apaixonado	irritante	furioso	indignado	violento	agressivo	exaltado	acalorado
entre as 69 propostas de mudanças na constituição chávez vai da reeleição sem limites ao fim da autonomia do banco central do direito a expropriar propriedades privadas à subordinação de governantes a militares nomeados por ele	expropriar	apropriar-se	tomar posse	desapossar	assumir o controle	apoderar-se	confiscar	adquirir	tomar	capturar	ocupar
há também medidas populares como a redução da jornada de trabalho para 36 horas semanais e uma ampliação da cobertura previdenciária	ampliação	expansão	extensão	aumento	incremento	acréscimo	elevação	alargamento	ampliamento	extensão	alongamento
o referendo ocorre em meio a uma grande descrença da população da venezuela nas instituições e nos partidos políticos	descrença	desconfiança	indiferença	desilusão	desinteresse	ceticismo	incerteza	dúvida	suspeição	recuo	rejeição
chávez quer expandir sua revolução bolivariana que hoje já tem como adeptos o equador e a bolívia esta última mergulhada em uma crise semelhante à venezuelana	expandir	ampliar	estender	alargar	prolongar	prorrogar	alongar	enriquecer	aprofundar	reforçar	fortalecer
em uma das fotos mostradas no julgamento diana está no banco traseiro do veículo e olha para trás aparentemente para ver se o motorista havia despistado os paparazzi	aparentemente	evidentemente	obviamente	claro	visivelmente	manifestamente	overtamente	ostensivamente	abertamente	publicamente	externamente
em uma das fotos mostradas no julgamento diana está no banco traseiro do veículo e olha para trás aparentemente para ver se o motorista havia despistado os paparazzi	despistado	enganado	iludido	confundido	desorientado	perdido	desviado	engambelado	logrado	distraído	deslumbrado
duas investigações anteriores uma da polícia francesa e outra da britânica atribuíram o acidente ao fato de o motorista henri paul estar alcoolizado e dirigindo em alta velocidade	alcoolizado	embriagado	bêbado	envenenado	intoxicado	drogado	influenciado	alterado	modificado	afetado	envolvido
não são de ontem esses problemas temos de monitorar constantemente observa gilmara	constantemente	sempre	continuamente	incessantemente	incansavelmente	ininterruptamente	perpetuamente	persistentemente	reiteradamente	sucessivamente	interminavelmente
proprietária quer se desfazer dos bichos	proprietária	dona	posse	titular	detentora	possuidora	doninha	senhora	mulher
no uruguai não é proibido comercializar nem comprar as aves	comercializar	vender	negociar	comprar	adquirir	obter	conquistar	alcançar	atingir	capturar	apoderar
uma expedição que começa na próxima sextafeira pretende romper pela primeira vez a crosta terrestre	expedição	viagem	missão	expedição científica	aventura	desbravamento	jornada	incursão
no trabalho será utilizado o mais sofisticado navio científico da atualidade	sofisticado	avançado	complexo	intrincado	elaborado	desenvolvido	perfeccionado	refinado	elegante	luxuoso	requintado
o sistema é protegido por um segundo tubo cheio de lama que envolve a perfuratriz reduzindo atritos e removendo os detritos	detritos	restos	resíduos	dejetos	lixo	entulho	escombros	rejeitos	borras	borrões
assim a semana mais turbulenta do ano fechou em recuperação para os investidores	turbulenta	agitada	tempestuosa	convulsiva	agressiva	violenta	acirrada	confusa	caótica	revolta	problemática
preocupados com a repercussão da crise itaú bradesco e unibanco divulgaram nota afirmando que não trabalham com esse segmento de crédito norteamericano	segmento	setor	mercado	área	seção	parte	grupo	conjunto	categoria	divisão	porção
instituições financeiras nacionais notaram que há precaução dos investidores contra possíveis surpresas no final de semana	precaução	prudência	cuidado	reserva	cautela	prevenção	segurança	vigilância	proteção	defesa	preocupação
essa decisão não altera a taxa básica de juro de curto prazo que tem impacto mais direto sobre os juros que as instituições financeiras cobram de seus clientes	impacto	influência	efeito	consequência	resultado	efeitos	repercussão	efeituando	efeituação
passou a não se preocupar apenas em frear a inflação mas também em manter o ritmo de crescimento econômico	frear	reduzir	diminuir	controlar	parar	interromper	abrandar	refrear	sustar	moderar	contornar
as condições dos mercados financeiros pioraram e as condições mais restritas do crédito e a maior incerteza poderiam impedir a continuidade do crescimento econômico informou o comunicado do comitê de mercado aberto	restritas	limitadas	rigorosas	rígidas	severas	estritas	apertadas
percurso previsto vai do bairro barreiros em são josé à ufsc	percurso	trajeto	ruta	rota	viagem	passagem	curso	travessia	deslocamento	deplacamento	caminho
o edital de licitação do metrô de superfície a ser aberto sextafeira é integrado pelo projeto da obra o estudo de viabilidade econômica e avaliações de impacto ambiental	integrado	incluso	composto	constituído	formado	organizado	estruturado	concebido	desenvolvido	elaborado	apresentado
em 13 anos esse número pode chegar a 230 mil e tornará a circulação na cidade inviável acredita o presidente do conselho regional de engenharia e arquitetura em santa catarina raul zucatto	inviável	impraticável	proibitivo	irrealizável	inexequível	incômodo	desvantajoso	inviabilizado	complicado	prejudicial	insustentável
sem iniciativas conjuntas porém garante ser impossível que o metrô de superfície solucione o problema	solucione	resolva	resolve	ajuda	remedia	conserta	arranja	melhora	repara	corrige	acerta
em alguns casos as pastorais e dioceses coordenam o rodízio das imagens enquanto em outros as comunidades se organizam	coordenam	organizam	gerenciam	administram	regulamentam	ordenam	comandam	dirigem	controlam	programam	planejam
em alguns casos as pastorais e dioceses coordenam o rodízio das imagens enquanto em outros as comunidades se organizam	rodízio	rotação	 revezamento	 troca	 alternância	 intercalação	 sequência	 ordem	 disposição	 arranjo	 distribuição
a devoção também encontra adeptos nos centros urbanos	adeptos	seguidores	fiéis	discípulos	partidários	crentes	adeptas	sectários	fanáticos	zeladores	devotos
foi um padre de casca que introduziu o rodízio da santinha para aumentar a fé e fazer com que nós conhecêssemos e freqüentássemos mais as casas dos outros lembra a agricultora que mora na localidade de montes cárpatos	rodízio	rotação	vez	ordem	sequência	alternância	escala	temporada	turno	permuta	sucessão
aos poucos recupera a forma depois de mais de um mês e meio fora do futebol por causa de contusão muscular na coxa direita	contusão	lesão	trauma	fratura	dor	 machucado	entorse	ferimento	hematoma	contundido	golpe
isso porque a boeing utiliza um conceito que torna a operação de um avião mais simples e menos propícia a erros do piloto ou a mau funcionamento da aeronave	propícia	própria	certa	apropriada	adequada	conveniente	fácil	susceptível	disposta	inclinada	preparada
mas criouse um paradoxo	paradoxo	contrassenso	absurdo	incongruência	antinomia	contradição	dissonância	cômica	ironia	dúvida
o melhor exemplo são os manetes de controle dos motores e de acionamento do reverso o dispositivo que inverte o fluxo de ar nas turbinas e ajuda o avião a parar	dispositivo	aparelho	instrumento	máquina	equipamento	artefato	aparato	mecanismo	sistema	componente	elemento
segundo gravações da caixapreta do a320 da tam um dos manetes correspondente ao motor direito que estava com o reverso travado teria ficado na posição de aceleração	travado	trancado	bloqueado	detido	paralisado	imobilizado	fixado	fechado	cruzado	encaixado
inácio publicou em 2001 deca e zé perri livro em edição bilíngüe portuguêsfrancês no qual ele registra os relatos do pai sobre as andanças do escritor pela ilha de santa catarina	andanças	passeios	viagens	peripécias	aventuras	passagens	ocorrências	acontecimentos	eventos	incidentes	gastos
em reunião da mesa diretora ontem senadores argumentaram que o ideal seria acabar com a verba indenizatória de r 15 mil mensais que todos os parlamentares recebem e equiparar os salários fixados atualmente em r 166 mil aos r 245 mil dos ministros do supremo tribunal federal stf que é o teto do funcionalismo público	parlamentares	deputados	legisladores	senadores	congressistas	candidatos	eleitos	representantes	membros	políticos	legislativos
em reunião da mesa diretora ontem senadores argumentaram que o ideal seria acabar com a verba indenizatória de r 15 mil mensais que todos os parlamentares recebem e equiparar os salários fixados atualmente em r 166 mil aos r 245 mil dos ministros do supremo tribunal federal stf que é o teto do funcionalismo público	equiparar	igualar	equipar	comparar	relacionar	confrontar	contrastar	unificar	homogeneizar	padronizar	assimilar
a verba indenizatória foi criada para custear despesas dos parlamentares com seus mandatos nos estados	custear	remunerar	pagar	financiar	reembolsar	indenizar	compensar	resarcir	retribuir	reconhecer	reembolsar
a verba indenizatória foi criada para custear despesas dos parlamentares com seus mandatos nos estados	parlamentares	deputados	legisladores	congressistas	políticos	candidatos	eleitos	representantes	poder legislativo	membros	
para viana este é um passo importante para dar mais transparência ao legislativo	transparência	clareza	honestidade	abrangência	publicidade	visibilidade	abertura	franqueza	autenticidade	 pureza	 sinceridade
a mesa também discutiu a possibilidade de criar uma sala reservada dentro do cafezinho do senado porque os parlamentares têm reclamado da falta de privacidade no seu tradicional ponto de encontro que agora está restrito aos senadores	restrito	limitado	proibido	vedado	fechado	reservado	privado	secreto	confidencial	sigiloso	confidential
após vários adiamentos o julgamento do mérito da questão foi postergado novamente agora para fevereiro	postergado	adornado	adiado	prorrogado	remarcado	reagendado	represado	protelado	atrasado	diferido	temporizado
veste terno azul e gravata corderosa impecáveis mas chega com um andar desengonçado	impecáveis	imaculados	perfeitos	irrepreensíveis	intocáveis	incumbentes	irretocáveis	corretos	certos	adequados	apropriados
veste terno azul e gravata corderosa impecáveis mas chega com um andar desengonçado	desengonçado	desajeitado	trôpego	descoordenado	desarmônico	incómodo	desconfortável	desproporcionado	inadequado	impróprio	deslocado
mas são celebridades como kerry que protagonizam as mais concorridas coletivas de imprensa	protagonizam	estrelam	representam	desempenham	encenam	atuam	apresentam	realizam	fazem	participam	organizam
quando havia o bar as bobagens eram sempre mais atrativas conta a mãe a dona de casa eliane gonçalves	bobagens	tolices	asneiras	estupidez	coisas sem importância	parvoíces	crenças supersticiosas	superstições
os brasileiros marcaram 370 pontos em matemática 14 a mais do que na sondagem de 2003	sondagem	pesquisa	censo	inquérito	consulta	avaliação	exame	análise	revisão	investigação	inquirição
o avanço em matemática teve como contrapartida um forte declínio no desempenho em leitura	declínio	decadência	queda	caída	redução	diminuição	perda	queda de nível	declive	baixa	mergulho
isso serviu de estopim para a concorrência de preços	concorrência	competição	disputa	rivalidade	conflito	choque	colisão	batalha	guerra	combate	luta
aos sete meses o macacoaranha não é o único que precisa de atenção redobrada durante o inverno	redobrada	triplicada	repetida	reforçada	duplicada	multiplicada	aumentada	reforçada	exagerada	intensificada	ampliada
por volta das 16h30 min a calefação volta a ser ligada	calefação	aquecimento	calefacção	calegação
o lar do pontífice em são paulo consiste de três salas contíguas no primeiro andar do mosteiro cada uma com uma janela dando para os jardins do claustro	contíguas	adjacentes	próximas	vizinhas	conexas	unidas	juntas	coladas	ligadas	compartilhadas	aproximadas
a sala contém ainda uma poltrona com uma luminária de leitura ao lado escrivaninha uma cadeira e arcondicionado	escrivaninha	mesa	secretária	escritório	mobília	cadeira	poltrona	cama	sofá	janela	porta
o toque de requinte a esses aposentos austeros é conferido por flores	requinte	luxo	elegância	sofisticação	refinamento	distinção	charme	grandeza	riqueza	opulência	esmero
o toque de requinte a esses aposentos austeros é conferido por flores	conferido	dado	oferecido	atribuído	conferir	adquirido	obtido	apresentado	realizado	feito	outorgado
a menos de 24 horas da chegada de bento xvi militares fardados subiam e desciam escadas de mármore e agentes federais faziam as últimas revistas nos aposentos que abrigarão o visitante ilustre	ilustre	eminente	famoso	notável	renomado	conhecido	distinguido	importante	prestigioso
no momento crucial da história da varig os desentendimentos internos que se tornaram marca registrada da empresa viraram passado pelo menos por um momento	crucial	importante	decisivo	crítico	urgente	sensível	delicado	fundamental	necessário	principal	essencial
a expectativa é de que a nova companhia adote uma gestão moderna com folha de salários mais enxuta para vencer a crise em que se envolveu com dívidas beirando r 9 bilhões	gestão	administração	gerenciamento	direção	controle	mando	chefia	liderança	comando	regência	coordenação
diversidade e clima descontraído foram as marcas do primeiro dia do 8º fórum internacional software livre fisl que prossegue até amanhã no centro de exposições da federação das indústrias do estado	diversidade	variedade	pluralidade	heterogeneidade	desigualdade	distinção	multiplicidade	variação	disparidade	diversão	alteração
diversidade e clima descontraído foram as marcas do primeiro dia do 8º fórum internacional software livre fisl que prossegue até amanhã no centro de exposições da federação das indústrias do estado	descontraído	relaxado	descontrito	calmo	sereno	tranquilo	sossegado	plácido	sofisticado	elegante	refinado
mais de 200 palestras integram a programação muitas destinadas a usuários leigos em informática	leigos	iniciantes	desprevenidos	ignorantes	profanos	desinformados
além de encontrar o pessoal do software livre com quem a gente está sempre em contato vim para ver algumas palestras e me atualizar em novas tendências debatidas aqui	debatidas	discutidas	tratadas	examinadas	estudadas	analisadas	abordadas	consideradas	avaliadas	propostas	apresentadas
o fórum retrata a diversidade da comunidade de software livre onde todos os grupos projetos e iniciativas têm espaço	diversidade	variedade	pluralidade	heterogeneidade	desigualdade	pluralismo	multiplicidade	variabilidade	diferença	dessemelhança	diversificação
acessório símbolo do aviador foi furtado há cerca de um ano	acessório	adorno	complemento	acessório	apetrecho	equipamento	utensílio	recurso	objeto	artefato	dispositivo
calma freqüentador do parque da redenção o busto de santosdumont não foi furtado	busto	estátua	monumento	imagem	efígie	escultura	figura	retrato	boneco	modelo	réplica
calma freqüentador do parque da redenção o busto de santosdumont não foi furtado	furtado	roubado	levado	subtraído	extraviado	roubado	perdido	desaparecido	sumido	falsificado	clonado
funcionários da secretaria municipal do meio ambiente smam levaram cerca de uma hora para tirar a estátua de seu pedestal na manhã de ontem	pedestal	suporte	base	plataforma	trono	assento	apoio	estrado	tribuna	cadeira	banqueta
foram utilizados marreta martelo e talhadeira para levantar os quatro pinos que prendiam o busto à base de cimento	busto	estátua	monumento	efígie	imagem	escultura	figura	retrato	busto	boneco	modelo
seis parlamentares brasileiros irão ao evento	parlamentares	deputados	congressistas	legisladores	senadores	candidatos	políticos	eleitos	representantes	ministros	secretários
o deputado federal tarcísio zimmermann pt presidente no brasil da rede parlamentar mundial é um dos seis parlamentares brasileiros e único gaúcho com presença confirmada no evento	parlamentares	deputados	legisladores	políticos	congressistas	parlamentaristas	legislativos	candidatos	eleitos	representantes	secretários
a capital vivencia um fenômeno contraditório	contraditório	incomum	antagônico	imprevisível	diverso	diferente	singelo	desigual	discordante	desarmônico	heterogêneo
os resultados são percebidos em redutos tradicionais da classe média como cidade baixa e menino deus	redutos	esconderijos	refúgios	abrigo	asilos	valhacoutos	escondrijos	guaridas	antros	locais
sem espaço sob pontes e viadutos moradores de rua transformam calçadas em dormitórios e latrinas	latrinas	banheiros	privadas	sanitários
é por isso que em quase todo prédio de vias como josé do patrocínio lima e silva venâncio aires e getúlio vargas grades separam passeios de espaços condominiais criando uma estética antimendigo na cidade	vias	ruas	avenidas	estradas	trajetos	caminhos	rotas	passagens	corredores	veredas	calçadas
guelion da silva machado 22 anos há um ano e meio vivendo sob a ponte da ipiranga com a azenha compreende a indignação de quem acorda com fezes humanas na porta de casa	indignação	revolta	descontentamento	insatisfação	protesto	desaprovação	repulsa	aborrecimento	desgosto	irritação	zanga
segundo ele a segunda forma de escrita se trata de uma deformação popular que torna a sonoridade da palavra mais agradável e familiar	sonoridade	som	volume	tom	timbre	eco	resonância	acústica	ressonância	melodia	harmonia
a área de lazer está montada para não decepcionar as crianças	montada	organizada	construída	instalada	preparada	concebida	estruturada	projetada	elaborada	desenvolvida	planejada
júpiter e suas luas saturno e seus famosos anéis orion e sua constelação e até uma efêmera estrela cadente passaram em revista pelo olhar do grupo	efêmera	temporária	transitória	fugaz	momentânea	brevíssima	passageira	imediata	instantânea	breve	rápida
algumas particularidades dessa última ocorrência porém fizeram com que a direção ficasse ainda mais pesarosa	particularidades	características	aspectos	particularismos	pormenores	detalhes	minúcias	especificidades	propriedades	atributos	qualidades
algumas particularidades dessa última ocorrência porém fizeram com que a direção ficasse ainda mais pesarosa	pesarosa	triste	desoladora	trágica	melancólica	sombria	lamentável	dolorosa	penosa	tenebrosa	funesta
emília quer acreditar que seus discursos tenham transmitido indignação aos alunos e o deles aos pais vizinhos à escola	indignação	revolta	desaprovação	insatisfação	protesto	irritação	descontentamento	indignidade	desagrado	censura	repulsa
apesar do esforço da família em se manter unida a mudança para viamão deixou uma seqüela	seqüela	conseqüência	decorrência	resultado	efeito	vestígio	rastro	marca	herança	legado	resquício
em 2007 25 milhões foram infectadas	infectadas	contaminadas	afetadas	atingidas	envolvidas	acometidas	invadidas	prejudicadas	lesadas	atacadas
o número de mortes em decorrência da aids neste ano foi de 21 milhões	decorrência	consequência	efeito	resultado	causa	origem	motivo	razão	ocasião	ocorrido	acontecimento
ainda estamos muito distantes do patamar que consideramos adequado do ponto de vista ético e do compromisso assumido na assembléia geral da onu em 2001 diz chequer exdiretor do programa nacional de dst e aids	patamar	nível	grau	nível de excelência	estágio	limiar	marco	padrão	parâmetro	referencial	meta
os relatórios indicam aumento de 150 no número de infectados na europa oriental e na ásia central	infectados	contagiados	doentes	enfermos	afetados	pessoas com a doença	portadores da doença	pessoas contaminadas	pessoas afetadas	pessoas atingidas
o grupo rbs celebra hoje os seus primeiros 50 anos de existência com as mãos no trabalho os olhos no futuro e o coração tomado pela mesma paixão de comunicar que motivou maurício sirotsky sobrinho ao associarse à rádio gaúcha em 1957	motivou	impulsionou	estimulou	animou	incitou	inspirou	despertou	levou	induziu	moveu	causou
é para satisfazer plenamente ouvintes leitores telespectadores e usuários dos seus vários serviços que a rbs produz e entrega informação entretenimento e conteúdos diversos	entretenimento	diversão	prazer	recreio	passatempo	espetáculo	animação	desenvolvimento	cultivo	treinamento	educação
é em respeito a esse público que a rbs aperfeiçoou ao longo dessas cinco décadas uma linha editorial centrada na verdade na independência na democracia na liberdade de expressão no pluralismo de opiniões no localismo e na responsabilidade social	aperfeiçoou	aperfeiçoa	melhorou	aprimorou	desenvolveu	enriqueceu	refinou	ampliou	avançou	evoluiu	transformou
é em respeito a esse público que a rbs aperfeiçoou ao longo dessas cinco décadas uma linha editorial centrada na verdade na independência na democracia na liberdade de expressão no pluralismo de opiniões no localismo e na responsabilidade social	localismo	regionalismo	tradição
o diretor também acredita que o tema do desfile educação trabalho e dignidade já é propício a manifestações	propício	favorável	adequado	próprio	oportuno	conveniente	apropriado	indicado	certo	correto	exato
a informação foi dada na conferência da origem do universo aos grandes telescópios ministrada ontem por joão steiner astrofísico da usp durante a 52ª reunião anual da sociedade brasileira para o progresso da ciência	conferência	palestra	apresentação	aula	discurso	exposição	seminário	congresso	encontro	debate	simposium
essa pessoa não perceberia a terra que seria ofuscada pela luminosidade solar explicou steiner	luminosidade	brilho	brightness	luz	claridade	brilhantismo	candência	rubi	dourado	clarão	esplendor
adalberto veríssimo da ong imazon apresentou estudo segundo o qual as cidades em regiões amazônicas ocupadas de forma predatória duram por volta de 23 anos	predatória	exploradora	destrutiva	desastrosa	agressiva	predatória	danosa	nociva	dissociativa	devastadora	perniciosa	
depois disso entram em colapso total por falta de uma política de desenvolvimento sustentável	colapso	desabamento	ruiína	derrocada	desmoronamento	hemicrania	debacle	desintegração	ruína	catástrofe	calamidade
para os paleontólogos achar esse tipo de evidência equivale a acertar na loteria	evidência	prova	sinal	indício	vestígio	marca	pista	sintoma	traço	rastro	perceptível
é como se o dinossauro tivesse sido enterrado ontem disse alexander kellner geólogo do setor de paleovertebrados do museu nacional e coordenador da expedição que encontrou o fóssil na região da chapada do araripe ceará veja mapa	expedição	viagem	deslocamento	missão	delegação	comitiva	equipe	partida	campanha	excursão	jornada
a proposta já faz parte de outras declarações como a declaração de consenso de atlanta de 99 assinadas por menos cientistas e sem endosso da oms	endosso	apoio	aprovação	assinatura	reconhecimento	aval	autorização	garantia	sanção	proteção	patrocínio
mas zonas de intensa urbanização recente como o sul dos eua e o norte do méxico também foram incluídas no novo mapa da escassez	escassez	falta	penúria	carência	deficiência	carente	insuficiência	escapamento	inexistência	ausência	desfalque
a equipe liderada por yoshihiro kawaoka analisou amostras do h5 n1 o vírus influenza que em 1997 matou 6 das 18 pessoas infectadas em hong kong	infectadas	contagiadas	afetadas	atingidas	doentes	envenenadas	intoxicadas	lesionadas	agredidas	atacadas	contaminadas
cientistas do centro de estudos de saclay na frança parecem ter encontrado o primeiro indício de que a via láctea esteja cercada por um verdadeiro campo minado de buracos negros cerca de 1 milhão ao todo eles estimam	estimam	calculam	consideram	acreditam	pensam	julgam	cavalgam	imaginam	supõem	crêem	reputam
a pesquisa que sai publicada hoje na revista britânica nature wwwnaturecom é a primeira a constatar que um buraco negro está orbitando o centro da via láctea fora do plano do disco galáctico	constatar	reconhecer	descobrir	determinar	encontrar	estabelecer	verificar	confirmar	detectar	comprovar	identificar
um buraco negro é o resultado do colapso de uma estrela muito maciça	maciça	grande	poderosa	pesada	robusta	forte	compacta	grossa	espessa	denso	pesado
atualmente o único meio seguro de aferir sua presença é observar astros próximos que estejam sob influência de sua gravidade	aferir	verificar	detectar	identificar	descobrir	encontrar	avaliar	medir	calcular	determinar	reconhecer
a riqueza de artefatos de várias origens ali depositados pelas sucessivas levas de ocupantes do território português	artefatos	objetos	vestígios	restos	materiais	remanescentes	registros	documentos	testemunhos	relicários	vestígio
o livro é o primeiro no país a descrever esse aspecto da arqueologia em geral associado negativamente com a caça a tesouros	associado	relacionado	conectado	ligado	vinculado	combinado	juntado	unido	encontrado	descrito	caracterizado
agora ele informa que um deles está atravessando a vastidão da galáxia a uma velocidade exorbitante vindo direto para cá	exorbitante	excessivo	elevado	alto	extremo	desmesurado	desproporcional	absurdo	incomum	extraordinário	anormal
apesar disso esse objeto viajando pelo espaço a 400 mil quilômetros por hora 12703 da velocidade da luz é um lembrete incômodo de que buracos negros não têm as trajetórias comportadas e previsíveis que todos gostariam que eles tivessem	previsíveis	previstos	calculáveis	confiáveis	seguros	certos	normais	regulares	comuns	usuais	estáveis
em volta do buraco negro está orbitando uma estrela subgigante bastante comum	orbitando	girando	circundando	rodeando	envolvendo	cercando	circulando	andando ao redor	flutuando ao redor	pairando ao redor	descrevendo uma órbita ao redor
estimativas anteriores sugeriam que um evento desses ocorresse em média a cada 200 ou 300 anos	estimativas	cálculos	cômputos	avaliações	estimativa	previsões	prognósticos	pronósticos	conjecturas	suposições	presunções
as medidas de estresse eram o ritmo de batimento cardíaco e a pressão sanguínea	cardíaco	coração	cardiovascular	pulsação	cardiologia	córdio	circulatório
depois de ter sido acusada pela organização mundial da saúde de ter mais casos de pneumonia asiática do que relatava publicamente a china prometeu mais transparência na notificação de casos da doença	transparência	clareza	honestidade	abertura	publicidade	franqueza	clareamento	manifestação	exposição	revelação	confissão
depois de ter sido acusada pela organização mundial da saúde de ter mais casos de pneumonia asiática do que relatava publicamente a china prometeu mais transparência na notificação de casos da doença	notificação	relato	informe	comunicação	divulgação	anúncio	avisamento	reportagem	publicação	denúncia	revelação
o encontro do partido ocorreu um dia depois de a oms ter dito que pequim tem 200 casos de sars em vez dos 37 notificados	notificados	relatados	informados	avisados	comunicados	reportados	declarados	divulgados	registrados	citados	publicados
segundo informou a asi agência espacial italiana no fim da noite de ontem por telefone o impacto dos destroços teria ocorrido às 18h06 horário de brasília numa área remota do oceano	destroços	restos	detritos	escombros	fragmentos	pedaços	ruínas	migalhas	cacos
os resultados do trabalho que tem como autores pesquisadores franceses e argentinos e o astrofísico brasileiro irapuan rodrigues haviam sido noticiados pela folha em março antes de o estudo ser selecionado para publicação	selecionado	escolhido	designado	indicado	eleito	nomeado	apontado	destacado	preferido	classificado
a idéia iniciada em 1976 era coletar e preservar criogenicamente em baixas temperaturas amostras celulares de animais ameaçados de extinção com a esperança de estudálos e quem sabe ressuscitálos quando a tecnologia assim o permitisse	amostras	espécimes	exemplares	modelos	amostragens	fragmentos	partículas	vestígios	resquícios	restos	partes
primeiro pede que a comissão técnica nacional de biossegurança ctnbio seja a única instância a regulamentar tanto a pesquisa como a comercialização de transgênicos no âmbito do mérito científico	regulamentar	normatizar	legislar	sancionar	aprovar	homologar	ratificar	autorizar	certificar	credenciar	reconhecer
os resultados fornecem novos lampejos sobre a estrutura da comunidade e revelam as estratégias que marcam a atividade microbiana nesse ambiente dizem	lampejos	indícios	informações	pistas	detalhes	sinais	vestígios	dados	claramente	provas	indicações
por enquanto as implicações estão mais ligadas à prevenção do mal de alzheimer do que a uma possível melhora do prognóstico dos pacientes afirmou mattson que participou da conferência apresentando os seus dados da pesquisa por telefone por estar gripado	implicações	consequências	efeitos	resultados	significados	repercussões	impactos	influências	efeito	resultados	consequência
colegas de mattson também revelaram novas evidências de que o consumo de vitaminas como suplemento alimentar e provenientes de vegetais seria capaz de prevenir o advento da doença e mesmo de que as estatinas hoje usadas para o combate ao colesterol na corrente sangüínea também poderiam evitar o aparecimento do mal de alzheimer	evidências	provas	indícios	sinais	vestígios	traços	marcas	testemunhos	informações	dados	registros
colegas de mattson também revelaram novas evidências de que o consumo de vitaminas como suplemento alimentar e provenientes de vegetais seria capaz de prevenir o advento da doença e mesmo de que as estatinas hoje usadas para o combate ao colesterol na corrente sangüínea também poderiam evitar o aparecimento do mal de alzheimer	aparecimento	ocorrência	manifestação	ocorrência	aparição	eclosão	surto	emergência	irrupção	incidência	recorrência
num trabalho aprovado para publicação na revista científica pnas wwwpnasorg a equipe mostrou que o aparecimento da betaamilóide induz um acúmulo anormal de colesterol e ceramida	aparecimento	aparição	ocorrência	manifestação	presença	surto	eclosão	emergência	ocorrência	auge	irrupção
mas ninguém conseguira detectar flutuações até o cobe	flutuações	oscilações	variações	alterações	flutuabilidade	flutuação	onduções	ondulações
a partir das flutuações é possível estimar a quantidade de matéria e energia existente no universo e a idade do cosmos entre outras descobertas importantes	estimar	calcular	aproximar	avaliar	julgar	medir	determinar	prever	considerar	imaginar	supor
como a correnteza na planície é muito fraca há acúmulo no fundo do taquari	acúmulo	depósito	junção	aglomeração	acumulação	amontoamento	reunião	concentração	coleção	recolha	estocagem
estudos baseados em modelos de computador publicados nos dois principais periódicos científicos do planeta indicam que diagnóstico rápido quarentena de doentes e tratamento em massa com antivirais seriam capazes de impedir algo semelhante ao que aconteceu com a chamada gripe espanhola logo depois da primeira guerra mundial	diagnóstico	exame	análise	avaliação	detecção	reconhecimento	identificação	observação	exame médico	verificação	investigação
estudos baseados em modelos de computador publicados nos dois principais periódicos científicos do planeta indicam que diagnóstico rápido quarentena de doentes e tratamento em massa com antivirais seriam capazes de impedir algo semelhante ao que aconteceu com a chamada gripe espanhola logo depois da primeira guerra mundial	antivirais	medicamentos	remédios	vacinas
as vítimas se infectam por inalação ou ingestão do vírus nas fezes e nas secreções das aves cujo organismo foi invadido	infectam	contaminadas	afetadas	atingidas	prejudicadas	influenciadas	alteradas	modificadas	comprometidas	envolvidas	acometidas
as novas câmeras instaladas para monitorar a subida do ônibus ao espaço revelaram que pedaços de espuma sólida relativamente grandes continuavam a se desprender do tanque externo do veículo	monitorar	controlar	acompanhar	vigiar	observar	registrar	supervisionar	inspecionar
o discovery precisa de reparos antes de voltar para casa	reparos	consertos	reparação	restauração	recuperação	manutenção	ajustes	revisão	arranjos	reformulação	reorganização
graças ao novo sistema de inspeção da nave foi possível detectar o fenômeno no espaço	inspeção	verificação	revisão	exame	análise	examinação	controle	avaliação	observação	supervisão	monitoramento
a principal tarefa agendada será instalar uma plataforma de armazenamento do lado de fora da estação	armazenamento	guarda	depósito	almacenamento	repositório	arquivo	recursos	memória	loja	cozinha	despensa
enquanto a nasa trabalha furiosamente para manter suas naves em operação a despeito dos problemas com a espuma os parceiros internacionais no projeto da construção da iss estão preocupados	parceiros	colaboradores	sócios	colegas	amigos	companheiros	aliados	concessionários	cônjuges	cúmplices	consorciados
as criaturas antes desconhecidas no brasil podem ajudar a elucidar o mecanismo bioquímico que leva à produção de luz em fungos	elucidar	esclarecer	explicar	iluminar	descrever	interpretar	revelar	demonstrar	aprofundar	compreender	entender
além disso com um pouco mais de estudo poderiam servir como sensores vivos de poluição ou mesmo fontes de moléculas úteis para a biotecnologia	sensores	detectores	indicadores	reconhecedores	medições	instrumentos	aparelhos	dispositivos	sistemas	equipamentos	monitores
segundo cassius vinicius stevani químico da usp que coordena os estudos é possível que o material recolhido abranja pelo menos dez espécies novas	abranja	inclua	engloba	abarca	compreende	contém	envolve	cobrirá	abrangerá	englobará	encerra
com base em relatos de moradores e muita paciência na coleta a equipe chegou aos cogumelos em dois locais	relatos	informações	dados	notícias	comentários	depõimentos	declarações	testemunhos	opiniões	histórias
a boa notícia é que pesquisadores argentinos acharam o mais antigo mamífero com traços modernos da américa do sul capaz de preencher uma lacuna de milhões de anos na história desses animais	lacuna	vazio	buraco	defeito	erro	falta	hiato	intervalo	pausa	brecha	golpe
pouco abaixo dele nas camadas de rocha estão mariscos fósseis que se extinguiram no fim do cretáceo enquanto lhe faziam companhia moluscos típicos do paleoceno	mariscos	moluscos	crustáceos	bivalves	caramujos	lagostins	caranguejos	lagartas	bolores	lesmas	gaivotas
a linhagem dos marsupiais e placentários que são conhecidos pelo apelido comum de térios se distingue justamente pelas cavidades especiais dos molares que ajudam a triturar a comida com mais eficiência e estão presentes no espécime	triturar	moer	picar	despedaçar	rachar	pisar	bater	quebrar	amassar	desfazer	esmagar
por décadas os cientistas tiveram de quebrar a cabeça para criar antídotos contra o veneno das cobras	antídotos	remédios	tratamentos	vacinas
ao vasculhar o sangue dos animais em busca das moléculas responsáveis pela resistência perales e seus colegas chegaram a duas substâncias conhecidas como dm43 e dm64	vasculhar	pesquisar	procurar	examinar	investigar	revisar	varrer	revistar	escanear	localizar	identificar
um dos protótipos iniciais continha uma rede de 16 sensores de pressão por centímetros quadrado	sensores	dispositivos	instrumentos	aparelhos	equipamentos	detetores	receptores	captadores	transdutores	medidores	células
segundo eles a pele humana ainda é bem mais complexa do que as imitações desenvolvidas até agora	imitações	cópias	réplicas	simulações	falsificações	imitadas	modelos	duplicatas	fac-símiles	cópias fiéis	reproduções
um ser que invade corpos e domina a mente alheia forçando suas vítimas a fazer o que ele ordena não é mero personagem de ficção	alheia	de outra pessoa	estranha	alienígena	desconhecida	de fora	diferente	alheio	diversa	externa	de terceiros
um ser que invade corpos e domina a mente alheia forçando suas vítimas a fazer o que ele ordena não é mero personagem de ficção	mero	simples	comum	puro	só	pobre	mero	normal	ordinário	restrito	humilde
no futuro quando a produção de tecido hepático se tornar uma realidade o número de transplantes poderá ser minimizado disse à folha por email joe jackson um dos autores do estudo que sai hoje na revista nature	minimizado	reduzido	diminuído	limitado	menor	abaixado	enquadrado	controlado	restringido	encurtado	minorado
a estimativa anterior da organização das nações unidas onu calculava em meio bilhão o número de indivíduos expostos atualmente ao problema	estimativa	cálculo	previsão	cômputo	avaliação	quantificação	contagem	reconhecimento	medição	estimado	suposição
a estimativa anterior da organização das nações unidas onu calculava em meio bilhão o número de indivíduos expostos atualmente ao problema	atualmente	presentemente	hoje	nestes dias	agora	na atualidade	no momento	nestes momentos	nesta época	na presente data	no momento atual
por severa escassez de água potável entendese segundo a onu o uso de mais de 40 das reservas do líquido disponíveis em uma região para consumo industrial doméstico e agrícola	escassez	carência	falta	pobreza	miséria	penúria	dificuldade	deficiência	necessidade	carente	insuficiência
o trabalho foi coordenado pelo geocientista charles vörösmarty da universidade de new hampshire nos estados unidos	coordenado	organizado	gerenciado	administrado	direcionado	liderado	planejado	supervisionado	regulado	orientado	comandado
os camundongos com essa alteração genética comeram até 54 mais que os camundongos normais	genética	biológica	hereditária	orgânica	natural	química	física	científica	experimental	microbiológica	
o fato de o ucp3 ser um gene humano facilita aplicações clínicas da pesquisa	clínicas	práticas	terapêuticas	médicas	sanitárias	hospitalares	curativas	profissionais	científicas	tecnológicas	laboratoriais
um buraco negro é o resultado do colapso de uma estrela muito maciça	colapso	desmoronamento	derrocada	queda	abalo	ruína	rampa	declínio	desabamento	desmanche	desmoronamento
a equipe rastreou a trajetória do buraco negro usando novas observações e a análise de dados anteriores coletados por 43 anos	rastreou	acompanhou	monitorou	verificou	identificou	detectou	encontrou	localizou	avistou	visualizou	percebeu
a partir dessas observações eles calcularam a órbita do astro e constataram que se trata de um objeto que passa a maior parte do tempo no halo galáctico a região que circunda a via láctea	constataram	descobriram	verificaram	encontraram	identificaram	detectaram	perceberam	reconheceram	notaram	observaram	compreenderam
seu grupo está atualmente concluindo um segundo estudo que deve nos próximos meses ser submetido a uma revista científica abordando não um mas cinco astros sendo um deles o mencionado na pesquisa publicada hoje	submetido	apresentado	encaminhado	enviado	remetido	oferecido	destinado	endereçado	redirecionado	repassado	transferido
um modelo testado em simulações muito detalhadas parece explicar como os planetas gigantes podem se formar mais rápido e mais vezes do que julgavam as teorias tradicionais	simulações	experiências	modelos	simulacros	testes	ensaios	repetições	treinos	ensaios	exercícios	análises
a solução foi sugerir um modelo alternativo em que nos primórdios da formação de um sistema planetário instabilidades gravitacionais no disco de gás e poeira já induziriam o surgimento dos envelopes dos gigantes gasosos numa velocidade pelo menos dez vezes maior	primórdios	inícios	começos	origens	princípios	introduções
mesmo sem confirmar o relato histórico feito por um cronista árabe no ano de 996 de que navios vikings teriam afundado a caminho de atacar a cidade de silves os arqueólogos puderam encontrar um tesouro de outro tipo	cronista	historiador	biógrafo	escritor	autor	jornalista	repórter	redator	pesquisador	documentarista	
segundo os arqueólogos durante a escavação foram encontrados inúmeros fragmentos principalmente cerâmicos que vão desde ânforas romanas até utensílios inteiros do século 16 passando pela cerâmica árabe	fragmentos	pedaços	partes	cacos	restos	detritos	vestígios	ruínas	relíquias	despojos	resíduos
computando semelhanças e diferenças os cientistas estimaram que a domesticação deve ter ocorrido 15 mil anos atrás embora também possa ter acontecido antes há 40 mil anos	computando	calculando	cotando	estimando	determinando	considerando	analisando	estudando	examinando	avaliando	pensando
sem falar no fornecimento da mais concreta evidência de que são realmente o resultado de supernovas explosões de estrelas muito maciças	maciças	grandiosas	pesadas	graves	sólidas	grossas	fortes	compactas	densas	espessas	robustas
ele teria sido chutado para fora de sua órbita regular em torno do centro galáctico após a explosão da supernova e a conversão em buraco negro	conversão	transformação	mutação	alteração	mudança	transição	metamorfose	reconversão	virada	inversão	reviravolta
os experimentos foram realizados na própria casa em um quarto ao qual moradores e bichos estavam acostumados	experimentos	testes	análises	ensaios	experiências	pesquisas	investigações	provas	estudos	simulações	verificações
o maldi feito pelo grupo do lip laboratório de instrumentação e partículas do instituto de física também financiado pela fapesp saiu bem mais em conta	financiado	patrocinado	apoiado	subsidiado	coberto	custeado	remunerado	recompensado	indenizado	premiado	reembolsado
o maldi pesa as moléculas bombardeando a amostra que se quer estudar com pulsos de laser	amostra	amostragem	substância	material	exemplar	espécime	porção	partícula	fragmento	peça	parte
o bombardeamento da amostra é feito por partículas de califórnio um elemento radioativo em vez de laser	amostra	material	substância	espécime	corpo	objeto	amostragem	fragmento	partícula	porção	peça
não deve haver demora nem fraude no relato dos casos afirmou a agência citando o comitê cuja reunião foi liderada pelo presidente chinês hu jintao	liderada	presidida	dirigida	orientada	comandada	chefiada	encabeçada	organizada	coordenada	supervisionada	administrada
segundo o último relatório da oms a pneumonia asiática já matou 170 pessoas e infectou 3461 nos cinco continentes	infectou	contaminou	afetou	atingiu	doceu	perturbou	envenenou	tocou	corrompeu	lesou	prejudicou
os fragmentos do satélite italiano bepposax mergulharam na noite de ontem no oceano pacífico deixando aliviados os mais de 30 países inclusive o brasil que estavam sob risco de serem atingidos pelos destroços	fragmentos	pedaços	restos	partes	peças	detritos	resíduos	vestígios	cacos	destroços	ruínas
segundo informou a asi agência espacial italiana no fim da noite de ontem por telefone o impacto dos destroços teria ocorrido às 18h06 horário de brasília numa área remota do oceano	impacto	colisão	choque	bate-rebate	conflito	atrito	encontro	batida	colidência	contato	abalo
como a volta à terra não foi realizada de forma controlada como aconteceu com as 135 toneladas da estação espacial mir em 2001 era impossível prever exatamente onde os destroços iriam cair	destroços	restos	pedaços	fragmentos	detritos	escombros	ruínas	trastes	resíduos	carcaças	vestígios
os resultados do trabalho que tem como autores pesquisadores franceses e argentinos e o astrofísico brasileiro irapuan rodrigues haviam sido noticiados pela folha em março antes de o estudo ser selecionado para publicação	noticiados	divulgados	publicados	informados	comunicados	transmitidos	anunciados	relatados	reportados	repassados	propagados
a realização é fruto de uma parceria entre a companhia de biotecnologia advanced cell technology de massachusetts o centro sioux de iowa e o centro para reprodução de espécies ameaçadas da sociedade zoológica de san diego na califórnia	parceria	aliança	cooperação	colaboração	associação	união	parcerias	concordância	acordo	combinação	união de forças
o segundo está mais debilitado	debilitado	enfraquecido	fragilizado	desgastado	exaurido	esgotado	doente	infrigidado	desanimado	desmoralizado
segundo pesquisadores que estudam a evolução do parasita cujo nome oficial é coronavírus urbani sarsassociado a mais nova dor de cabeça da humanidade parasitava algum animal possivelmente uma ave na china e por alguma razão pulou a barreira de espécies	possivelmente	provavelmente	talvez	aparentemente	evidentemente	obviamente	claramente	seguramente	certamente	indubitavelmente
o que o tornou um matador tão eficiente foi uma recombinação	matador	assassino	caçador	pessoa que mata	قاتل	homem que mata
vitoriosa é o resultado de um experimento realizado pela embrapa	experimento	testagem	ensaio	tentativa	experiência	investigação	análise	pesquisa	teste	prova
o clone do clone coloca o brasil na vanguarda científica desse assunto como já está no seqüenciamento soletração de genoma afirmou rodrigues	vanguarda	avançada	fronteira	primeira linha	ponta de lança	vanguardista
a estimativa foi apresentada por john schellnhuber do centro tyndall em norwich numa conferência sobre os efeitos da mudança climática durante a reunião da aaas	conferência	reunião	congresso	assembleia	encontro	seminário	fórum	debate	sessão	audiência	colóquio
capitaneados por sir david king o principal assessor científico do governo britânico os pesquisadores não pouparam esforços para demonstrar que o aquecimento global já está pondo em risco as vidas e a economia humanas em diversas regiões	capitaneados	liderados	dirigidos	chefiados	orientados	comandados	coordenados	presididos	administrados	gerenciados	supervisionados
esse mecanismo é o equivalente geológico de um cobertor numa noite fria que aquece a atmosfera da terra retendo radiação do sol que de outro modo se dissiparia no espaço	dissiparia	desapareceria	perderia	sumiria	evaporaria	extinguiria	desvaneceria	aniquilaria	aboliria	eliminaria	perdia
estamos recolhendo amostras de coprólitos fezes fossilizadas de duas cavernas em israel com 40 mil anos onde provavelmente cromagnons os primeiros humanos modernos e neandertais viveram lado a lado contou o pesquisador durante a reunião da associação americana para o avanço da ciência	amostras	espécimes	fragmentos	partículas	pequenas quantidades	resíduos	restos	partes	porções	pedaços	sementes
depois disso o que você faz é basicamente sequenciar tudo o que está ali e examinar toda a cadeia de relações alimentares ecológicas e de parentesco das pessoas e animais que habitaram a caverna afirma	sequenciar	organizar	dispor	arranjar	ordenar	preparar	estabelecer	classificar	colocar	reunir	listar
agora os cientistas já agarram um punhado deles de uma vez e trabalham em todos ao mesmo tempo	punhado	monte	conjunto	lote	grupo	coleção	sequência	série	porção	quantidade	parcela
a sorte dos cientistas liderados por jillian banfield da universidade da califórnia em berkeley foi que a amostra de efluentes ácidos analisada tinha um pequeno número de organismos	liderados	comandados	dirigidos	chefiados	orientados	regidos	governados	administrados	coordenados	supervisionados	organizados
mesmo assim ele e seus colegas mostraram evidências de que o uso de substâncias como a vitamina e poderia reduzir os danos causados pelo colesterol aos pacientes com a doença	evidências	provas	indícios	sinais	sintomas	vestígios	traços	rastros	marcas	pegadas
colegas de mattson também revelaram novas evidências de que o consumo de vitaminas como suplemento alimentar e provenientes de vegetais seria capaz de prevenir o advento da doença e mesmo de que as estatinas hoje usadas para o combate ao colesterol na corrente sangüínea também poderiam evitar o aparecimento do mal de alzheimer	advento	aparecimento	ocorrência	início	começo	origem	surto	eclosão	irrupção	manifestação	desenvolvimento
mattson e colegas descobriram uma espécie de combinação letal entre o aparecimento da betaamilóide e a presença de colesterol e de ceramida nos neurônios de pessoas mortas com o mal	aparecimento	ocorrência	manifestação	ocorrência	aparição	emergência	presença	surto	eclosão	início	incidência
os resultados são importante referência para os médicos decidirem se e quando devem seguir uma estratégia de interrupção estruturada ao receitar drogas contra o hiv	estruturada	organizada	ordenada	metódica	planejada	projetada	estratégica	deliberada	intencional	calculada	premeditada
se tirarmos a comida dos flamenguistas quanto tempo vai levar para que os torcedores americanos os superem em número	superem	ultrapassem	suplantem	excedam	ultrapassem	atingirem	superarem	vencessem	suprem	suplantassem	suprassem
para ele em condições ideais o método funcionaria melhor em pacientes que tivessem um quadro estável com baixa contagem de vírus e forte presença de células de defesa	contagem	número	quantidade	cômputo	enumeração	recenseamento	inventário	conta	registro	censo	relação
todos os 35 estudados já não respondiam mais aos tratamentos convencionais quando foram escalados para a pesquisa	convencionais	tradicionais	normais	comuns	usuais	regulares	ordinários	habitual	rotineiros	banais	corriqueiros
todos os 35 estudados já não respondiam mais aos tratamentos convencionais quando foram escalados para a pesquisa	escalados	selecionados	recrutados	convocados	escolhidos	designados	recrutado	agrupados	reunidos	convidados	contratados
os resultados do cobe foram relevantes mas o estado da arte são as imagens do satélite wmap wilkinson microwave anisotropy probe cujos primeiros dados saíram em 2003	relevantes	importantes	úteis	interessantes	útiles	informativos	apropriados	convenientes	oportunos	precisos	satisfatórios
os sedimentos são arrastados para a parte baixa do rio	sedimentos	detritos	resíduos	dejetos	restos	material	matéria	partículas	fragmentos	areia	terreno
mas os cientistas se preocupam com a possibilidade de que mutações aleatórias no vírus acabem criando cepas capazes de serem transmitidas de pessoa a pessoa criando o potencial de uma nova pandemia uma epidemia de proporções globais	cepas	variedades	tipos	espécies	estirpes	raças	gêneros	famílias	grupos	categorias	classes
os dados para as simulações de computador foram obtidos na tailândia um país do sudeste asiático que além de estar vulnerável à doença dispunha de um conjunto de estatísticas detalhado e adequado aos modelos	vulnerável	susceptível	exposto	suscetível	riscado	propenso	frágil	perigoso	inseguro	instável	exposto
nenhuma isoladamente conseguiria prevenir com sucesso uma epidemia	isoladamente	separada	individualmente	sozinha	separadamente	separado	solitariamente	solitário	unicamente	unico
para nisbett diferenças culturais principalmente na educação das crianças explicariam essa assimetria	principalmente	principalmente	especialmente	particularmente	sobretudo	em especial	notadamente	nomeadamente	mormente	em particular	
para nisbett diferenças culturais principalmente na educação das crianças explicariam essa assimetria	assimetria	diferença	desigualdade	disparidade	incongruência	irregularidade	desproporção	asimetria	descompasso	discordância
finalmente após dias de apreensão com problemas no veículo e uma histórica caminhada espacial de reparos a agência espacial americana autorizou o ônibus espacial discovery a enfrentar a turbulenta jornada que o separa da terra firme	apreensão	preocupação	temor	medo	receio	ansiedade	aperto	angústia	inquietação	aflição	ansioso
imagens da barriga do ônibus feitas pela dupla de astronautas residentes da iss estação espacial internacional antes que a nave atracasse ao complexo mostraram que duas tiras do tecido que preenche os vãos entre as telhas do escudo térmico da nave estavam protuberantes	protuberantes	salientes	proeminentes	sobressalentes	eminentes	destacados	ressaltados	evidentes	visíveis	notáveis	conspícuos
o procedimento primeira vez na história em que um astronauta se pôs embaixo do ônibus em órbita e fez reparos em seu escudo térmico foi executado anteontem pelas mãos do americano stephen robinson	reparos	consertos	ajustes	restaurações	reparações	consertos	arranjos	revisões	modificações	alterações	acertos
os técnicos temiam que ela pudesse se soltar na reentrada e danificar a nave	danificar	prejudicar	estragar	destruir	arruinar	desmontar	machucar
foi a 60ª caminhada espacial conduzida em conexão com a construção e manutenção da estação	manutenção	reparos	conservação	restauração	renovação	reposição	revisão	reconstrução	recuperação	restabelecimento	reabilitação
a última acontece amanhã de novo a ser efetuada por robinson e noguchi	efetuada	realizada	executada	feita	praticada	cumprida	desempenhada	levada a cabo	levada a efeito	aplicada	praticada
foi na esperança de entender o fenômeno que stevani e seus colaboradores se puseram a procurar cogumelos do tipo no brasil	colaboradores	pesquisadores	trabalhadores	empregados	colegas	parceiros	sócios	ajudantes	auxiliares	assistentes	funcionários
é que a luz parece variar de acordo com a concentração de poluentes aplicados sobre o fungo	concentração	quantidade	dosagem	nível	porcentagem	grau	volume	densidade	taxa	proporção	índice
como as técnicas desse tipo têm limitações é sempre bom contar com novas opções avalia stevani com a ressalva de que os estudos ainda estão no começo	ressalva	observação	advertência	restrição	condição	exceção	ressalvar	alerta	aviso	comentário	nota
a descrição do único dente um molar inferior foi submetida para publicação numa revista científica mas os dados preliminares sugerem que o animal pode tanto ter sido um placentário como humanos cães ou baleias quanto um marsupial como os cangurus que carregam seus filhotes numa bolsa	submetida	apresentada	enviada	encaminhada	remetida	oferecida	destinada	redirecionada	repassada	transmitida	encaminhada
a linhagem dos marsupiais e placentários que são conhecidos pelo apelido comum de térios se distingue justamente pelas cavidades especiais dos molares que ajudam a triturar a comida com mais eficiência e estão presentes no espécime	eficiência	rapidez	rendimento	desempenho	capacidade	habilidade	destreza	jeito	maestria	perícia	eficácia
para uma dupla de paleoantropólogos dos estados unidos o elemento que deu a partida na evolução da linhagem humana se encontra alguns palmos debaixo da terra e ainda faz qualquer um salivar diante de um prato de batata ou mandioca frita	linhagem	raça	estirpe	ascendência	gente	trajetória	curso	sucessão	origem	prole	parentela
para greg laden da universidade de minnesota e richard wrangham da universidade harvard raízes tubérculos e outros usos sigla em inglês para órgãos subterrâneos de armazenamento das plantas permitiram que os primeiros hominídeos como são conhecidos os ancestrais do homem saíssem da mata fechada e colonizassem ambientes abertos a partir de uns 6 milhões de anos atrás	ancestrais	antecessores	parentes	ascendentes	progenitores	pais	antenados	predecessores	avós	trisavós	bisavós
para provar a idéia os pesquisadores compilaram dados sobre raízes que são comestíveis sem cozimento dentro e fora da savana algumas das quais ainda usadas por tribos africanas hoje e viram que estavam corretos	compilaram	coletaram	juntaram	reuniram	recopilaram	arquivaram	registram	anotaram	relataram	transcreveram	recolheram
o estudo estará numa edição futura do periódico científico journal of human evolution wwwsciencedirectcomsciencejournal 00472484	científico	técnico	acadêmico	cientista	analítico	metodológico	experimental	prático	teórico	erudito	especializado
cremos que elas seriam mais eficientes que os soros atuais para inibir tanto a atividade hemorrágica quanto a miotóxica que afeta os músculos diz perales	inibir	bloquear	reprimir	suprimir	controlar	impedir	obstruir	refrear	restringir	coibir	influir
a ficção científica americana na forma de livros ou de filmes é fascinada por robôs mas na prática são japoneses os que mais usam esses auxiliares automatizados do ser humano seja na indústria seja em residências	fascinada	encantada	interessada	apaixonada	envolvida	obcecada	intrigada	fascinado	capturada	absorvida	arrebatada
a universidade de tóquio desenvolveu uma pele artificial para robôs que imita uma parcela significativa das qualidades e capacidades da pele humana normal	significativa	importante	considerável	sensível	substancial	grande	notável	expressiva	relevante	apreciável	notada
