This discovery helped to establish yet another spectral class even cooler than L dwarfs , known as `` T dwarfs '' , for which Gliese 229B is the prototype .	prototype	representative	model	example	standard	pattern	exemplar	key	initial	first	reference
Putin was expected to formally register later in the day to run for president, a position he held from 2000-2008, a period in which he grew more authoritarian.	authoritarian	authoritarian	autocratic	dictatorial	totalitarian	oppressive	controlling	unjust	cruel	restrictive	authorizing
#7-8 Despite the fog, other flights are reported to have landed safely leading up to the collision.	collision	crash	accident	incident	incident	impact	encounter	strike	mishap	brouhaha	occurrence
The larva grows to about 120-130 mm , and pupates in an underground chamber .	pupates	develops	matures	changes	forms	transforms	cocoons	goes through a metamorphosis	encases itself
Gorbachev told the Interfax news agency that authorities must hold a fresh election or deal with a rising tide of discontent.	discontent	dissatisfaction	unhappiness	disapproval	frustration	anger	uprising	rebellion	opposition	protest	grievance
It decomposes to arsenic trioxide , elemental arsenic and iodine when heated in air at 200 ° C.	decomposes	breaks down	splits	disintegrates	transforms	changes	degrades	melts	fades	vaporizes	burns
#4-6 In 1969 Cernan flew aboard Apollo 10, a flight to the Moon that rehearsed a descent but purposefully did not land in preparation for the Apollo 11 landing.	descent	landing	flight	journey	trip	voyage	descent	approach	drop	fall	journey
Lebanon is sharply split along sectarian lines, with 18 religious sects.	sectarian	religious	denominational	sectarian	spiritual	ethnical	ethnic	tribal	political	ideological	confessional
The fighting highlights how easily trouble in Syria can raise tensions in neighboring Lebanon, with which it shares a complex web of political and sectarian ties and rivalries.	sectarian	religious	ethnic	political	ideological	confessional	tribal	cultural	social	group-based	divisive
He said the victim died in the neighbourhood of Jabal Mohsen, populated mainly by members of Assad's Alawite sect, an offshoot of Shiite Islam.	offshoot	branch	division	sectarian	subgroup	offspring	derivative	lineage	variant	subdivision	progeny
The Order was the first national decoration awarded by the Japanese Government , created on 10 April 1875 by decree of the Council of State .	decree	order	regulation	directive	command	resolution	proclamation	instruction	ruling	law	act
Police said suicide attackers wearing burqas struck at 6:15 am (0145 GMT), detonating a car bomb before clashing with guards.	detonating	exploding	triggering	setting off	activating	causing	initiating	exploding	firing	discharging	launching
The EU believes the deficit will be 6.4 percent this year and will only be reduced by 0.1 percent in 2013.	deficit	deficit	shortfall	gap	surplus	balance	discrepancy	amount	burden	debt	expenditure
#36-14 A suggestion had been the addition of a canopy over the car's cockpit.	canopy	roof	shade	cover	shelter	top	lid	hood	structure	covering	protection
#39-22 Hyza says they will "actively cooperate with Slovak police", and "express [their] sincere condolences to the bereaved families."	condolences	sorrow	sympathy	grievances	feelings	thoughts	remembrances	expressions	sentiments	reaches	prayers
Banking reform is seen as urgent by many analysts, with yields on benchmark Spanish bonds currently close to six percent, meaning the country faces very high borrowing costs.	benchmark	standard	reference	indicator	yardstick	key	basis	metric	prototype	example	template
In Japan , rice with azuki beans ( 赤飯 ; sekihan ) is traditionally cooked for auspicious occasions .	auspicious	lucky	favorable	good	happy	blessed	propitious	portentous	fortunate	positive	celebratory
Police are appealing for information about anyone seen acting suspiciously lately at Bidston Hill, Bidston, to come forward.	suspiciously	questionably	oddly	curiously	erratically	unusually	abnormally	doubtfully	suspiciously	weirdly	irregularly
Her older sister, aged 21, lived at the rented house, in a recently built development at the back of the established housing estate.	established	existing	settled	developed	mature	long-standing	permanent	well-established	fixed	traditional	conventional
That period of intense regulatory scrutiny is a routine part of the purchasing process, as every company that makes more than 400 million yuan ($63 million) in China and 10 billion yuan ($1.6 billion) globally is subject to the process.	scrutiny	review	examination	inspection	analysis	investigation	watchdog	supervision	audit	checkup	scrutiny
An array of pro-Syrian parties support Assad's regime, as do many Lebanese citizens.	regime	government	administration	rule	authority	leadership	control	system	organization	faction	power
And in the capital Damascus, regime forces raided the neighborhood of Qaboon, while snipers were stationed on the roofs of some buildings.	snipers	soldiers	gunmen	marksman	sharpshooters	target shooters	firefighters	assailants	combatants	archers	military personnel
#2-19 Robert added the group knew travel and work in the area was dangerous, and took precautions.	precautions	measures	steps	safety measures	protections	safeguards	precautions	avoidances	warnings	strategies	efforts
The Spanish government source said the 30-billion euro provisions would have an impact in capital of about 20 billion which, added to another estimated 20 billion euros to rescue systemic lender Bankia SA and other smaller banks would make up the figure investors viewed as necessary.	systemic	systemic	critical	essential	major	important	significant	central	crucial	core	key
Eight Chinese fishing vessels were anchored off Scarborough Shoal, the Philippine government said on Wednesday, as Albert del Rosario, the country's foreign affairs secretary, called in Ma Keqing, the ambassador, for talks.	anchored	moored	docked	stationed	berthed	held	secured	moored	located	positioned
The Screen Actors Guild Award ( also known as the SAG Award ) is an accolade given by the Screen Actors Guild‐American Federation of Television and Radio Artists ( SAG-AFTRA ) to recognize outstanding performances in film and primetime television .	accolade	award	recognition	honor	prize	trophy	decoration	achievement	distinction	medal	certificate
More than 12,000 people, the majority of them civilians, have died since the Syrian uprising began in March 2011, according to the watchdog, including more than 900 killed since the April 12 truce.	uprising	revolution	rebellion	insurrection	upheaval	conflict	dispute	protest	movement
A man and a woman questioned on suspicion of assisting an offender have been released.	offender	suspect	criminal	wrongdoer	person	individual	accused	defendant	perpetrator	participant	offender
The government of Mariano Rajoy took the sweeping action just two days after it effectively took over the fourth-biggest bank, Bankia, to salvage its balance sheet, bulging with losses.	bulging	stuffed	overburdened	packed	overflowing	heavy	inflated	enormous	abundant	large	crowded
The stretch of DNA transcribed into an RNA molecule is called a transcription unit and encodes at least one gene .	encodes	contains	includes	carries	holds	represents	shows	indicates	signals	determines	lists
Pygmalion is a play by George Bernard Shaw , named after a Greek mythological character .	mythological	mythical	legendary	folklore	ancient	supernatural	mysterious	fabulous	extraordinary	legendary	fantastic
An anonymous author romanized the spelling to Loxodonta and the International Code of Zoological Nomenclature ( ICZN ) recognizes this as the proper authority .	romanized	transcribed	adapted	modified	changed	translated	rearranged	altered	interpreted	rendered	reformulated
When police arrived they found a fatally injured 17-year-old girl in the front yard of the house, which is in a quiet neighborhood of single family residences.	residences	houses	homes	dwellings	buildings	properties	dwellings	abodes	locations	units
#9-11 Six of the ringleaders have been captured and sent to other facilities.	ringleaders	leaders	heads	captains	chieftains	commanders	key figures	main players	organizers
The attack began with a suicide car bomb near the gate of the privately guarded compound, which sits off Jalalabad road — one of the main thoroughfares out of the city, Interior Ministry spokesman Sediq Sediqi said.	compound	compound	facility	location	site	structure	building	place	residence	area	installation
The unsophisticated nature of the attack suggests little planning beyond having fighters and some explosives pre-positioned in the vicinity of Kabul.	pre-positioned	placed	stored	set up	arranged	located	prepared	installed	gathered	assembled	deployed
#32-6 However, he is listed on the Republican Party's website as one of 18 candidates and filed a Federal Election Commission (FEC) complaint against Fox News for his exclusion from the August 6 debate.	exclusion	removal	ban	disqualification	elimination	omit	exclusion	barring	denial	rejection	withholding
#17-15 Mark Zuckerberg posted on Facebook "I'm so happy for all of my friends and everyone in our community who can finally celebrate their love and be recognized as equal couples under the law".	recognized	legalized	acknowledged	approved	validated	accepted	recognized	granted	endorsed	confirmed	legitimized
#42-61 Wikinews: Are there any ethical considerations around exposing ants to toxins and parasites?	toxins	poisons	chemicals	toxins	agents	substances	dangers	harmful substances	contaminants	toxic substances
In January 2011 , he was nominated for the Academy Award for Best Documentary for the film .	nominated	nominated	selected	chosen	awarded	recognized	garnered	shortlisted	entered	included	presented
#6-15 The Obama administration has seen what The New York Times calls an "unprecedented crackdown on leaks of government secrets."	unprecedented	uncommon	unusual	remarkable	exceptional	unique	surprising	rare	extraordinary	novel	unheard-of
Two Chinese maritime surveillance ships, identified as Zhonggou Haijian 75 and Zhonggou Haijian 84, later approached and positioned themselves between the Philippine warship and the Chinese fishing vessels "thus preventing the arrests of the erring Chinese fishermen", the statement said.	erring	wrong	incorrect	illegal	flagrant	defaulters	misbehaving	unlawful	violating	breaching	disobedient
#28-28 Saying his lawyer had instructed him not to speak about the events of Saturday inside the home, Conley did have the following to say about the Jackson children: "They were growing up to be monsters, they were disrespectful, rude in school.	monsters	rude	disruptive	bad	troublemakers	misbehaving	difficult	problematic	naughty	malicious	evil
#6-4 The information Manning released to the public through WikiLeaks and The Guardian in 2010 included diplomatic accounts, videos, military incident logs, and battle plans, including footage of an American Apache helicopter firing on suspected Iraqi insurgents, reports of prisoners held in Guantanamo Bay without trial, and records of detainees abused by the Iraqi military.	detainees	prisoners	captives	inmates	guests	convicts	subjects	held	incarcerated	detainees
The Chinese Embassy accused the Philippine warship of harassing the fishermen and called for it to leave Chinese territory.	harassing	harassing	bothering	annoying	troubling	assaulting	menacing	threatening	tormenting	disturbing	intimidating
#42-86 There's conflicting evidence about whether sick ants actually smell different from healthy ones or not.	conflicting	disputed	contradictory	inconsistent	discordant	uncertain	doubtful	doubting	variable	varying	opposite
#36-7 The following day, Indianapolis Motor Speedway president Doug Boles and Hulman & Company Mark Miles officially announced Wilson's death.	announced	stated	declared	revealed	communicated	reported	announced	made known	confirmed	expressed	informed
Obama earlier dropped from night skies into Kabul on a brief visit amid secrecy and tight security and signed a deal with President Hamid Karzai, cementing 10 years of U.S. aid for Afghanistan after NATO combat troops leave in 2014.	cementing	establishing	fortifying	firmly establishing	solidifying	securing	enshrining	implementing	finalizing	formalizing	putting into place
Many Syrians accuse Assad of exploiting that divide by unleashing Alawite gunmen known as "shabiha" who operate as hired muscle for the regime.	unleashing	releasing	deploying	activating	sending	empowering	mobilizing	instigating	provoking	inciting	employing
#35-36 "In my judgment the common law," the judgement reads, "and in particular the principles of natural justice and fairness, would in a case such as this which involves the right to life, and the right to a fair trial, as well as powerful countervailing issues of public interest, compel the court to apply the most intense level of anxious scrutiny to the facts to ensure that the accused were not prejudiced."	scrutiny	examination	analysis	investigation	review	assessment	scrutiny	observation	inspection	look	watch
A spokeswoman for Merseyside Police said: "Crime scene investigators are in attendance at the scene and officers are appealing to anyone who may have seen anyone acting suspiciously on Bidston Hill over the last few days to come forward.	suspiciously	suspiciously	questionably	oddly	unusually	weirdly	erratically	doubtfully	curiously	inappropriately	anomalously
It originated in , and was first introduced in 1983 in Japan as a grapefruit-flavored sports drink , as a response to a competitor 's brand of sports drink called Pocari Sweat .	originated	developed	created	started	spawned	appeared	emerged	began	introduced	first appeared	originated
The statue was moved to the Accademia Gallery in Florence in 1873 , and later replaced at the original location by a replica .	replica	replica	copy	substitute	duplicate	imitation	clone	counterpart	replacement	version	aftermath
I believe that ignoring public opinion discredits the authorities and destabilises the situation.	discredits	discredits	undermines	impacts	devalues	diminishes	tames	invalidates	question	compromises	weaken
But Crocker said there would be no repeat of the 1990s when a withdrawal of Western backers in the wake of the Soviet withdrawal unleashed a vicious civil war out of which the Taliban and al Qaeda support bases arose.	vicious	violent	cruel	savage	brutal	nasty	terrible	bloody	destructive	harmful	fierce
His speech came as an already difficult relationship with Mr Karzai has been strained by recent events, including the release of photos showing US soldiers posing with the remains of Taliban insurgents and a US staff sergeant who has been charged in the killing of 16 Afghan civilians.	strained	difficult	tense	strained	complicated	troubled	disturbed	fragmented	damaged	broken	weakened
The state will put less than 15 billion euros into the latest of the four separate bank rescues that Spain has enacted over the past three years, de Guindos estimated.	enacted	implemented	carried out	executed	done	put in place	established	initiated	taken action	performed	adopted
#11-7 When exposed to the laser, the primed mice would first stalk and then pounce on and bite any object in their enclosure, even objects without any food scent or prey value, like sticks and bottle caps.	primed	ready	prepared	activated	stimulated	encouraged	sensitized	trained	exposed	initiated	warmed up
The Russian Union of Journalists on Wednesday condemned police violence and called for a probe into the dozens of attacks and arrests of journalists, describing them as "an attempt to gag and intimidate society."	probe	investigation	inquiry	examination	audit	probe	search	scrutiny	analysis	review	assessment
#4-4 He was an aviator in the United States Navy and logged more than 200 landings on aircraft carriers before becoming an astronaut in 1963.	aviator	pilot	flyer	airman	navigator	flight engineer	aerospace specialist	airplane pilot	aircraft pilot	aviation enthusiast	flying ace
#36-12 The contract had previously been for two races, but after acquiring sponsorship, the deal was increased by five events; earlier in August, Wilson recorded a best finish of second at Mid-Ohio Sports Car Course.	acquiring	securing	obtaining	getting	purchasing	procuring	hiring	attracting	capturing	gaining	winning
The Syrian Observatory for Human Rights said dozens of others were wounded in the city, in the restive Homs province.	restive	restless	agitated	turbulent	troubled	uneasy	fractious	rebellious	turbulent	contentious	volatile
On the diplomatic front, European Union foreign ministers meeting in Brussels on Monday  agreed fresh sanctions against Syria, the 15th round so far to protest the relentless repression of dissidents by Assad's regime.	repression	punishment	coercion	oppression	control	restriction	intimidation	violence	abuse	harassment	censorship
#9-27 Camila Nunes, a sociologist of the Federal University of ABC, told the AFP "medium- and long-term policies to reduce the vulnerability of certain social groups [and] to prioritize prevention rather than repression" are needed.	vulnerability	weakness	exposure	risk	susceptibility	fragility	precariousness	defenselessness	impermanence	insecurity	openness
#42-26 WWikinews: What methods and equipment were used for this investigation?	equipment	tools	instruments	gear	apparatus	machinery	devices	supplies	technology	resources	means
Tensions stemming from the 14-month-old uprising against President Bashar Assad also touched off clashes across the border in Lebanon as the revolt threatened to morph into a broader conflict.	stemming	originating	causing	generating	producing	exacerbating	provoking	leading	driving	giving rise to	sparking
Hodgkin and Huxley 's findings led the pair to hypothesize the existence of ion channels , which were isolated only decades later .	existence	presence	reality	occurrence	being	token	existence	actuality	realness	happening	presence
#5-11 His government stands accused by Human Rights Watch of not taking adequate measures to protect the nation's citizens.	adequate	sufficient	enough	proper	suitable	acceptable	reasonable	competent	effective	good enough	thorough
It is at this point that the audience realizes that Alcina genuinely loves Ruggiero ; from now until the end of the opera , she is depicted sympathetically .	genuinely	truly	sincerely	earnestly	really	honestly	actually	truly	genuinely	wholeheartedly	deeply
Al - ` Ain has a higher proportion of Emirati nationals than elsewhere in the country , but the majority of its residents are expatriates particularly from the Indian sub-continent .	proportion	percentage	fraction	share	ratio	rate	split	part	amount	portion	mix
The motive for the killings was not known.	motive	reason	cause	purpose	explanation	factor	ground	basis	intent	trigger	behind
However, Olli Rehn, the EU's monetary affairs chief, said the European Commission has full confidence in the determination of the Spanish government to meet the fiscal targets.	determination	confidence	assurance	resolve	commitment	intention	aim	goal	purpose	strategy	pledge
World powers have backed the peace plan, which was put forward by U.N.-Arab League envoy Kofi Annan to end the crisis, but the bloodshed has not stopped.	bloodshed	violence	conflict	fighting	death	killing	warfare	aggression	combat	murder	harm
This reform will grant credibility and build confidence in the financial sector, increase credit flow in our country and lead to home sales at reasonable prices, Deputy Prime Minister Soraya Saenz de Santamaria said at a news conference.	credibility	trust	reliability	confidence	faith	assurance	certainty	honesty	respectability	dependability	integrity
#23-2 Everson argues his exclusion violates Title 11 of the U.S. Code of Federal Regulations in that debate hosts must not "structure the debates to promote or advance one candidate over another", and must "use pre-established objective criteria to determine which candidates may participate in a debate."	exclusion	bar	ban	disqualification	rejection	removal	exclusion	denial	withholding	restriction	limitation
Republicans warily saluted Obama's war-zone trip but accused him of craven politics nonetheless.	craven	cowardly	cowardly	lackadaisical	fearful	timid	shifty	dishonorable	unscrupulous	unethical	insincere
They will know that the United States can achieve our goals of destroying al-Qaida and denying it a safe haven, but at the same time we have the capacity to wind down this war and usher in a new era of peace here in Afghanistan.	usher	begin	launch	start	inaugurate	introduce	initiate	bring about	establish	promote	facilitate
He spoke on condition of anonymity because of a lack of authority to discuss the situation with the media.	anonymity	secrecy	confidentiality	anonymity	non-disclosure	privacy	discretion
Moments later, the neighbor said, Ms. Thomas, 33, emerged from her house and called her children to come back home.	emerged	appeared	came out	exited	departed	showed up	got out	arrived	went outside	left	walked out
Demonstrations on Monday and Tuesday were an unusually sustained show of indignation for the Russian opposition.	indignation	displeasure	anger	resentment	fury	discontent	outrage	frustration	dissatisfaction	protest	displeasure
#35-9 The case attracted worldwide attention with Lin and Phyo confessing, before re-enacting the killing in front of the press.	re-enacting	recreating	repeating	performing	staging	reliving	reproducing	portraying	demonstrating	playing out	putting on
Also Sunday, two Turkish journalists who had been detained in Syria for two months arrived in Istanbul on a plane from Iran after that country helped negotiate their release by Syrian authorities.	detained	held	incarcerated	imprisoned	confined	captured	arrested	locked up	detained
Foreign Affairs Secretary Albert del Rosario was seeking a diplomatic solution with Chinese Ambassador Ma Keqing, the TV network said.	diplomatic	diplomatic	negotiating	intercourse	relations	communication	talks	discussions	conferences	treaty
It's sad, even if they were troublemakers.	troublemakers	mischievous	delinquent	disruptive	problematic	rowdy	unruly	naughty	rascals	troublesome	bad kids
It often accompanies this sound with flashing its brightly marked abdomen in a further attempt to deter its predators .	abdomen	belly	gut	torso	vientre	belly button	midsection	
#11-6 One set stimulated prey pursuit behavior, such as stalking, and the other stimulated the animal to use its jaw and neck muscles.	pursuit	stalking	hunting	chasing	pursuit	following	seeking	attempting	going after	tracking
#23-12 He alleges this was done to ensure the inclusion of the low-polling candidates former Hewlett-Packard CEO Carly Fiorina, former New York governor George Pataki, Senator Lindsey Graham, and former Virginia governor Jim Gilmore, because Fox News recognizes these candidates as "major players."	inclusion	participation	representation	admission	enrollment	inclusion	entry	selection	invitation	conscription	enlistment
Our stand since we agreed to acquire Motorola has not changed and we look forward to closing the deal, a Google spokesperson told AFP.	acquire	purchase	buy	takeover	acquire	obtain	get	inherit
#35-20 The case pits the two accused trying to defend a death penalty case against the possibility of jeopardising international relations; Thai police co-operated, but only in light of an agreement the report would be confidential.	confidential	secret	private	top secret	classified	sensitive	off-the-record	unofficial	restricted	deliberate	protected
Before you make an unblock request , you should attentively read the policies and guidelines named in your block reason .	attentively	carefully	read	closely	thoroughly	seriously	with attention	mindfully	keenly
The bombardment by regime forces resumed following the deadly clashes, it added.	bombardment	attack	offensive	assault	hostility	violence	firing	bombing	shelling	barrage	assault
#42-30 We collected wild colonies of Formica fusca by searching through old tree-trunks in old logging sites in southern Finland.	colonies	groups	packs	swarms	assemblies	clusters	populations	sets	hives	communities	rafts
#12-5 Two lorries were partially crushed by the collapse, which was triggered when a digger on the back of a lorry struck the concrete bridge.	partially	fully	completely	entirely	partly	in part	somewhat	halfway	almost	nearly	mostly
#28-20 Tuesday, Conley was allowed to speak to reporters at an administrative segregation unit of the Harris County Jail.	segregation	isolation	confinement	separation	incarceration	custody	detention	restriction	quarantine	penalization	restraint
The mother of the children came out of the residence next door, called for the children to return home, at which time they left and went back to the house.	residence	house	dwelling	home	apartment	building	property	place	location	residence
EU sanctions Monday's violence further undermines a UN-backed peace plan that is supposed to bring an end to Syria's deadly crisis.	sanctions	restrictions	measures	penalties	controls	limitations	burdens	prohibitions	interdictions	impediments	disincentives
#35-24 Both men say they were starved, suffocated, stripped naked, exposed to cold temperatures, beaten, threatened, and denied legal representation.	threatened	threatened	assaulted	harmed	endangered	intimidated	punished	coerced	harassed	attacked	violated
The Russian Union of Journalists condemned police violence and called for a probe into the dozens of attacks and arrests of journalists, describing them as "an attempt to gag and intimidate society."	intimidate	threaten	coerce	scare	suppress	discourage	silence	chide	deter	harass	blackmail
#29-5 Martin, best known for spreading multiple conspiracy theories concerning the birth and religion of U.S. President Barack Obama, previously ran for the Democratic Party presidential nomination in 1988, and unsuccessfully sought the backing of the Republican Party in 2000 and 2012.	sought	applied	requested	pursued	attempted	sought	looked for	endeavored	approached	tried	desired
China's official approval of the deal has been a long time coming - Google managed to score regulatory approvals from the U.S. Department of Justice and the European Commission back in February (on the same day no less), but China's anti-monopoly bureau leapt into action just a few days later.	bureau	agency	department	office	board	commission	committee	administration	enforcement	regulatory body	authority
The official spoke on condition of anonymity because he was not authorized to speak to the press.	anonymity	anonymity	secrecy	confidentiality	non-disclosure	private	unpublishable	off-the-record	hush-hush	discretion	obscurity
Commander of the Moesian troops , he obtained an important victory against the invading Goths and was , for this reason , acclaimed Emperor by his army .	acclaimed	recognized	lauded	honored	celebrated	adored	praised	awarded	chosen	appointed	elected
A 21-year-old man was arrested on April 30, on suspicion of murder and was released on bail until May 29 pending further enquiries.	enquiries	questions	investigations	inquiry	probe	searches	examining	exploring	inquiry	investigation
The author claims that God woke him up during his sleep and commissioned him to take dictation of what he said .	commissioned	appointed	tasked	assigned	instructed	charged	directed	delegated	ordered	enlisted	employed
The first regional casino was initially proposed to be in the City of Manchester , but this has since been scrapped by the UK government soon after Gordon Brown became Prime Minister of the United Kingdom .	scrapped	abandoned	canceled	rejected	nullified	stopped	removed	discontinued	dropped	terminated	put-off
Dispatch records released Tuesday show that authorities responded to Thomas' house on three successive days in April.	successive	following	consecutive	sequential	subsequent	contiguous	adjacent	adjoining	near	nearby
If they fail to deliver, what has been so far a national crisis will degenerate into a systemic crisis for the EU," one senior source said.	degenerate	worsen	decline	escalate	compound	become	transform	fail	shift	progress	deteriorate
He added: 'At around 11.10am, a 26-year-old man was arrested on suspicion of murder and a 28-year-old male and 28-year-old female were arrested on suspicion of assisting an offender.	offender	suspect	criminal	perpetrator	participant	accused	wrongdoer	offender	delinquent	defendant	personofinterest
Before the trip, former President Bill Clinton touted Mr. Obama's bold decision to go after bin Laden in a campaign ad that also suggested Romney might not have made the same call.	touted	promoted	endorsed	supported	advertised	advocated	championed	highlighted	touted	praised	extolled
An official who spoke on condition of anonymity because he was not authorized to speak to the press said Yitzhak Levanon returned to Cairo Sunday through Istanbul.	anonymity	anonymity	secrecy	confidentiality	hush-hush	privacy	non-disclosure	off-the-record	cloak of secrecy	veil of secrecy	unidentified
Devotion ( Bhakti ) will cancel the effects of bad Karma and will bring a person closer to the true knowledge by purifying his mind .	purifying	cleansing	cleaning	refreshing	making pure	sanitizing	whitening	improving	enhancing	uplifting	transforming
#8-11 In the last two months, Bayern Munich has announced Polish striker Robert Lewandowski signed a contract extension until June 2021 and French winger Franck Ribéry signed a one-year contract extension with the club.	announced	declared	stated	revealed	made public	announced	reported	expressed	confirmed	infirmed	published
As of the census of 2000 , there were 24,276 people , 10,447 households , and 6,414 families residing in the city .	residing	living	dwelling	located	inhabiting	settled	occupied	quartered	resident
On September 17 , 1941 , the Germans occupied the town of Pushkin , destroying and plundering many historical monuments , buildings and other cultural artifacts , including the famous Amber Room .	plundering	stealing	looting	raiding	robbing	despoiling	grasping	taking	removing	snatched	hauling
#6-12 Obama's staff told the press WikiLeaks founder Julian Assange's promise to agree to U.S. extradition if Manning was granted clemency had nothing to do with the decision.	clemency	pardon	mercy	leniency	forgiveness	compassion	reduction	release	freedom	amnesty	exoneration
As Richard Pearce-Moses wrote , `` Archivists keep records that have enduring value as reliable memories of the past , and they help people find and understand the information they need in those records . ''	enduring	lasting	long-lasting	permanent	eternal	timeless	reliable	valuable	important	significant	essential
It would be a tragedy for Afghanistan and a strategic setback for America if the Taliban returned to power and once again created a sanctuary for terrorists," Romney said in the release.	sanctuary	shelter	haven	refuge	safehouse	base	fortress	home	location	territory	ground
On Facebook, more than 12,000 people signed up to a page announcing an opposition rally for Saturday - and many of them have never taken part in political demonstrations Mariya Boyarintseva, a 24-year-old event manager, told The Associated Press that she has never been to a political rally before but she was going to Saturday's protest.	demonstrations	rallies	protests	assemblies	gatherings	demonstrations	meetings	actions	events	showcases	appearances
#37-9 The Social and Popular Assembly, formed during protests in recent months, allege violations of electoral law by many parties, and want an electoral commission crackdown.	allege	claim	assert	charge	complain	insist	report	denounce	maintain	state	testify
About 200 were arrested at a similar attempt to hold an unsanctioned rally in St Petersburg and another 25 in the southern city of Rostov-on-Don.	unsanctioned	unapproved	unauthorized	illegal	forbidden	prohibited	unlawful	unpermitted	disallowed	unregistered	unofficial
The government blames the bloodshed on armed gangs and extremists acting out a foreign plot to destabilize Syria.	bloodshed	violence	fighting	murders	bloodshed	conflict	killing	warfare	combat	aggression	casualties
#6-18 Ernest said no, saying the information Snowden released was more dangerous to the U.S. public and pointed out that while Manning had gone through a formal trial and acknowledged wrongdoing, "Mr. Snowden fled into the arms of an adversary and has sought refuge in a country that most recently made a concerted effort to undermine confidence in our democracy."	adversary	enemy	opponent	rival	foe	adversary	critic	challenger	intruder	counterpart	competitor
Russian authorities should annul the parliamentary vote results and hold a new election, the ex-Soviet leader Mikhail Gorbachev has urged, as popular indignation grows over alleged election fraud.	alleged	claimed	suspected	rumored	reported	supposed	inferred	assumed	suggested	believed	conjectured
The spectrum of the companion GD 165B was very red and enigmatic , showing none of the features expected of a low-mass red dwarf star .	enigmatic	mysterious	puzzling	strange	perplexing	odd	obscure	baffling	unclear	unusual	intriguing
#36-16 Another had been to tether the nose cone to the car; Hunter-Reay mentioned renderings developed of a boomerang-like debris-deflector positioned in front of the driver.	renderings	drawings	sketches	models	illustrations	designs	plans	prototypes	visualizations	copies	representations
Republicans warily saluted Obama's war-zone trip but accused him of craven politics nonetheless.	warily	cautiously	suspiciously	with caution	hesitantly	with trepidation	with apprehension	warily
#36-8 Karam was able to walk away from the accident, and was evaluated for a right foot injury; he was released from the hospital the same day.	evaluated	examined	assessed	checked	diagnosed	reviewed	rated	scrutinized	analyzed	tested	studied
By the end of the 18th century , Tsarskoye Selo became a popular place of summer residence among the nobility .	nobility	aristocracy	upper class	elite	gentlemen	rich people	ruling class	high society	social elite	wealthy individuals	powerful families
Schistosomiasis , caused by one genus of trematodes , is the second-most devastating of all human diseases caused by parasites , surpassed only by malaria .	surpassed	outperformed	exceeded	topped	outstripped	defeated	surpassed
Chinese officials, who refer to Scarborough Shoal as Huangyan Island, have in the past asserted Chinese sovereignty over the area.	asserted	claimed	stated	declared	maintained	proclaimed	asserted	announced	justified	acknowledged	recognized
#42-40 For this we basically put colonies on a diet of either food with medicine or without for a while.	colonies	groups	populations	communities	settlements	residents	people	units
Battles first erupted on Saturday between residents of Jabal Mohsen and the nearby neighbourhood of Bab al-Tebbaneh -- populated mainly by Sunni Muslims opposed to Assad's regime -- after security forces arrested a Sunni Islamist on suspicion he was linked to a terrorist organisation.	erupted	began	started	broke out	occurred	flared up	escalated	commenced	took place	ignited	developed
#40-7 The national government has deployed several thousand paramilitary personnel to assist the state government.	deployed	sent	dispatched	sent out	assigned	moved	transferred	stationed	placed	commissioned	utilized
Journalists Adem Ozkose and Hamit Coskun were abducted by militiamen who had blocked a road and were stopping cars and abducting passengers, Ozkose told reporters in Istanbul on Sunday.	militiamen	armedgroup	terrorists	militants	rebel fighters	bandits	soldiers	combatants	protesters	guerrillas	militia
European Union foreign ministers agreed Monday to impose fresh sanctions on Syria as a U.N.-backed peace plan -- along with all other diplomatic efforts -- has yet to stop the carnage that mounts every day.	carnage	violence	bloodshed	slaughter	mayhem	devastation	destruction	suffering	casualties	harm	death
#28-9 His most recent stint behind bars came last month, when he was arrested for allegedly slamming his girlfriend's head into a refrigerator in the same home involved on Saturday.	stint	imprisonment	sentence	punishment	term	detention	incarceration	jail time	confinement	custody	time served
Banks have until the end of the year to move their holdings of repossessed property into asset management firms for a fire sale, Economy Minister Luis de Guindos told a news conference.	repossessed	taken	seized	foreclosed	reclaimed	confiscated	recovered	sold
Gardai investigating a shooting in west Dublin last night have recovered a gun.	investigating	examining	looking into	searching	studying	investigating	scrutinizing	analyzing	verifying	pursuing	apprehending
For years he had evaded capture and was one of the world's most wanted men, but his time on the run finally ended last year when he was arrested near Belgrade.The 70 year old will be brought before the UN Yugoslav War Crimes tribunal in the Hague later this morning accused with some of the worst atrocities in Europe since World War Two.	atrocities	crimes	wrongdoings	atrocities	acts	violations	offenses	misdeeds	abuses	heinous acts	horrors
#25-8 Wages have grown by 2.1% over the past year, below the Federal Reserve's target of 3.5% annual wage growth, and not much more than the underlying rate of inflation.	underlying	underlying	base	fundamental	root	primary	core	essential	driving	crucial	subjacent
It was introduced to Spain and Portugal in 1991 , and it became the official drink of the 1992 Summer Olympics in Barcelona .	introduced	designated	promoted	adopted	madeofficial	popularized	established	introduced	conferred	launched	recognized
#29-12 Martin adamantly opposes Bush because of the foreign policy of the candidate's brother, former President George W. Bush.	adamantly	strongly	firmly	vehemently	determined	persistently	unwaveringly	stubbornly	resolutely	with determination	reluctantly
#29-10 Although he described Trump's previous foray into politics as a "charade" during a 2011 interview with Wikinews, Martin now sees himself as Trump's "tag team" partner in attacking the Bush candidacy.	candidacy	campaign	run	effort	attempt	bid	race	contest	challenge	aspirations
#35-27 The report is known to contain some material disputed by Lin and Phyo.	disputed	disputed	controversial	debated	questioned	challenged	in dispute	under debate	contentious	arguable
Banksy does not sell photographs or reproductions of his street graffiti , however , art auctioneers have been known to attempt to sell his street art on location and leave the problem of its removal in the hands of the winning bidder .	auctioneers	sellers	dealers	brokers	agents	vendors	purveyors	consignors	representatives	traders	auction houses
But the observers' presence hasn't stopped the bloodshed.	bloodshed	violence	killing	murders	deaths	combat	conflict	warfare	gore	slaughter	trauma
#13-5 The filibuster is a last-ditch tactic in which parties opposed to a certain motion refuse to relinquish the floor until their opponents give in or compromise.	relinquish	give up	surrender	yield	step down	withdraw	abandon	release	cease	quit	desert
A witness described as a friend of Thomas' told police he received a text message from her indicating that she wanted to be cremated with her children.	indicating	suggested	pointed	showed	implied	indicated	meant	signaled	gave	stated	expressed
However , the Blackpool bid organisers pledged to continue the work in getting government approval for a ` supercasino ' .	organisers	committee	group	team	delegation	association	panel	organization	body	faction	clique
Libertyville, Illinois-based Motorola Mobility had said in a regulatory filing in February that only Chinese clearance was still required.	clearance	approval	permission	authorization	license	permit	validation	certification	endorsement	clearance
#18-12 As a result of his activity, since 1997 Adnan has been arrested reportedly around ten times, and has gone on several hunger strikes, one of which lasted 28 days, while another lasted 66 days and after his release he went on strike for another 12 days as a token of sympathy for the remaining Palestinian detainees in Israeli prisons.	sympathy	support	empathy	feeling	concern	solidarity	kindness	compassion	understanding	altruism	regard
The American Federation of Musicians defines arranging as `` the art of preparing and adapting an already written composition for presentation in other than its original form .	composition	piece	tune	work	song	musical score	arrangement	melody	composition	music	score
Fierce clashes between regime forces and armed rebels in central Syria Monday killed 23 Syrian soldiers and wounded dozens, a watchdog said, as the EU slapped fresh sanctions on the Damascus regime.	sanctions	restrictions	measures	penalties	punishments	burdens	controls	repercussions	limitations	impediments	interdictions
A report published Wednesday by the Yonhap News Agency claims vice premier Choe Yong-gon of North Korea was executed in May.	executed	killed	murdered	terminated	executed	put to death	eliminated	deceased	passed away	fatally wounded	died
Part of the plan includes the deployment in flashpoint areas of around 300 UN military observers.	flashpoint	volatile	risky	sensitive	troubled	critical	dangerous	high-risk	unstable	precarious	hazardous
#41-14 "There was also a Syrian travel document found" police spokesman Hans Peter Doskozil told journalists "so of course our first assumption is that these people were migrants, and likely a group of Syrian migrants.	assumption	belief	guess	theory	hypothesis	conclusion	idea	thought	perception	supposition	conjecture
#39-14 Earlier today the company's website sported an apparent anti-immigration graphic, which has since been removed.	apparent	apparent	visible	obvious	perceptible	clear	noticeable	undeniable	evident	observable	convincing
Investigating officers have appealed for anyone with information about the incident to contact them.	appealed	requested	called	summoned	encouraged	invited	suggested	urged	persuaded	advised	prompted
#7-7 The casualties are reported to have included children.	casualties	victims	deaths	injured	mortalities	loss of life	fatalities	wounded	victims
In April 2008 it was announced that Tallari would leave Manchester to sign for the Hockey Club Pustertal-Val Pusteria to try to qualify for the Italian national team .	qualify	achieve	attain	earn	make	participate	secure	reach	gain	become eligible	enter
The acquisition, announced last year, had already received approvals in Europe, the U.S. and other jurisdictions worldwide.	acquisition	purchase	takeover	acquisition	purchase	deal	transfer	merger	investment	procurement	grabs
In 1976 , the Spanish artist Agustín de la Herrán Matorras was commissioned by the religious order of the Oblates to build a 41 metres ( 135 ft ) - tall aluminum monument of a madonna , which was assembled on a high pedestal on the top of Panecillo .	pedestal	platform	base	footprint	support	foundation	stand	pillar	structure	mount	elevation
Putin, meanwhile, officially registered on Wednesday to run for the presidency in March, but the unusually sustained protests of the past two days suggested his drive to retake the job he held from 2000-2008 may not go as smoothly as he had expected.	sustained	ongoing	continued	prolonged	lasting	persistent	long-term	extended	unrelenting	durable	continuing
We do feel we are prevailing in this with our Afghan partners," he said.	prevailing	successful	dominant	winning	victorious	superior	ahead	leading	gaining	prospering	triumphant
In a telephone interview with the Times, Taliban spokesman Zabiullah Mujahid said, "As soon as the mujahedin learned about Obama's trip to Kabul we planned to conduct an operation at the heart of the city to send a message to Obama that instead of signing strategic partnerships and instead of imposing a corrupt and unpopular government over the people of Afghanistan, he should think of ways to withdraw his troops from Afghanistan."	imposing	imposing	establishing	placing	putting in place	implementing	forcing	setting up	creating	organizing	introducing
#26-7 Initially, all three were considered victims, but the status of one has been changed to suspect.	Initially	first	early	beginning	at first	from the outset	initially	originally	right away	straight away	from the start
An EU statement issued at a meeting of ministers said they adopted "sanctions against the Syrian regime" but gave no details.	regime	government	administration	rule	leadership	authority	sovereignty	control	power
Sunday's parliamentary vote suggested Russians are tiring of Putin and his United Russia party, which has dominated all other political forces in the country for a dozen years and earned a reputation for corruption.	dominated	controlled	ruled	held sway over	governed	controlled	dominated	mastery	prevailed	ruled by	held the reins of
#9-28 Reuters reported Alexandre de Moraes, minister of the Justice Department, recently authorized the state of Rio Grande do Norte to spend 13 million Brazilian reals to upgrade and expand prison equipment.	authorized	approved	permitted	granted	allowed	commissioned	given permission	empowered	designated	ordered	licensed
Israel's foreign ministry said Levanon is slated to retire shortly and that this visit is merely a farewell for him.	slated	planned	scheduled	intended	anticipated	projected	designed	arranged	predetermined	foreseen	expected
#2-15 President Muhammadu Buhari said he was saddened by "this regrettable operational mistake" and sought calm.	regrettable	regretful	sorry	disappointing	unfortunate	undesirable	annoying	embarrassing	inappropriate	concerning	sad
He said most of the village's residents had fled and regime forces were setting fire to houses and looting shops.	regime	government	forces	army	military	authorities	faction	administration	control	power	ruling
The demonstrations on Monday and Tuesday were an unusually sustained show of support for the Russian opposition.	demonstrations	rallies	protests	gatherings	demonstrations	showings	assemblies	events	actions	outpourings	appearances
#12-2 The unidentified man has been summonsed to appear at Maidstone Magistrates' Court on February 17.	summonsed	summoned	called	ordered	invited	enjoined	required	directed	obligated	instructed	compelled
Anti-Israeli sentiment, muted before President Hosni Mubarak was overthrown in February, has become more vocal.	sentiment	opinion	feeling	emotion	attitude	viewpoint	stance	belief	tendency	disposition	outlook
The Philippine government says its navy tried to detain Chinese fishermen but was prevented by the Chinese surveillance craft.	surveillance	monitoring	watching	surveillance	observation	sightseeing	tracking	guarding	keeping an eye on	supervision	inspection
Prime Minister Vladimir Putin's United Russia party won less than 50 percent of Sunday's vote, a steep fall from its earlier two-thirds majority, according to preliminary results.	preliminary	initial	early	provisional	temporary	first	preliminary	experimental	trial	sample	working
In addition to its dominant search engine, it offers a plethora of online tools and platforms including: Gmail, Maps, YouTube, and Google+, the company's extension into the social space.	plethora	abundance	variety	amount	heap	mass	collection	supply	pile	stock	surplus
Ben-Dor said that Levanon's recently named successor, Ya'akov Amitai, would leave for Cairo "as soon as proper security arrangements" are agreed upon and implemented.	implemented	agreed	settled	put in place	established	carried out	accomplished	enforced	made	achieved	organized
Under the terms of the Gambling Act the Secretary of State is able to define each type of casino , with reference to any matter he or she chooses ; although the act specifically mentions as facts to consider the number , location and concentration of gaming tables , and the floor area designated for a specific purpose .	concentration	density	amount	ratio	proportion	frequency	prevalence	degree	extent	bulk	density
#36-15 The topic had been controversial: while some supported it for safety reasons, others opposed it because of history, possibly affecting the aerodynamics of the car, limiting one's peripheral vision and movement inside the car, and worry about escaping an upside-down or burning car.	controversial	controversial	debated	disputed	contentious	challenged	heated	discussed	arguable	fraught	risky
Google on Saturday said that Chinese regulators approved its $12.5 billion deal to buy Motorola Mobility, clearing the path for the Internet titan to complete the acquisition early next week.	acquisition	purchase	deal	acquisition	transaction	takeover	buy	merger	investment	concession	purchase agreement
President Barack Obama made a surprise visit on Tuesday to Afghanistan, where he will sign an agreement outlining the U.S.' role in the country as the decade-long war there winds down.	outlining	describing	explaining	detailing	defining	summarizing	setting forth	sketching	drawing up	creating	articulating
#26-15 Västerås is in central Sweden, approximately 115 km (70 miles) west from the capital Stockholm.	approximately	roughly	around	about	nearly	near	close to	nearby	within a short distance of	in the vicinity of
It is the tallest building in California , the tenth tallest in the United States , the tallest west of the Mississippi River , and the 56th tallest building in the world , by pinnacle height .	pinnacle	height	top	summit	roof	peak	crest	spire	point	elevation	altitude
Syrian authorities say more than 2,500 members of the security forces have been killed since the uprising began in March last year.	uprising	rebellion	revolution	insurrection	protest	movement	conflict	civil unrest	dispute	struggle	riot
Most of Shakespeare 's comedies include instances of overt cross-dressing , such as Francis Flute in A Midsummer Night 's Dream .	overt	obvious	clear	apparent	visible	undeniable	express	outward	noticeable	public	palpable
The Russian Union of Journalists condemned police violence and called for a probe into the dozens of attacks and arrests of journalists, describing them as "an attempt to gag and intimidate society."	probe	investigation	inquiry	search	probe	audit	examination	scrutiny	look-into	inquiry	review
PRESIDENT Barack Obama, speaking to a US television audience  from Bagram Air Base, said he had travelled there to herald a new era in the relationship between the US and Afghanistan, ''a future in which war ends, and a new chapter begins''.	herald	announce	introduce	inaugurate	signify	signal	promote	inaugurate	initiate	launch	establish
In the ancient Greece and Rome and the medieval world , it was considered disgraceful for a woman to go on the stage , and this belief persisted until the 17th century , when in Venice it was broken .	disgraceful	unacceptable	wrong	improper	disallowed	repugnant	taboo	outrageous	offensive	shameful	reprehensible
The text was ominous that said she wanted to be cremated with her children.	ominous	threatening	foreboding	alarming	unpleasant	disturbing	grave	dangerous	sinister	gloomy	unsettling
The text is an indication that it was premeditated, Goodyear said.	indication	evidence	suggestion	clues	proof	signal	hint	manifestation	sign	manifest	telltale
#2-4 The BBC estimates at least 52 dead, while one Borno State official is attributed by AP as saying over 100 are dead.	attributed	attributed	reported	claimed	stated	said	ascribed	assigned	pointed out	identified
#37-1 Guatemalan Supreme Court approves impeachment of President Molina Yesterday in Guatemala, the Supreme Court approved the attorney general's request to impeach President Otto Pérez Molina.	impeachment	removal	ouster	accusation	removal	trial	prosecution	charge	indictment	disqualification	expulsion
He has denied charges of genocide, murder acts of terror and other crimes against humanity.The most infamous of the charges accuses Mladic of overseeing the massacre  of 8 thousand Muslim boys and men in Srebrenica in Eastern Bosnia in 1995.	infamous	famous	notorious	well-known	infamous	renowned	recognized	distinguished	scandalous	shocking	legendary
Ex-Soviet leader Mikhail Gorbachev says Russian authorities must annul the parliamentary vote results and hold a new election.	annul	void	cancel	revoke	invalidate	discontinue	terminate	remove	nullify	reassess	repeal
The Art Nouveau style however , was one that Mucha attempted to disassociate himself from throughout his life ; he always insisted that rather than maintaining any fashionable stylistic form , his paintings were entirely a product of himself and Czech art .	disassociate	separate	distance	disconnect	segregate	withdraw	refrain from	reject	avoid	refuse	abandon
#29-7 For 2016, Martin does not harbor high expectations of electoral success, though he hopes to receive an invitation to the debates.	electoral	election	voting	campaign	contest	run	participation	race	jurisdiction	political
Their strongest emissions are in the infrared ( IR ) spectrum , and ground-based IR detectors were too imprecise at that time to readily identify any brown dwarfs .	emissions	radiations	outflows	releases	expulsions	fluxes	emissions
#40-9 However, they want their community to be given the status of Other Backward Class, which would result in eligibility for reserved jobs.	eligibility	rightful	qualification	access	opportunity	position	permission	status	entitlement	capacity	privilege
Nine people were reportedly killed in the bombardment.	bombardment	attack	fire	bombing	assault	shooting	hostilities	warfare	offensive	conflict	violence
Bankia, in which the state is taking a 45-per cent stake as a crisis measure to save it from crippling bad loans, had 37.5bn euros in exposure to the property sector at the end of 2011.	crippling	harmful	severe	damaging	devastating	destructive	fatal	critical	serious	dangerous	catastrophic
A cease-fire that was supposed to begin on April 12 has had only a limited effect, throwing into doubt the rest of the plan that calls for talks between Assad's regime and those seeking to end his rule.	regime	government	administration	leadership	authority	control	power	ruling group	political system
#21-15 Eventually, F1 mandated the use of the "virtual safety car", which requires drivers to enter the pit lane at slower speeds instead of proceeding around the track.	mandated	required	ordered	enforced	imposed	designated	prescribed	obligated	directed	recommended	advised
#6-3 Artist's rendition of Manning as she views herself.	rendition	illustration	drawing	painting	sketch	representation	image	depiction	copy	visual	portrait
Tensions stemming from the 14-month-old uprising against President Bashar Assad also touched off clashes across the border in Lebanon as the revolt threatened to morph into a broader conflict.	morph	change	transform	evolve	escalate	develop	turn	shift	mutate	grow	intensify
The official spoke on condition of anonymity because he was not authorized to speak to the press.	authorized	allowed	permitted	granted	licensed	empowered	given permission	approved	allowed for	consented to	approved by
#42-22 After a while I needed to start thinking about an internship for my M.Sc.	internship	position	program	opportunity	experience	assignment	job	training	mentorship	research	fellowship
#28-18 Once again, a tragedy has struck…our city.	tragedy	accident	disaster	crisis	incident	event	catastrophe	mishap	occurrence	harmful event	affliction
#27-9 South Korea's Ministry of Unification told both Reuters and BBC it was monitoring the situation but Choe has not been seen publicly since December.	monitoring	watching	observing	tracking	keeping tabs on	overseeing	supervising	watching over	scrutinizing	paying attention to
Spanish bank restructuring is a moving target: the deeper the economic downturn, the greater the uncertainty about the size of the sector's provisioning needs.	provisioning	reserve	funding	provisioning	capital	allocation	set aside	buffer
Although Sunday's election results signal Putin's return to the presidency in next March's poll may not be as easy as he expected, he has downplayed the reduced majority.	downplayed	downplayed	minimized	understated	played down	diminished	reduced	belittled	dismissed	trivialized	ignored
The family have asked me to appeal to the media for privacy as they seek to come to terms with this tragedy in the coming days.	tragedy	accident	crisis	disaster	incident	event	occurrence	affliction	hardship	misfortune	suffering
Putin was expected to formally register on Wednesday to run for president, a position he held from 2000-2008, a period in which he grew more authoritarian.	authoritarian	authoritarian	autocratic	dictatorial	oppressive	controlling	totalitarian	authorizing	powerful	dominant	rule-based
#30-18 The part of the law which prohibits "the unauthorized use of images of police officers that might jeopardize their or their family's safety" is cited as the reason for the fine, however, police spokesperson Fernando Portillo said it was up to police officers involved and under the new law they could do this.	prohibits	prohibits	forbids	restricts	bans	prevents	stops	makes illegal	outlaws	halts
We do feel we are prevailing in this with our Afghan partners, he said.	prevailing	leading	successful	winning	superior	ahead	dominant	victorious	on top	gaining ground	progressing
The agreement was long sought by the U.S.-backed government of Afghan President Hamid Karzai, the perpetually skittish leader who has publicly voiced fears of what would befall his country if the United States quickly packed up and left.	skittish	nervous	anxious	fearful	timid	wary	cautious	uncertain	apprehensive	fidgety	hesitant
Earlier this year, the government had obliged Spanish banks to find 54 billion euros of extra capital to shield against bad loans.	obliged	required	forced	ordered	encouraged	mandated	compelled	directed	requested	pressured	pushed
Regime forces launched an offensive on Rastan at the weekend but met with sharp resistance from rebels seeking the ouster of the regime of President Bashar al-Assad.	ouster	removal	expulsion	dethronement	overthrow	dislodgement	replacement	dismissal	takeover	elimination	removal
In April 2003 , Apple brought mainstream attention to AAC by announcing that its iTunes and iPod products would support songs in MPEG-4 AAC format ( via a firmware update for older iPods ) .	mainstream	popular	common	widely recognized	general	accepted	well-known	significant	prominent	influential	main
Police are appealing for information about anyone seen acting suspiciously lately at Bidston Hill, Bidston, to come forward.	appealing	requesting	asking	seeking	encouraging	insisting	calling	summoning	inviting	urging	prodding
That prompted the Chinese surveillance ships to insert themselves into the situation.	surveillance	monitoring	observation	surveillance	watch	tracking	inspection	sighting	watching	scanning	keeping an eye on
#9-18 PCC and Comando Vermelho cooperated on drug trade from mid-1990s to reportedly summer 2016.	cooperated	collaborated	worked together	partnered	joined forces	associated	engaged in collaboration	shared a common purpose	acted jointly	allied with
A Florida mother who fatally shot her four children before killing herself Tuesday called three of the kids who had sought help from a neighbor back to the house before firing the fatal shots, authorities said.	sought	requested	needed	looked for	approached	asked	applied for	called upon	turned to	reached out to	summoned
#24-13 According to the resort's manager Mr. Naseem, the bigger pieces of debris and other waste were taken away and disposed of in the usual way.	debris	waste	trash	rubbish	debris	junk	scattered materials	leftovers	fragments	discarded material	chunks
In the latest effort to isolate Syria internationally, European Union foreign ministers agreed fresh sanctions against the country on Monday, the 15th round so far to protest against the repression of dissidents.	sanctions	restrictions	measures	penalties	punishments	prohibitions	embargoes	bans	controls	repercussions	criticism
In announcing the Motorola Mobility acquisition in August, Google chief executive Larry Page said it will "enable us to better protect Android from anti-competitive threats from Microsoft, Apple and other companies."	acquisition	purchase	buy	takeover	acquisition	merger	deal	investment	grabbing	purchase
The agreement pledges ongoing U.S. support for Afghanistan after 88,000 U.S. combat forces leave.	pledges	promises	commitments	undertakings	guarantees	agreements	vows	pledges	intentions	resolutions	declarations
#24-8 That prompted authorities to launch an investigation into the debris, but before it could be examined, it had already been sent away for disposal.	debris	trash	scattered remains	fragments	wreckage	rubbish	debris	remains	leftovers	waste	junk
#41-6 Roadworkers became suspicious of dark liquid seeping from the vehicle, and responding police found the bodies.	suspicious	suspect	questionable	doubtful	in doubt	concerned	anxious	uncertain	dubious	skeptical	enigmatic
#21-18 Upon the news of his death, many drivers sent their condolences through social media.	condolences	sympathy	regards	expressions	well wishes	thoughts	prayers	sincere feelings	kind words	support	tribute
#37-1 Guatemalan Supreme Court approves impeachment of President Molina Yesterday in Guatemala, the Supreme Court approved the attorney general's request to impeach President Otto Pérez Molina.	impeach	remove	oust	charge	expel	disqualify	depose	dismiss	restrain	suspend	abolish
But Crocker said there would be no repeat of the 1990s when a withdrawal of Western backers in the wake of the Soviet withdrawal unleashed a vicious civil war out of which the Taliban and al Qaeda support bases arose.	unleashed	caused	triggered	started	initiated	evoked	sparked	brought about	set off	led to	unleashed
#21-10 Bianchi, the 2007 French Formula Renault and 2009 Formula 3 Euro Series champion, was the inaugural member of the Ferrari Driver Academy.	inaugural	first	initial	original	primary	founding	beginning	opening	pioneer	leading
It has been an ongoing problem on our street with them, Hudson said.	ongoing	ongoing	persistent	continuing	long-running	current	active	present	unfolding	developing	recent
Many Egyptians view Israel, which signed a peace treaty with Egypt in 1979 after four wars between the two countries, with hostility.	hostility	antipathy	animosity	dislike	hostility	badwill	conflict	rejection	opposition	resentment	unfriendliness
In the latest Washington Post-ABC News poll, two-thirds of Americans said they think the decade-long battle there has not been worth the costs it has incurred; nearly half the country feels strongly that way.	incurred	costs	expenses	expenditures	burden	losses	sacrifices	efforts	investment	damage	impact
#9-7 It continued until the security forces quelled the riot on Sunday at around 7:15 a.m..	quelled	stopped	put down	ended	suppressed	pacified	controlled	reined in	disarmed	subdued	suppressed
Hundreds were beaten and detained.	detained	arrested	confined	held	incarcerated	detained	locked up	captured	taken captive	imprisoned	interrogated
#31-7 Military authorities said Muslim insurgents from the country's southern provinces are unlikely to be behind the attack.	insurgents	militants	terrorists	rebellious	fighters	soldiers	gunmen	combatants	revolutionaries	warriors	fighters
Alfons Maria Mucha ( Czech pronunciation : ( ˈalfons ˈmuxa ) ( listen ) ; 24 July 1860 - 14 July 1939 ) , known in English as Alphonse Mucha , was a Czech Art Nouveau painter and decorative artist , known best for his distinct style .	distinct	unique	special	recognizable	characteristic	noticeable	unusual	different	individual	distinctive	uncommon
A lieutenant who had defected was also killed in the clashes.	defected	turned	escaped	fled	left	abandoned	叛逃	defect	defection
Her 21-year-old sister remains critically ill in hospital.	critically	serious	severely	seriously	dangerously	badly	harmfully	grave	threatening	intense	severe
#9-4 Prison authorities said that some victims were decapitated.	authorities	officials	staff	personnel	guards	officials	administrators	management	personnel	employees	agents
Street battles pitting Lebanese Sunnis — who generally support the Syrian uprising — against Alawite supporters of Assad's regime killed one person Monday, raising the death toll to four since Sunday.	regime	government	administration	rule	authority	faction	leadership	control	system	power
The pact envisions wide-ranging U.S. involvement in Afghan economic and security affairs for a decade, if only as an adviser or underwriter.	envisions	plans	projects	intends	foresees	expects	believes	contemplates	proposes	designs	carries out
#2-3 The lowest estimate from Médecins Sans Frontières (MSF) is of 50 dead.	estimate	guess	projection	calculation	assessment	figure	data	number	conclusion	finding	opinion
Playing down the significance of Yitzhak Levanon's trip, the official, who asked not to be identified, said the ambassador went to Egypt on Saturday for farewell meetings with foreign and Egyptian diplomats before his retirement.	significance	importance	relevance	meaning	weight	impact	value	significance	effect	factor	role
#2-17 The Red Cross said it has staff and facilities ready in neighbouring Cameroon and Chad to assist.	neighbouring	nearby	adjacent	close	near	neighboring	in close proximity	within reach	alongside	beside	adjacent to
Even after the U.S. combat mission is concluded in 2014, it is likely that thousands of U.S. troops will remain for some years to conduct counterterrorism strikes and otherwise train and advise Afghan forces, and help the Afghans collect and exploit intelligence on insurgents and other military targets.	insurgents	militants	terrorists	fighters	enemies	warriors	combatants	opposition	troublemakers	rebels	outlaws
#6-16 Manning is among more than 1,500 individuals whom President Obama has granted clemency during his tenure.	clemency	pardon	absolution	forgiveness	reduction	mitigation	mercy	grace	amnesty	leniency	compassion
Brevard County Sheriff's deputies say Tanya Thomas shot and killed her four children who ranged in age from 12 to 17 A Florida mother who fatally shot her four children before killing herself Tuesday called three of the kids who had sought help from a neighbor back to the house before firing the fatal shots, authorities said.	authorities	police	officials	law enforcement	government agencies	personnel	personnel	officers	agents	staff
An account with a username that uses hateful or obscene language or otherwise indicates disruptive or provocative intent will be hard blocked , meaning that an unblock request will be required .	obscene	offensive	profanity	vulgar	indecent	obscene	foul	disrespectful	abusive	offensive
The festival is now operated by Aldeburgh Music , which also runs the Britten-Pears Young Artist Programme ( formerly the Britten-Pears School for Advanced Musical Studies ) , Aldeburgh Residencies - a program offering bespoke training and development opportunities to UK and international artists - as well as an extensive education program .	bespoke	tailored	personalized	custom	individualized	unique	specially designed	niche	exclusive	special	private
The state will have to raise money on debt markets for the loans to the banks, which will be made through an instrument known as contingent convertibles, or CoCos, which carry the risk that the state ends up with ownership of still-troubled banks.	instrument	contingent	mechanism	method	tool	device	instrumentality	approach	procedure	strategy	policy
As the front pair wears down and drops out in pieces , the back pair shifts forward , and two new molars emerge in the back of the mouth .	emerge	appear	come forth	develop	grow	arise	show up	manifest	surface	take shape	become visible
The assault raises fresh concern about the resilience of the insurgency on the anniversary of Osama bin Laden's death as NATO winds down its combat presence in the next two years and hands over responsibility for security to Afghan forces.	insurgency	rebellion	conflict	warfare	resistance	uprising	movement	insurgence	guerrilla	hostility	fight
As we emerge from a decade of conflict abroad and economic crisis at home, it's time to renew America, Obama said, speaking against a backdrop of armored vehicles and a U.S. flag.	emerge	exit	depart	leave	arise	reappear	return	come forth	transition	advance	progress
#38-7 A brief police chase ensued several hours later when law enforcement attempted unsuccessfully to pull Flanagan over on Interstate 66 in Fauquier County.	ensued	followed	developed	occurred	tookplace	happened	cameabout	arose	evolved	proceeded	continued
The EU ministers agreed to an assets freeze and visa ban on two firms and three people believed to provide funding for the regime, according to the office of EU foreign policy chief Catherine Ashton.	regime	government	administration	authority	leadership	government	ruling body	control	organization
The bean was first unearthed at Awazu-kotei Ruin of Japanese mid Jōmon period in 4000BC , and later it was commonly found on many Jomon ruins in 4000BC to 2000BC in Japan .	unearthed	discovered	found	unearthed	uncovered	excavated	revealed	taken out	removed
The Taliban said it was in response to Obama's visit and to the strategic partnership deal he signed with Afghan President Hamid Karzai, a pact that sets out a long-term U.S. role after most foreign combat troops leave by the end of 2014.	strategic	important	significant	key	vital	main	crucial	strategic	essential	critical	major
Angers proper has a population of 157,000 inhabitants , while c. 283,000 live in its metropolitan area .	metropolitan	area	region	zone	metropolitan	urban	suburb	cityproper
The original intention was to provide a home for their opera company , the English Opera Group , but the vision was soon widened to include readings of poetry , literature , drama , lectures and exhibitions of art .	exhibitions	exhibits	displays	shows	presentations	demonstrations	viewings	exposures	screenings	features	visuals
National security expert Michael O'Hanlon of the Brookings Institution said he is more encouraged about the prospects for success in Afghanistan after President Obama's speech.	prospects	opportunities	chances	possibilities	outlook	future	potential	hopes	aspirations	expectations	goals
The DFA said a Philippine Navy surveillance aircraft monitored eight Chinese fishing vessels anchored inside the Panatag (Scarborough) Shoal in the West Philippine Sea on Sunday, April 8.	surveillance	monitoring	watching	surveilling	observing	tracking	patrolling	inspecting	keeping watch	looking out	spotting
#30-15 All opinion polls indicate that the Spanish society is not at all preoccupied by security but by the economic situation and political corruption."	preoccupied	concerned	worried	interested	focused	engaged	absorbed	involved	distracted	attentive	mindful
A local witness said a separate group of attackers disguised in burqas — the head-to-toe robes worn by conservative Afghan women — then tried to storm the compound.	conservative	traditional	orthodox	conventional	traditionalist	conservative	ideological
#42-75 I have no doubt that as time goes on, there will be more and more cases documented.	documented	recorded	reported	counted	registered	listed	documented	verified	affirmed	identified	established
Brevard County Sheriff's Lt Tod Goodyear said the neighbour called 911 after being awoken by gunshots coming from a home in Port St John, east of Orlando, at 4.50am local time.	awoken	aroused	woke	awakened	stirred	roused	awakened	aroused	alerted	notified	roused
The following day, child welfare investigators visited the house to look into allegations of inadequate supervision of the children.	inadequate	inadequate	insufficient	deficient	lacking	poor	weak	unsatisfactory	substandard	limited	faulty
#1-11 Next week, on January 24, the Supreme Court is due to deliver a decision in a case challenging the government's right to issue Article 50—which starts the Brexit negotiations—without the consultation of Parliament.	challenging	questioning	contesting	arguing	disputing	objecting	opposing	criticizing	doubting	denying	resisting
The cleric was assassinated by unidentified gunmen in Damascus, the Observatory said.	assassinated	murdered	killed	fatally wounded	slain	executed	taken out	shot	assassinated
Aviation altitude is measured using either Mean Sea Level ( MSL ) or local ground level ( Above Ground Level , or AGL ) as the reference datum .	datum	reference	basis	standard	point	origin	level	scale	measure
In 1964 , to support children who were not eligible for adoption , Buck established the Pearl S. Buck Foundation ( now called Pearl S. Buck International ) to `` address poverty and discrimination faced by children in Asian countries . ''	eligible	qualifying	suitable	allowed	qualified	worthy	capable	admissible	permitted	acceptable
Thousands of security forces were out in the Russian capital and helicopters roamed the sky Wednesday, a show of force following protests over scandal-marred elections that saw Prime Minister Vladimir Putin's party struggle to keep a majority.	roamed	flew	patrolled	circled	traveled	moved	flowed	swept	navigated	danced	soared
The Philippines foreign secretary has said he and the Chinese ambassador have agreed to resolve diplomatically a stand-off involving a Philippine warship and two Chinese surveillance vessels in a disputed area of the South China Sea.	diplomatically	peacefully	amicably	negotiatively	quietly	cordially	smoothly	tranquil	calmly	without conflict	harmoniously
In an election-year address, Obama presented himself as a commander-in-chief capable of ending two long wars, following the US withdrawal from Iraq, and crushing Al-Qaeda, and tried to conjure up a new dawn for a US public exhausted by conflict and recession.	conjure	create	imagine	manufacture	summon	forge	build	invent	produce	generate	fashion
#15-30 The flight was carrying high-profile political figures to attend a ceremony commemorating the 70th anniversary of the Katyn massacre, when thousands of Polish prisoners of war and civilians were killed by the Soviets.	commemorating	celebrating	memorializing	honoring	commemorating	remembering	paying tribute to	marking
The passing of Aboriginal land rights legislaton in Australia was preceded by a number of important Aboriginal protests , including the 1946 Aboriginal Stockmen 's Strike , the 1963 Yolngu Bark Petition , and the 1966 Wave Hill Walk-Off , as well as the Aboriginal Lands Trust Act 1966 ( SA ) , which established the South Australian Aboriginal Lands Trust .	legislaton	legislation	law	act	regulation	statute	rules	policy
In the latest effort to isolate Syria internationally, European Union foreign ministers agreed fresh sanctions against the country on Monday, the 15th round so far to protest against the repression of dissidents.	dissidents	rebels	opposition	enemies	disrupters	troublemakers	protesters	independents	activists	advocates	resistance
Of that total €31.8bn were classed as problematic.	problematic	problematic	suspect	questionable	unsatisfactory	dubious	inadequate	flawed	undesirable	concerning	uncertain
#42-44 We measured the ROS-concentration in the bodies of ants after they ingested the food with the medicine using a spectrophotometer.	ingested	consumed	eaten	taken	absorbed	ingested	devoured	munched	swallowed	dipped	sucked
A definitive clean-up of troubled banks, as well as an accelerated 2014 budget, are among a package of reforms that could win centre-right Prime Minister Mariano Rajoy more time from the European Union to hit tough deficit targets, EU sources have told Reuters.	definitive	definitive	final	absolute	complete	firm	certain	unambiguous	clear	resolved	solid
The acquisition is the largest wireless-equipment deal in at least a decade, according to data compiled by Bloomberg.	compiled	collected	assembled	gathered	prepared	sorted	compiled	generated	produced	created	made
#23-6 Fox News claims Everson fails to meet the criteria it established for Thursday's two debates.	criteria	standards	rules	guidelines	requirements	specifications	benchmarks	expectations	norms	protocols	parameters
Companies must raise £28 trillion Chinese sovereign wealth fund stops buying Euro debt Surprise weakening in China import and exports Spain nationalises Bankia as euro crisis escalates Germany warns Greece 'no bailout agreement, no aid' Bankia, in which the state is taking a 45pc stake as a crisis measure to save    it from crippling bad loans, had €37.5bn in exposure to the property sector    at the end of 2011.	crippling	severe	destructive	devastating	serious	fatal	catastrophic	dangerous	harmful	damaging	critical
Russian news agencies reported about demonstrators d200 were arrested at a similar attempt to hold an unsanctioned rally in St Petersburg and another 25 in the southern city of Rostov-on-Don.	unsanctioned	unpermitted	unauthorized	illegal	forbidden	prohibited	unapproved	disallowed	off-limits	unlawful	illegal
He said: "This family is clearly deeply shocked and traumatised by what has happened over the weekend.	traumatised	shocked	distressed	upset	traumatized	affected	disheartened	devastated	worried	scared	frightened
Mature kauri trees have characteristically large trunks , forming a bole with little or no branching below the crown .	bole	trunk	heartwood	core	stem	base	body	enschaft	main stem	central trunk	shaft
Clashes that began Sunday in Lebanon ignited over the arrest of Islamist activist Chadi Mawlawi, who the Lebanese government accuses of being an operative in Al-Qaeda-inspired group.	ignited	sparked	started	caused	triggered	brought about	erupted	escalated	inflamed	set off	began
He said authorities have received previous calls from Thomas' home pertaining to domestic violence.	pertaining	related	concerning	about	regarding	touching	associated with	relating to	connected to	involving
Clashes that began Sunday in Lebanon ignited over the arrest of Islamist activist Chadi Mawlawi, who the Lebanese government accuses of being an operative in Al-Qaeda-inspired group.	operative	agent	member	participant	affiliate	associate	soldier	enforcer	spy	representative	activist
On the anniversary of bin Laden's killing, Crocker said he did not believe there would be a sole turning point in the war.	sole	only	unique	single	special	absolute	definitive	primary	essential	main	unrivaled
He decorated the Bosnia and Herzegovina Pavilion and collaborated with decorating the Austrian Pavilion .	collaborated	worked with	partnered	collaborated	assisted	cooperated	joined forces	shared responsibility	worked together	participated in	contributed to
#8-8 I want to continue playing at the highest level and win as many trophies as possible."	trophies	awards	medals	championships	victories	achievements	successes	recognition	prizes	honors	trophies
The two sides are the legacy of, and backlash against, Syria's virtual rule over Lebanon from 1976 to 2005 and its continued influence since.	backlash	resistance	opposition	criticism	rejection	protest	disapproval	condemnation	hostility	denunciation	conflict
#34-8 "Commanders of the Korean People's Army were hastily dispatched to the front-line troops to command military operations to destroy psychological warfare tools if the enemy does not stop the propaganda broadcast within 48 hours and prepare against the enemy's possible counteractions," added KCNA.	counteractions	rebuttals	defenses	retaliations	responses	countermeasures	reactions	precautions	preparations	strategies	moves
Mr Del Rosario said that despite the impasse, "we resolved to seek a diplomatic solution to the issue".	impasse	stalemate	deadlock	conflict	disagreement	standoff	crisis	friction	problem	difficulty	obstacle
Taliban bombers attacked a heavily fortified guesthouse used by Westerners in Kabul on Wednesday, announcing the start of their annual in defiance of calls from visiting US President Barack Obama that the war was ending.	defiance	rebellion	opposition	resistance	disagreement	challenge	rejection	inconsistency	variance	obstinacy	retaliation
#15-41 Rex Tillerson, proposed Secretary of State for the Trump administration, implied the troops would be staying put.	implied	suggested	indicated	pointed out	infused	showed	meant	suggested	foreshadowed	gave the impression of	hinted
But opposition parties and international observers said the vote was marred by widespread reports of vote-rigging.	marred	damaged	spoiled	defaced	disfigured	marred	polluted	corrupted	distorted	degraded	ruined
#32-3 After his departure, he briefly served as CEO of the American Red Cross, worked in the cabinet of Indiana governor Mitch Daniels, and worked for the tax consulting firm alliantgroup.	departure	exit	leaving	departure	resignation	quit	abdication	resignment	removal	termination
A suicide attacker detonated a bomb at the gates of a compound used by foreigners in Kabul, Afghanistan, Wednesday, killing seven Afghans, officials said.	compound	facility	building	structure	location	site	complex	quarters	area	premises	grounds
Iran supports the Damascus regime, which since 15 March 2011 has faced an unprecedented popular revolt.	unprecedented	uncommon	rare	unique	novel	exceptional	surprising	unusual	distinctive	extraordinary	historic
#13-7 Although president-elect Donald Trump has called for a "repeal and replace" plan, saying that a new health care system would be enacted "almost simultaneously," many in government and the press have expressed doubts about whether this would actually happen.	enacted	implemented	put into effect	established	launched	adopted	introduced	created	brought into being	formed	instituted
#30-11 Even before its enactment it saw widespread criticism.	enactment	implementation	passage	launch	beginning	adoption	introduction	effect	coming into force	start	take effect
Israel's outgoing ambassador to Egypt arrived in Cairo on Sunday to bid farewell to former colleagues, after an attack on the Israeli mission in September forced its evacuation, according to a spokesman at Israel's Foreign Ministry in Jerusalem.	evacuation	withdrawal	removal	departure	exit	retreat	cessation	disengagement	expulsion	abandonment	closure
In Spain, one in four of its workforce is without a job, and the latest prediction from the EU says Spain is going to stay in recession for some time to come.	prediction	forecast	estimate	projection	guess	outlook	expectation	foresight	inference	suggestion	idea
Google says authorities in China have approved its acquisition of Motorola Mobility.	acquisition	purchase	takeover	acquisition	buy	purchase	merger	grabbing
#12-6 Kent Police continue to investigate; Highways England have said they will await that probe's results before deciding if they will launch their own.	investigate	examine	probe	scrutinize	inquiry	look into	search	analyze	assess	explore	review
By late morning, Santander, the eurozone's biggest bank by capital, had slumped 2.97 percent to 4.774 euros, number-two BBVA slid 2.62 percent to 5.171 euros and Banco Popular skidded 3.75 percent to 2.08 euros.	slumped	dropped	fell	dipped	decreased	plummeted	lowered	reduced	slipped	sagged	diminished
The incident followed the killing in August of five Egyptian security guards by Israeli soldiers pursuing militants who had ambushed and killed eight Israelis along the Israeli-Egyptian border.	ambushed	attacked	surrounded	targeted	surprised	ambushed	overrun	taken	captured	harassed	invaded
He said the United States must see this battle through to a successful conclusion, although not one that involves nation-building.	conclusion	outcome	finish	end	resolution	result	denouement	termination	conclusion	accomplishment	completion
#25-7 Average hourly earnings rose 0.2%, marking a rebound after growth stalled in June.	rebound	recovery	increase	rise	boost	surge	rebound	jump	improvement	advance	growth
Analysts welcome the measures but accuse the government of reacting too late to a problem that was diagnosed years ago.	diagnosed	identified	recognized	detected	observed	determined	diagnosed	established	prescribed	pointed out	marked
But members of the opposition had urged Syrians to boycott the elections, saying a vote for any of the candidates amounted to a vote for al-Assad, whose family has ruled the country for 42 years.	boycott	refuse	exclude	abstain	withhold	stay away from	avoid	resist	reject
Fearing the prospect of facing other large armies and exhausted by years of campaigning , Alexander 's army mutinied at the Hyphasis River , refusing to march further east .	campaigning	warfare	fighting	operations	battles	engagements	strife	conflict	skirmishes	struggles	combat
Alexander succeeded his father , Philip II of Macedon , to the throne in 336 BC after Philip was assassinated .	assassinated	murdered	killed	assassinated	slain	taken	put down	eliminated	executed	deceased	died
#5-1 Bomb kills at least 50 in Gao, Mali A vehicle packed with explosives was detonated this morning in Gao, Mali.	detonated	exploded	set off	triggered	fired	launched	activated	caused	imploded	blown up	struck
This is not the definitive clean-up framework that the market is clamoring for, said Nicholas Spiro from Spiro Sovereign Strategy.	clamoring	demanding	pressing	begging	asking	seeking	advocating	urging	pleading	encouraging	agitating
The successive rounds of financial system reform have not helped to build the necessary credibility for the system, and short of a big bang solution that specifies where the money to recapitalize the banks is going to come from, today's (Friday's) reforms might disappoint markets, Barroso said in a note.	credibility	reliability	trustworthiness	confidence	faith	reputation	believability	standing	integrity	trust	assurance
The Britain-based monitoring group said initial reports indicated that three troop carriers were destroyed in the clashes that began at dawn on the outskirts of the rebel-held city, located in Homs province.	outskirts	border	edge	perimeter	boundary	surrounding	environs	neighborhood	district	region	location
Syria is overwhelmingly Sunni, but President Bashar Assad and the ruling elite belong to the minatory Alawite sect.	elite	ruling	class	group	faction	power	leadership	establishment	society	clique	regime
Suicide bombers attacked a compound housing Westerners in Kabul on Wednesday hours after U.S. President Barack Obama signed a security pact during a short visit to a city that remains vulnerable to a resilient insurgency.	vulnerable	susceptible	exposed	at risk	fragile	open	in danger	threatened	weak	precarious	prone
Albert Del Rosario said he met ambassador Ma Keqing and both reaffirmed their governments' positions that the Scarborough Shoal where the ships are facing off was part of their own country's territory.	reaffirmed	confirmed	restated	reasserted	stoodby	endorsed	maintained	reiterated	declared	stated	avowed
In a statement on Wednesday, the Chinese Embassy said the two Chinese Marine Surveillance ships were sent in the area to safeguard China's maritime rights and interests after Philippine soldiers harassed the Chinese fishermen.	harassed	assaulted	attacked	menaced	troubled	molested	agitated	disturbed	annoyed	irritated	pestered
Two Chinese marine surveillance ships are in this area fulfilling the duties of safeguarding Chinese maritime rights and interests, it said in a statement.	safeguarding	protecting	defending	preserving	safeguarding	monitoring	watching	ensuring	guaranteeing	maintaining	securing
Arovell 's headquarter lies in Gosau in Upper Austria and has subsidiaries in Vienna and Salzburg .	subsidiaries	branches	offices	locations	divisions	outposts	parts	subsidiaries	affiliates	extensions	departments
Their strongest emissions are in the infrared ( IR ) spectrum , and ground-based IR detectors were too imprecise at that time to readily identify any brown dwarfs .	imprecise	inaccurate	uncertain	not precise	poorly accurate	unreliable	flawed	mistaken	not reliable	limited	deficient
Activists said at least 30 people died on Sunday - mainly civilians - as violence surged at flashpoints across the country despite an increase of UN observers.	surged	increased	escalated	worsened	intensified	boosted	rose	grew	spiked	accelerated	heightened
#13-6 Although the 51-48 vote was mostly along party lines, some Republicans have expressed uncertainty about repealing Obamacare before a replacement system is worked out.	repealing	removing	abolishing	scrapping	repeating	replacing	ending	deleting	discontinuing	withdrawing	revoking
#26-4 According to police, the two fatalities do not have any obvious connection to the suspects, but did know each other.	obvious	apparent	clear	undeniable	evident	plain	easily recognizable	straightforward	transparent	unmistakable	visible
The assault raises fresh concern about the resilience of the insurgency on the anniversary of Osama bin Laden's death as NATO winds down its combat presence in the next two years and hands over responsibility for security to Afghan forces.	resilience	strength	tenacity	endurance	resistance	fortitude	capability	vitality	persistence	staying power	mettle
It does not commit Washington to specific troop or funding levels for Afghanistan, though is meant to signal U.S. foes that despite ending the longest war in U.S. history, Washington intends to ensure Afghanistan does not revert to a haven for terror groups like al-Qaeda.	revert	return	relapse	slide	backtrack	reverse	rebound	recover	regress	reestablish	reform
#15-14 Szatkowski also mentioned Russian action in Ukraine, which he called "aggressive actions in our vicinity".	vicinity	area	region	sphere	neighborhood	territory	zone	locality	district	perimeter	hinterland
The Taliban said the assault was a riposte to Obama, who just hours earlier signed a new partnership pact in Kabul to govern Afghan-US relations after 2014 -- a deal the insurgents dismissed as "illegitimate".	riposte	remedy	response	retaliation	countermeasure	reaction	vindication	answer	defiance	defense	reply
The gradual accumulation of decayed plant material in a bog functions as a carbon sink .	accumulation	deposit	build-up	gathering	growth	accumulation	heaping	collection	gradual buildup	progression	development
The Observatory said Rastan, which lies 180km (120 miles) north of Damascus, was subjected to sustained shelling overnight, leaving dozens of people injured.	sustained	continuous	constant	ongoing	repeated	long-lasting	prolonged	persistent	regular	continuing	uninterrupted
#26-12 According to the paper, the victims were not local residents, but did have a connection with Västerås, where they were vacationing at the time of the attack, which a police spokesperson has called "an act of madness"((sv)).	vacationing	visiting	vacation	holidaying	travelling	spending	staying	recreating	leisure	holidays	tourism
Sunday's parliamentary vote suggested Russians are tiring of Mr Putin and his United Russia party and allegations of vote-rigging have fired up the opposition, which has long seen its protests crushed and its pleas ignored by the Kremlin-dominated media.	allegations	accusations	claims	charges	rumors	reports	evidence	speculations	statements	inferences	assertions
It said Panatag Shoal is an integral part of Philippine territory, 124 nautical miles from the nearest base-point in Zambales.	integral	essential	important	fundamental	crucial	key	vital	core	central	main	significant
A monument to the Virgin Mary is located on top of El Panecillo and is visible from most of the city of Quito .	monument	statue	memorial	structure	building	tower	landmark	sculpture	artwork	display	symbol
The shootings are the worst homicides to take place in Brevard County since 1987.	homicides	murders	killings	fatalities	homicides	deaths	slain	victims	casualties	executions
#26-4 According to police, the two fatalities do not have any obvious connection to the suspects, but did know each other.	fatalities	deaths	victims	casualties	passings	deceased	killings	bodies
The incident not only underscores the difficulties that remain as Afghan security forces take control of increasingly larger share of the country, but also the potential fallout from the Afghan insurgency during high-profile visits.	underscores	highlights	emphasizes	points out	shows	illustrates	reveals	demonstrates	signifies	suggests	indicates
Russian authorities should annul the parliamentary vote results and hold a new election, ex-Soviet leader Mikhail Gorbachev urged Wednesday as popular indignation grew over widespread reports of alleged election fraud.	annul	void	cancel	revoke	invalidate	nullify	reconsider	disregard	dismiss	eliminate	repeal
Authorities said Tuesday at least 51,500 police officers and 2,000 Interior Ministry troops have been deployed in Moscow since the election.	deployed	assigned	stationed	sent	deployed	located	organized	mustered	mobilized	placed	posted
Among the dead were a Shiite imam, Sheikh Abbas al-Laham, who leads the prayers in the Ruqayya mosque in Damascus, a revered place of pilgrimage for many religious Iranians.	revered	sacred	honored	respected	beloved	deified	prized	admired	cherished	sacred	famous
Wikipedia admins can never be absolutely sure about sockpuppetry , and the most abusive users can be very devious in attempting to evade detection .	evade	avoid	escape	conceal	elude	trick	outwit	bypass	dodge	disappear	shelter
Russian authorities should annul the parliamentary vote results and hold a new election, ex-Soviet leader Mikhail Gorbachev urged Wednesday as popular indignation grew over widespread reports of alleged election fraud.	alleged	suggested	reported	claimed	accused	alleged	supposed	inferred	assumed	believed	presumed
Mr. Gorbachev spoke to the Interfax news agency as public indignation was rising over reported election fraud in Sunday's election.	indignation	anger	discontent	frustration	outrage	resentment	protest	dissatisfaction	grief	annoyance	uprising
Obama's emphasis on a long-term U.S. commitment to Afghanistan reflects a lingering worry about the threat of a Taliban resurgence after 2014, when U.S. and NATO combat forces are scheduled to leave.	lingering	persistent	ongoing	lasting	continuing	present	enduring	residual	persistent	continued	underlying
The barren islands, reefs and coral outcrops are believed to be in rich in oil and gas and the overlapping claims have long been feared as Asia's next flashpoint for armed conflict.	barren	deserted	empty	uninhabited	undeveloped	inactive	lacking	void	bare	uninhabitable	unused
Gorbachev added that authorities "must admit that there have been numerous falsifications and ballot stuffing."	falsifications	forgeries	fabrications	manipulations	alterations	fraud	dishonest practices	deceptions	errors	irregularities
Speaking from the country where the September 11 terrorist attacks were incubated, Mr Obama suggested  America had come full circle.''	incubated	originated	spawned	produced	developed	nursed	generated	created	harbored	hosted	found
Activists said at least 30 people died on Sunday - mainly civilians - as violence surged at flashpoints across the country despite an increase of UN observers.	flashpoints	conflict zones	hotspots	trouble spots	battlefields	crisis areas	volatile regions	critical points	sensitive locations	high-risk areas	unstable regions
#35-36 "In my judgment the common law," the judgement reads, "and in particular the principles of natural justice and fairness, would in a case such as this which involves the right to life, and the right to a fair trial, as well as powerful countervailing issues of public interest, compel the court to apply the most intense level of anxious scrutiny to the facts to ensure that the accused were not prejudiced."	prejudiced	prejudiced	biased	unfair	discriminatory	skewed	hurt	damaged	harmed	disadvantageous
The modern version of this honor has been conferred on non-Japanese recipients beginning in 1981 ( although several foreigners were given the honor before World War II ) ; and women were awarded the Order starting in 2003 ( previously , women were awarded the Order of the Precious Crown ) .	conferred	awarded	presented	given	bestowed	bestowed	granted	presented	appointed	nominated
By alighting in Afghanistan on the anniversary of the raid that killed Sept. 11 mastermind Osama bin Laden, Obama was also making an unsubtle show of the power of the presidency.	alighting	landing	arriving	getting off	disembarking	stepping down	taking off	descending	entering	going ashore	
The militants vowed to continue their armed struggle "against all the contents of this illegitimate document until the full withdrawal of all invading forces and their puppets" -- referring to the Karzai government.	illegitimate	unlawful	invalid	illegal	unauthorized	dubious	questionable	unconstitutional	illegitimate	false	unfair
I would wish to extend my thoughts and prayers to the family and friends of the victim at this terrible time.	extend	offer	express	relay	communicate	depict	deliver	share	present	provide	show
#28-7 David Conley, 49, was arrested by the HSCO and subsequently charged with the crimes.	subsequently	afterwards	following	then	next	consequently	as a result	in consequence	due to	upon
Kirill Kudryavtsev / AFP - Getty Images Police officers surround Russian opposition leader Boris Nemtsov, who was detained while taking part in an unauthorized rally at the Triumfalnaya Square in central Moscow late on Tuesday.	detained	arrested	captured	held	confined	incarcerated	taken	interrogated	seized	detained
Chernov was born in Lithuania to Russian parents , and migrated with his family to Salzburg , Austria where he commenced his schooling .	commenced	started	began	initiated	kicked off	launched	embarked upon	took up	introduced	commenced
Google defended itself saying it has no intentions of giving Motorola special treatment over other Android-running OEMs such as HTC, Samsung, and LG.	intentions	plans	goals	objectives	desire	purpose	wish	aim	target	agenda	mission
An account with a username that uses hateful or obscene language or otherwise indicates disruptive or provocative intent will be hard blocked , meaning that an unblock request will be required .	disruptive	disruptive	unruly	problematic	troublesome	awkward	obnoxious	inconsistent	off-putting	annoying	provoking
The Taliban claimed responsibility for the attack which involved a car bomb and insurgents disguised as women on the eastern outskirts of the capital, killing seven people, a Gurkha guard and six passers-by, and wounding 17.	outskirts	border	edge	perimeter	boundary	far side	remote area	neighborhood	locality	region	surrounding areas
Pearl S. Buck died of lung cancer on March 6 , 1973 , in Danby , Vermont , and was interred in Green Hills Farm in Perkasie , Pennsylvania .	interred	buried	interred	cremated	placed	laidtorest	entombed	disposedof	memorialized	buried
His satirical street art and subversive epigrams combine dark humor with graffiti executed in a distinctive stencilling technique .	epigrams	witty sayings	jokes	comedic remarks	provocative statements	clever phrases	remarks	quatrains	verse	lines	juxtapositions
Brevard County was the scene of six homicides in 2011, Goodyear said.	homicides	murders	killings	deaths	slayings	murders	fatalities	casualties
#5-4 Northern Mali was seized by Islamic militants in 2012, with France leading a military intervention the following year.	seized	captured	occupied	taken	invaded	controlled	gained	seized	acquired	possessed	ruled
#30-19 "We would have preferred a different solution but they have the legal right to impose the fine,” Portillo said, but the public posting of the photo impugned the officers' sense of honor.	impugned	damaged	harmed	disrespected	tarnished	stained	assaulted	denigrated	defamed	embarrassed	mocked