ao prever a distribuição gratuita de uniforme para alunos da rede pública um projeto em discussão no congresso institui uma controvérsia em escolas prefeituras e secretarias de educação	controvérsia	discordância	conflito	debate	disputa	dúvida	polêmica	oposição	divergência	questão	impasse	
a matéria ainda precisa passar pela câmara dos deputados e pela presidência da república antes de entrar em vigor	matéria	assunto	tema	proposta	conteúdo	questão	pauta	texto	discussão	deliberação	item	
o acessório polêmico entrou no projeto de autoria do senador cícero lucena psdbpb graças a uma emenda aprovada na comissão de educação do senado em outubro	polêmico	controverso	discutido	debatido	questionável	problemático	delicado	sensível	divergente	contestável	divisivo	
toda a operação teria sido armada para vingar a morte de um companheiro em um atentado a bomba	armada	planejada	organizada	preparada	orquestrada	montada	estruturada	arranjada	articulada	executada	realizada	
blitze barreiras e operações em profusão foram insuficientes para conter um crescimento de 1112 em relação a março de 2006	profusão	abundância	excesso	quantidade	grandeza	fartura	riqueza	multidão	plenitude	superabundância	afluência	
o subcomandantegeral da bm coronel paulo roberto mendes reconheceu que o incremento nos roubos pode estar ligado a deficiências nas manobras adotadas	incremento	aumento	crescimento	melhoria	elevação	expansão	avanço	progresso	desenvolvimento	intensificação	ampliação	
diferentemente de outros pleitos as legendas este ano são obrigadas a driblar novas regras eleitorais desgaste da imagem da classe política e projetos nacionais envolvendo líderes gaúchos	desgaste	deterioração	declínio	erosão	enfraquecimento	abatimento	desgaste físico	desgaste moral	desgaste psicológico	redução	perda	
para os analistas políticos a indecisão eleitoral de 2006 é fruto de uma confluência de fatores	fruto	resultado	consequência	efeito	resultado final	produto	origem	desdobramento	resultado direto	reflexo	derivado	
os partidos estão mais cautelosos	cautelosos	cuidadosos	prudentes	atentos	vigilantes	precavidos	reservados	moderados	discretos	prevenidos	cuidadosos
o relatório produzido pela comissão criada para revisar processos administrativos da assembléia legislativa destaca temas que devem provocar polêmica no parlamento	revisar	examinar	analisar	verificar	avaliar	inspecionar	checar	estudar	revisar novamente	observar	ajustar	
um deles se refere ao fato de cada deputado ter três carros cadastrados para fins de indenização por uso de carro particular	cadastrados	registrados	inscritos	listados	anotados	arquivados	catalogados	incluídos	documentados	relacionados	designados	
antunes vai apresentar o conteúdo do relatório hoje à mesa diretora e posteriormente implementar novas medidas de contenção e controle	contenção	controle	limitação	redução	restrição	moderação	regulação	freio	supressão	abrandamento	contenimento	
viagens de carro ficam mais agradáveis quando os ocupantes podem fazer algo mais do que apreciar a paisagem	ocupantes	passageiros	viajantes	pessoas	indivíduos	tripulantes	moradores	usuários	habitantes	frequentadores	clientes	
uma arena suspensa com estacionamento subterrâneo e capacidade entre 45 e 50 mil espectadores	espectadores	público	plateia	assistentes	torcedores	visitantes	fãs	observadores	frequentadores	presentes	testemunhas	
apesar das boas intenções a organização das nações unidas para a educação a ciência e a cultura unesco tratou de se desvincular da escolha	desvincular	separar	desligar	distanciar	afastar	romper	desatar	desconectar	liberar	soltar	desassociar	
plácido domingo lembrou o maravilhoso senso de humor do parceiro italiano capaz de proporcionar momentos tão divertidos nos concertos dos três tenores que nós nos esquecíamos de que estávamos cantando para um público que pagará	proporcionar	oferecer	fornecer	garantir	disponibilizar	entregar	possibilitar	facilitar	propiciar	ceder	conceder	
o regente indiano zubin mehta um dos principais colaboradores do tenor destacou que luciano tinha uma aura especial emanava sensações positivas	emanava	saía	transmitia	irradiava	exalava	projetava	expelia	liberava	difundia	produzia	espalhava	
ele ressalta que o próximo trânsito ocorrerá somente em 9 de maio de 2016	ressalta	destaca	enfatiza	sublinha	aponta	salienta	menciona	frisa	realça	observa	indica	
para evitar um novo desgaste político a administração federal não pretende influir ao menos por enquanto para que os senadores do pmdb contrários à cpmf sejam substituídos na ccj	desgaste	desgaste	prejuízo	dano	abatimento	cansaço	erosão	enfraquecimento	desgaste físico	declínio	desgaste emocional	
começamos a encaminhar em novembro de 2005 e só na metade do ano passado acertamos tudo e eles começaram a confeccionar o produto afirma a coordenadora	confeccionar	fazer	produzir	criar	fabricar	montar	elaborar	preparar	desenvolver	costurar	montar	
é difícil parar com a depredação	depredação	destruição	vandalismo	danificação	estrago	devastação	dano	saque	arruinamento	quebra	ruína	
as bolsas podem cair o que não vai cair é a economia venezuelana que está pujante como nunca disse	pujante	forte	vigorosa	próspera	robusta	potente	desenvolvida	ativa	florida	dinâmica	rica	
a principal celebração na comunidade judaica da capital ocorrerá amanhã no clube campestre macabi	celebração	festa	comemoração	evento	cerimônia	homenagem	solenidade	reunião	encontro	culto	atividade	
os donos argumentam que seus mascotes são limpos e saudáveis	argumentam	defendem	alegam	afirmam	dizem	proclamam	explicam	justificam	declaram	asseveram	contam	
o próprio ban kimoon que está no timor leste prometeu voltar a bali hoje para acompanhar de perto o diálogo e se necessário intervir para um acerto	intervir	agir	entrar	mediar	participar	ajudar	colaborar	negociar	interceder	auxiliar	influenciar	
o anúncio foi feito pelo pontífice durante uma audiência geral na qual o papa informou que vai realizar uma nova assembléia de cardeais chamada de consistório	pontífice	papa	líder	chefe	bispo	patriarca	autoridade	religioso	clerical	mentor	guia	
a musculação do dólar e a expectativa de maior preço dos grãos representam âncoras para enfrentar águas turbulentas	turbulentas	agitadas	instáveis	tempestuosas	confusas	caóticas	difíceis	movimentadas	perigosas	complicadas	desafiadoras	
depois de perder um quarto da receita nas vendas ao exterior dos últimos dois anos os moveleiros também espreitam chances de recuperar rentabilidade com um dólar entre r 210 e r 215 segundo maristela cusin longhi presidente da associação das indústrias de móveis do estado do rio grande do sul	espreitam	observam	procuram	buscam	aguardam	esperam	analisam	monitoram	vigilam	investigam	acompanham	
depois de perder um quarto da receita nas vendas ao exterior dos últimos dois anos os moveleiros também espreitam chances de recuperar rentabilidade com um dólar entre r 210 e r 215 segundo maristela cusin longhi presidente da associação das indústrias de móveis do estado do rio grande do sul	rentabilidade	lucro	ganho	retorno	resultado	benefício	proveito	vantagem	rendimento	receita	compensação	
nas contas de antônio salton presidente da união brasileira de vitivinicultura uvibra a dose de importados no consumo nacional pode reduzir de 70 para 60 caso o dólar se mantenha acima de r 210	reduzir	diminuir	baixar	cortar	enxugar	aliviar	abreviar	encurtar	amenizar	limitar	restringir	
a expectativa está em torno do nome do deputado joão henrique blasi pmdb que foi o postulante mais votado pelo conselho da ordem dos advogados do brasil	postulante	candidato	concorrente	pretendente	aspirante	interessado	inscrito	competidor	proponente	solicitante	requerente	
o nosso é brasileiro colorido é um menino alegre com pontos de melancolia	melancolia	tristeza	saudade	desânimo	nostalgia	abatimento	angústia	depressão	desgosto	pesar	descontentamento	
amarrado a uma árvore à mercê de centenas de abelhas o cavalo de um brigadiano tentou se desvencilhar com coices e corcoveadas das ferroadas que o mataram em 40 minutos ontem de manhã na redenção	ferroadas	picadas	agulhadas	mordidas	picadelas	punções	ferimentos	pancadas	arranhões	perfurações	golpes	
o animal deu alguns passos e começou a verter sangue pela boca	verter	sangrar	escorrer	derramar	gotejar	vazar	transbordar	exsudar	pingar	fluírem	extravasar	
volmar geraldo da silva nunes próreitor em exercício de extensão e cultura da ufpel afirma que a instituição apenas atendeu às reivindicações dos colegas do norte	reivindicações	pedidos	demandas	solicitações	requerimentos	propostas	reclamações	sugestões	pleitos	necessidades	requisições	
o banco central chinês aumentou recentemente o depósito compulsório à vista dos bancos retirando dinheiro de circulação para evitar especulação com ações uma das principais formas de investimento no país	compulsório	obrigatório	necessário	imposto	mandatório	essencial	fixo	forçado	requerido	demandado	estipulado	
o recuo generalizado dos mercados foi utilizado pelo presidente do banco central henrique meirelles em defesa de uma atitude de prudência na condução da política econômica	prudência	cautela	cuidados	precaução	moderação	sensatez	deliberação	discrição	vigilância	atenção	ponderação	
ao prever a distribuição gratuita de uniforme para alunos da rede pública um projeto em discussão no congresso institui uma controvérsia em escolas prefeituras e secretarias de educação	institui	cria	estabelece	inicia	propõe	introduz	implementa	determina	organiza	lança	provoca	
além de ressuscitar o debate sobre a obrigatoriedade de um traje padrão entre os alunos e reacender a preocupação com a escassez de recursos públicos a proposta cria uma discussão sobre a incorporação do boné no kit obrigatório	ressuscitar	reviver	reanimar	reativar	renovar	reacender	restaurar	reavivar	despertar	reintroduzir	recomeçar	
a divergência ocorre porque educadores como helvécio aguiar da faculdade de educação da universidade federal do rio grande do sul ufrgs afirmam que a peça é desnecessária no uniforme obrigatório	divergência	discordância	diferença	oposição	desacordo	conflito	disputa	controvérsia	incompatibilidade	variação	separação	
professores ainda temem que a distribuição do acessório dificulte a imposição nas classes de uma regra da boa conduta	conduta	comportamento	atitude	postura	ação	modo	procedimento	caráter	prática	costume	disposição	
eles se inquietam com a fonte para custear os gastos milionários com a medida	inquietam	preocupam	afligem	angustiam	ansiam	alarmam	perturbam	agitam	incomodam	temem	sobressaltam	
não fosse o aspecto financeiro o projeto teria o apoio incondicional de balzano e do presidente da famurs flávio luiz lammel	incondicional	sem reservas	total	completo	absoluto	pleno	integral	irrestrito	decidido	inequívoco	resoluto	
o premier classificou o episódio de crime horrível	premier	primeiro-ministro	líder	chefe	governante	autoridade	mandatário	dirigente	executor	presidente	comandante	
considerado culpado de ameaçar com um cachorro sem focinheira um dos detentos e de negligência no cumprimento do dever ele foi rebaixado e condenado ontem por um tribunal militar a 90 dias de trabalho forçado sem confinamento	confinamento	prisão	isolamento	detenção	reclusão	restrição	encarceramento	segregação	limitação	internação	separação	
blitze barreiras e operações em profusão foram insuficientes para conter um crescimento de 1112 em relação a março de 2006	blitze	operações	barreiras	ações	fiscalizações	inspeções	patrulhas	verificações	intervenções	checagens	monitoramentos	
o secretário da segurança pública enio bacci disse que o aumento está ligado à legislação branda contra desmanches ao aumento da frota e ao chamado golpe do seguro quando o dono vende o carro a bandidos e recebe um novo da seguradora mas reconheceu que precisa ajustar a repressão	branda	suave	leve	fraca	flexível	moderada	amena	suportável	tranquila	dócil	simples	
em março o comando de policiamento da capital cpc atingiu 40 do número previsto para fiscalização de veículos enquanto outros comandos regionais como metropolitano sul missões e vale do taquari superaram as metas estipuladas	fiscalização	inspeção	controle	monitoramento	supervisão	verificação	avaliação	exame	observação	checagem	vistoria	
diferentemente de outros pleitos as legendas este ano são obrigadas a driblar novas regras eleitorais desgaste da imagem da classe política e projetos nacionais envolvendo líderes gaúchos	pleitos	eleições	votações	disputas	concursos	escolhas	consultas	processos	seleções	decisões	opções	
a comissão entende que para que seja preservado o caráter de indenização cada parlamentar deve ter apenas um carro registrado	parlamentar	deputado	senador	legislador	representante	congressista	político	autoridade	membro	funcionário	dirigente	
outra questão destacada no relatório se refere à qualificação dos servidores	questão	assunto	tema	problema	ponto	tópico	dúvida	caso	assunto em pauta	enigma	situação	
duas situações foram detectadas pelo grupo	grupo	equipe	conjunto	coletivo	time	organização	associação	corpo	agremiação	turma	comunidade	
há setores com carência de pessoal ou naqueles em que não faltam funcionários há pessoas atuando em uma função para a qual não têm qualificação	funcionários	trabalhadores	colaboradores	empregados	servidores	operários	pessoal	assistentes	agentes	membros	profissionais	
ontem antunes disse que a quantidade de contratos sob gerenciamento de um mesmo departamento como o caso do dsa pode ser revista	revista	reavaliada	analisada	verificada	examinada	considerada	ajustada	modificada	alterada	inspecionada	checada	
o começo deste verão é o mais abrasador dos últimos 11 anos no rio grande do sul	abrasador	quente	ardente	caloroso	escaldante	tórrido	fervente	sofocante	quente demais	incandescente	abrasivo	
as médias de temperatura máxima oscilam entre 28° c e 34° c nas diferentes regiões do estado chegando a alcançar três graus acima dos padrões históricos	oscilam	variam	mudam	flutuam	alteram	balançam	tremem	movem	pulsam	ondulam	vibram	
a inconsistência climática abre espaço para conjecturas sobre o papel do aquecimento global na atmosfera gaúcha	conjecturas	suposições	hipóteses	ideias	teorias	especulações	pressupostos	palpites	estimativas	deduções	inferências	
a mudança progressiva pode influenciar indiretamente uma maior incidência de fenômenos como ondas de calor tempestades e secas	progressiva	gradual	lenta	contínua	sucessiva	regular	sequencial	crescente	desenvolvida	constante	ordenada	
os recursos tecnológicos devem ser revezados com leituras na viagem	revezados	alternados	turnados	substituídos	intercalados	variados	compartilhados	rotacionados	trocados	modificados	ajustados	
o próprio carro de simões tem o aparelho	aparelho	dispositivo	equipamento	instrumento	máquina	ferramenta	utensílio	peça	objeto	engenho	item	
até mesmo os dvds portáteis ou os consoles de mão como o nintendo ds e o playstation portable podem deixar as viagens menos maçantes para as crianças	maçantes	chatas	tediosas	monótonas	aborrecidas	desinteressantes	enfadonhas	cansativas	desagradáveis	irritantes	entediosas	
o nevoeiro não se restringiu à capital	restringiu	limitou	reduziu	confinou	delimitou	circunscreveu	controlou	cerceou	impôs	regulou	contornou	
quem trocou de sigla antes da data porém foi poupado	sigla	abreviação	inicial	acrônimo	letra	símbolo	marca	designação	identificação	denominação	código	
apenas um dos parlamentares a deputada jusmari de oliveira que deixou o dem e ingressou no pr trocou de legenda após 27 de março	legenda	partido	sigla	grupo	aliança	facção	organização	associação	coalizão	bloco	entidade	
amanhã pela manhã eles se encontrarão com o prefeito josé fogaça que prometeu apoio para a realização de obras de infraestrutura na área em que a arena será erguida	erguida	construída	levantada	edificada	montada	instalada	erguida	formada	erigida	fixada	colocada	
o objetivo é constatar as condições das edificações e a higiene e segurança dos alunos para envio de laudo técnico aos órgãos oficiais recomendando providências se necessárias	constatar	verificar	confirmar	comprovar	avaliar	observar	notar	identificar	reconhecer	perceber	examinar	
desde o dia 24 de outubro a escola foi interditada pelo corpo de bombeiros e pela defesa civil	interditada	fechada	bloqueada	proibida	impedida	restrita	suspensa	trancada	vedada	inacessível	paralisada	
a órbita do planeta ficará alinhada com a da terra e a do sol mas não causará diminuição de luminosidade pois mercúrio tem apenas 38 do diâmetro terrestre	luminosidade	luz	brilho	clareza	esplendor	iluminação	radiação	claridade	reflexo	luminosidade baixa	luminescência	
a prefeitura espera a resolução de problemas burocráticos para que o material para a reconstrução do monumento histórico chegue da europa	resolução	solução	decisão	conclusão	resposta	determinação	desfecho	acordo	tratamento	definição	encerramento	
chávez citou um artigo da constituição venezuelana que assegura o controle estatal da atividade petrolífera mas não da extração de gás e acrescentou que ele deveria ser modificado para incluir todos os hidrocarbonetos sólidos líquidos ou gasosos	assegura	garante	protege	resguarda	confirma	afirma	defende	certifica	estabelece	reforça	ampara	
duas famílias limitouse a dizer sussurrando para as monjas do outro lado da parede	sussurrando	falando baixo	murmurando	balbuciando	dizendo baixinho	cochichando	segredando	murmurando baixinho	falando suavemente	dizendo em voz baixa	emitindo som baixo	
gaúcha de porto alegre tereza pinheiro 63 anos vende há 10 anos suvenires de frei galvão na porta do mosteiro	suvenires	lembranças	recordações	presentes	souvenirs	artigos	objetos	pequenos presentes	itens	memórias	brindes	
de olhos vendados três integrantes tiveram de percorrer em pedalinhos individuais um trecho do lago sob a orientação do apresentador e da matriarca da família	matriarca	líder	chefe	mãe	patriarca	guia	mentora	protetora	fundadora	ancestre	diretora	
o bolo tinha os ingredientes que compõem a dieta dos animais para deixar claro que o cardápio animal não se compõe de guloseimas apetitosas para os humanos como doces pipocas e outros quitutes	apetitosas	saborosas	gostosas	atrativas	deliciosas	agradáveis	apetecíveis	chamativas	tentadoras	desejáveis	interessantes	
o bolo tinha os ingredientes que compõem a dieta dos animais para deixar claro que o cardápio animal não se compõe de guloseimas apetitosas para os humanos como doces pipocas e outros quitutes	quitutes	petiscos	iguarias	comidas	pratos	lanches	salgados	aperitivos	refeições	guloseimas	snacks	
alimentos inapropriados jogados em jaulas provocam problemas gastrointestinais e adoecem os bichos	gastrointestinais	estomacais	digestivos	abdominais	intestinais	viscerais	
os dez dias entre o anonovo e o yom kipur são de arrependimento e reflexão	reflexão	pensamento	meditação	análise	consideração	ponderação	avaliação	exame	deliberação	contemplação	estudo	
outros cinco continuavam desaparecidos	desaparecidos	sumidos	perdidos	ausentes	ocultos	fugidos	escondidos	extraviados	evaporados	invisíveis	desviados	
o delegado seguiu entendimento de tribunais de justiça como o de são paulo de que a pichação deve ser enquadrada como dano ao patrimônio público previsto no código penal veja box	enquadrada	classificada	considerada	definida	interpretada	descrita	avaliada	determinada	identificada	reconhecida	catalogada	
puniram com um rigor que não se vê em outros casos acredita	rigor	severidade	dureza	firmeza	exigência	rigidez	disciplina	autoridade	seriedade	estrictez	força	
a providência chegou um pouco tarde e a cidade continuou em ritmo letárgico por todo o dia	letárgico	lento	parado	devagar	sonolento	desanimado	apatético	preguiçoso	moroso	entorpecido	inativo	
por trás da mortandade de jovens no trânsito como as seis vítimas registradas no estado ao longo do final de semana há um desafio para as campanhas de conscientização	mortandade	morte	falecimento	fatalidade	perda	desastre	tragédia	baixa	acidente	ocorrência	casualidade	
uma pesquisa feita pelo ibope mês passado revela que nessa faixa etária os condutores reconhecem ser imprudentes	etária	idade	geração	faixa de idade	grupo	etapa	classe	período	categoria	nível	segmento	
estratégias envolvem todos os escalões do governo	escalões	níveis	posições	graus	categorias	classes	hierarquias	patamares	rangos	divisões	ordens	
a casa branca teria dado instruções à delegação americana em bali para evitar que o país seja responsabilizado pelo fracasso das negociações	delegação	grupo	comissão	representação	comitiva	equipe	missão	corporação	organização	conselho	entidade	
as estratégias já começaram a envolver os altos escalões dos governos	escalões	níveis	patamares	posições	camadas	graus	categorias	rangos	divisões	classes	hierarquias	
o expresidente chileno ricardo lagos circula nos corredores da conferência como emissário do secretáriogeral da onu ban kimoon tentando viabilizar um acordo	emissário	enviado	mensageiro	representante	delegado	porta-voz	mediador	embaixador	portador	intermediário	agente	
ao final da noite o secretário da conferência yvo de boer dando mostras de cansaço afirmou que nenhum país quer sair de bali com a marca indelével de ser o vilão da conferência	indelével	ineapagável	permanente	duradouro	inalterável	fixo	irremovível	imutável	constante	resistente	persistente	
a principal iniciativa restringe o acesso da população aos debates parlamentares	restringe	limita	reduz	controla	impede	proíbe	regula	condiciona	cerceia	modera	delimita	
o público comum ficará restrito à galeria superior com capacidade para 160 pessoas	restrito	limitado	confinado	reservado	fechado	controlado	proibido	delimitado	circunscrito	vedado	exclusivo	
para o líder da bancada do pt raul pont a decisão da mesa é precipitada	precipitada	apressada	antecipada	impulsiva	prematura	preciposa	imprudente	precipitada demais	rápida	inadequada	intempestiva	
só espero que essa decisão de restrição parcial ao plenário seja provisória defendeu o líder da bancada do pc do b raul carrion	restrição	limitação	proibição	controle	condição	redução	regra	restrição parcial	restrição temporária	restrição provisória	restrição limitada	
a atitude dos professores também foi rechaçada do outro lado da praça da matriz	rechaçada	rejeitada	recusada	afastada	desconsiderada	oposta	contrariada	vetada	impedida	banida	negada	
um acidente insólito matou o gaúcho augusto machado da câmara lima 26 anos quando ele desfrutava do feriadão nas praias catarinenses	insólito	inusitado	estranho	incomum	raro	diferente	excepcional	atípico	anormal	peculiar	singular	
o país que fermentou a crise ainda é o maior comprador de produtos gaúchos veja quadro embora alguns segmentos tenham aprendido a reduzir a dependência	fermentou	iniciou	causou	provocou	gerou	instigou	alimentou	originou	desencadeou	motivou	impulsionou	
a transferência da feira infantil e juvenil para o cais do porto a instalação da área internacional na avenida sepúlveda entre a siqueira campos e a mauá e o local para autógrafos no largo entre o margs e o memorial não no centro da praça como em anos anteriores	transferência	mudança	deslocamento	remanejamento	realocação	transposição	reposição	movimentação	recolocação	alteração	troca	
o zoneamento representa o primeiro passo na formatação de uma política florestal no rio grande do sul	formatação	configuração	estruturação	organização	planejamento	montagem	preparação	arranjo	disposição	ordenação	design	
o zoneamento mostrará que procedimentos devem ser tomados em cada área explica	procedimentos	processos	ações	etapas	medidas	passos	práticas	operações	instruções	regras	tarefas	
tinha cerca de um metro e meio de altura a pedra que levou o presidente luiz inácio lula da silva ontem a um terreno terraplenado às margens da br285 em passo fundo	terraplenado	nivelado	aplainado	ajustado	regularizado	alisado	preparado	uniformizado	arrumado	endireitado	planejado	
para tornar a visita mais atraente para fotógrafos e cinegrafistas lula e o governador germano rigotto usando capacetes foram convidados a colocar pás de concreto da primeira fundação da indústria	fundação	base	alicerce	estrutura	início	fundamento	plataforma	suporte	origem	princípio	pilar	
simpatizantes foram arregimentados	arregimentados	reunidos	agrupados	organizados	alinhados	convocados	mobilizados	chamados	ajuntados	associados	coordenados	
o presidente foi recebido por uma platéia arregimentada por pt pc do b e psb partidos da base do governo	arregimentada	organizada	reunida	mobilizada	agrupada	convocada	chamada	coordenada	ajuntada	alinhada	estruturada	
a líder comunitária neli vidal birk 50 anos organizou um grupo de 36 pessoas beneficiadas pelo programa fome zero	beneficiadas	ajudadas	atendidas	favorecidas	contempladas	assistidas	apoiadas	protegidas	amparadas	agraciadas	socorridas	
o pequeno príncipe original era melancólico com pontos de alegria	melancólico	triste	saudoso	abatido	desanimado	deprimido	nostálgico	sombrio	desolado	amargurado	cabizbaixo	
o sol se põe no mar à esquerda ensombrecendo as montanhas do norte de israel à direita	ensombrecendo	escurecendo	sombrando	obscurecendo	ofuscando	escureando	velando	encobrindo	sombrificando	apagando	toldando	
a iniciativa nasceu na frança em 1998 em virtude da preocupação com a degradação do ambiente na área urbana	degradação	danificação	deterioração	destruição	estrago	poluição	danos	prejuízo	desgaste	ruína	alteração	
no brasil a primeira adesão ocorreu em 2001 com 11 cidades	adesão	união	participação	entrada	afiliação	associação	inscrição	apoio	alinhamento	compromisso	concordância	
durante uma patrulha de rotina os soldados vilson soares urias e luis felipe milbrandt dutra identificaram um carro polo aberto e abandonado dentro do parque	patrulha	ronda	vigilância	inspeção	monitoramento	observação	fiscalização	guarda	supervisão	percurso	circuito	
sem perceber o enxame apearam de seus cavalos para checar o veículo	apearam	desceram	saíram	largaram	deixaram	abandonaram	
denin foi amarrado numa árvore próxima à da colméia e em menos de um minuto estava coberto por abelhas de uma espécie miscigenada	miscigenada	misturada	híbrida	cruzada	combinada	mesclada	intercalada	misturada geneticamente	integrada	fusionada	misturada artificialmente	
segundo nosso técnico os eqüinos ficaram na linha de vôo das abelhas de entrada e saída da colméia	eqüinos	cavalos	animais	equinos	mamíferos	quadrúpedes	criaturas	montarias	
segundo a campanha porém os reis magos são os legítimos representantes da magia do natal e não faltam críticas ao velho barrigudo	legítimos	verdadeiros	autênticos	reais	originais	oficiais	genuínos	certos	legais	adequados	próprios	
o homem bonachão dizem seus opositores segue o odor do dinheiro e explora seus duendes e os submete a situações de trabalho subumanas	subumanas	desumanas	desumanizadas	cruéis	degradantes	opressivas	indignas	precárias	injustas	desfavoráveis	impróprias	
ao todo 140 mil itens foram inutilizados entre as 9h15 min e as 11h na travessa do carmo no pátio do depósito da smic	itens	objetos	artigos	produtos	coisas	materiais	bens	peças	elementos	elementos	componentes	
a b2w será capaz de competir com as principais empresas de varejo brasileiras em um mercado estimado em r 200 bilhões assinala o comunicado conjunto divulgado ontem pelas duas companhias	estimado	avaliado	calculado	previsto	projetado	suposto	considerado	aproximado	orçado	esperado	medido	
uma eventual resolução no conselho de segurança impondo sanções ao irã esbarra na oposição da rússia e da china dois membros permanentes do órgão e com direito a veto	sanções	punições	penalidades	restrições	multas	regras	proibições	limitações	castigos	medidas	condições	
ontem depois de participar de um encontro de governadores em fortaleza o ministro da fazenda guido mantega disse que até o início do próximo semestre o projeto de reforma tributária será encaminhado ao congresso nacional	encaminhado	enviado	mandado	remetido	direcionado	submetido	proposto	apresentado	transferido	levado	entregue	
eles reclamavam que não tinham a oportunidade de vir para o sul fazer o mesmo trabalho que já realizavam nas próprias cidades argumenta nunes	argumenta	defende	afirma	declara	explica	justifica	alega	comenta	expõe	discute	propõe	
neste ano ocorrerão quatro ações simultâneas	simultâneas	ao mesmo tempo	conjuntas	paralelas	síncronas	coincidentes	simultâneas	iguais	sobrepostas	contemporâneas	sincronizadas	
uma decisão da justiça federal do distrito federal devolveu as mordomias ao expresidente suspensas até o primeiro semestre deste ano por uma liminar	mordomias	regalias	privilégios	vantagens	benefícios	comodidades	facilidades	luxos	concessões	permissões	favores	
collor havia perdido os direitos a essas mordomias em razão de uma ação popular impetrada na justiça de brasília em 1993 sete meses depois do processo de impeachment que resultou na cassação dos direitos políticos do expresidente por oito anos	mordomias	regalias	benefícios	vantagens	privilégios	comodidades	facilidades	luxos	favores	ajudas	concessões	
o advogado de collor fernando neves da silva disse que o expresidente requereu que funcionários veículos e motoristas custeados com dotações da presidência sejam colocados a sua disposição	requereu	pediu	solicitou	demandou	requisitou	pleiteou	propôs	insistiu	clamou	apelou	exigiu	
a ação foi impetrada pelo exdeputado federal gaúcho waldomiro fioravante pt	impetrada	solicitada	apresentada	protocolada	requerida	encaminhada	registrada	demandada	interposta	ajuizada	pedida	
meirelles pede prudência e mantega vê só uma correção	correção	ajuste	revisão	retificação	modificação	alteração	melhoria	emenda	reparo	conserto	adaptação	
é uma turbulência	turbulência	agitação	confusão	instabilidade	perturbação	desordem	movimento	balanço	oscilações	alteração	tumulto	
é normal que o mercado tenha correções reagiu	correções	ajustes	revisões	modificações	alterações	retificações	emendas	adaptações	melhorias	reparos	atualizações	
desconhecemos essa orientação acredito que houve um malentendido disse ontem o vicepresidente executivo do sindicom alísio vaz	malentendido	erro	confusão	engano	equívoco	desentendimento	falha	problema	ilusão	dúvida	tropeço	
rapidamente controlado pela brigada militar o conflito envolvendo quatro apenados tornouse mais um na lista de incidentes do local construído em 1977	apenados	presos	detentos	prisioneiros	reclusos	internos	encarcerados	condenados	custodiados	penados	carcerários	
entre as 69 propostas de mudanças na constituição chávez vai da reeleição sem limites ao fim da autonomia do banco central do direito a expropriar propriedades privadas à subordinação de governantes a militares nomeados por ele	subordinação	dependência	obediência	controle	domínio	vinculação	inferioridade	alinhamento	submissão	sujeição	hierarquia	
liberadas pelo tribunal britânico que analisa o caso as fotos mostram a princesa dentro do mercedesbenz em que morreu momentos antes da colisão no túnel dalma em paris	colisão	acidente	choque	batida	impacto	colisão frontal	colisão traseira	colisão lateral	colisão direta	colisão violenta	colisão leve	
nos últimos dias a notificação de casos de psitacose doença provocada por vírus transmitido pelas caturritas colocou as autoridades em alerta no estado	notificação	aviso	comunicado	relato	informação	divulgação	mensagem	alerta	registro	anúncio	reporte	
e basta uma pequena assimetria entre eles para que o sistema automático se desarme e o avião volte para o modo manual	assimetria	diferença	desequilíbrio	desigualdade	desproporção	variação	inconsistência	desalinhamento	distorção	irregularidade	disparidade	
fundado em 1977 o parque na rs020 em gravataí é a concretização de um sonho do empresário lauro febernati morto em 2005 que quando criança planejava um dia morar na áfrica	concretização	realização	materialização	cumprimento	execução	implementação	conclusão	efetivação	conquista	formação	criação	
no entanto há restrições	restrições	limites	regras	condições	barreiras	impedimentos	proibições	exigências	travas	restrições	controle	
diante do fracasso de projetos como o da elétrica jacuí eleja envolvida no escândalo das usinas que redundou até em prisões as dúvidas sobre o potencial da geração térmica a carvão no estado persistem	persistem	continuam	permanecem	duram	resistem	subsistem	prosseguem	insistem	prolongam	mantêm	repetem	
os nascimentos de bebês despencaram a partir da década de 70 imobilizando a taxa de fecundidade no velho continente hoje em 152 filho por família	despencaram	caíram	diminuíram	reduziram	baixaram	declinaram	desceram	afundaram	murcharam	colapsaram	enfraqueceram	
governos se afligem com o silêncio nos berçários	afligem	preocupam	angustiam	incomodam	perturbam	entristecem	alarmam	desassossegam	atormentam	afetam	abalam	
somadas as indústrias do rio grande do sul teriam capacidade para atender a quase metade do abastecimento nacional previsto para 2008 de 840 milhões de litros	abastecimento	fornecimento	suprimento	distribuição	provisão	entrega	estoque	reposição	alocação	reserva	suporte	
considerada um dos grandes testes para a adoção do biodiesel no brasil a transformação de capacidade instalada em produção efetiva deve ditar a rapidez da evolução da mistura dos 2 iniciais para uma proporção maior	efetiva	real	concreta	prática	verdadeira	realizada	autêntica	funcional	válida	operacional	tangível	
esse acréscimo já tem a chancela da associação nacional dos fabricantes de veículos automotores	chancela	aprovação	autorização	validação	confirmação	consentimento	avaliação	endosso	licença	ratificação	permissão	
a medida está em análise porque existe capacidade para 25 bilhões de litros três vezes mais do que o necessário para atender ao abastecimento da nova mistura do combustível chamado de b2	abastecimento	fornecimento	suprimento	provisão	distribuição	entrega	reposição	armazenamento	estoque	suporte	assistência	
ontem ainda havia controvérsias sobre o tipo de exigência que seria feita no varejo	controvérsias	discordâncias	debates	discussões	divergências	conflitos	opiniões contrárias	desacordos	polêmicas	questionamentos	disputas	
quem não conseguir esgotar o armazenamento de diesel puro não pode misturar com o b2 porque o produto ficaria fora de especificação	armazenamento	estoque	depósito	guarda	reserva	armazenagem	acúmulo	armazém	conservação	contenção	retenção	
aos poucos no entanto a determinação foi sendo flexibilizada no diaadia o que ocasionou o agravamento da situação	determinação	decisão	resolução	firmeza	vontade	intenção	propósito	objetivo	convicção	persistência	meta	
alarmado o diretor do fórum e juiz da 3ª vara criminal de passo fundo giuliano viero giuliato ordenou há cerca de duas semanas que presos com condenação definitiva sejam levados para outras instituições penais do estado	alarmado	assustado	preocupado	chocado	inquieto	apavorado	perturbado	sobressaltado	abalado	alertado	ansioso	
580 quando o número de presos no local atingir esses três dígitos será totalmente proibido o ingresso de novos apenados	apenados	prisioneiros	detentos	presos	reclusos	internos	encarcerados	condenados	pessoas presas	custodiados	indivíduos detidos	
havia um fiat doblò estacionado em frente a uma panificadora	panificadora	padaria	fornaria	panificadora industrial	bakery	
ele afirmou ainda que o carro trafegava dentro da velocidade máxima permitida 60 km h	trafegava	andava	circulava	viajava	percorria	movia-se	deslocava-se	passava	rodava	transitava	seguia	
testemunhas contrariam esta versão	contrariam	contestam	discordam	refutam	negam	opõem	rebatem	desmentem	questionam	desafiam	repudiam	
eliane beatriz guth que trabalha na panificadora disse que não havia nenhum veículo estacionado em frente ao estabelecimento	panificadora	padaria	fornaria	confeitaria	
mas sim o embrião de um movimento de perpetuação no poder que ameaça se alastrar pela américa latina	alastrar	espalhar	expandir	propagar	difundir	disseminar	proliferar	estender	crescer	avançar	abranger	
há quem continue inabalável na defesa do presidente	inabalável	firme	resoluto	convicto	decidido	constante	seguro	persistente	estável	determinado	forte	
a novidade é a crescente parcela da população que tem questionado se vale a pena dar mais esse crédito ao tenentecoronel um rebelde cujo golpe fracassado em 1992 lhe rendeu dois anos de cadeia e notoriedade suficiente para vencer três eleições presidenciais	fracassado	falhado	mal-sucedido	derrotado	arruinado	perdido	inútil	ineficaz	improdutivo	insatisfatório	desastroso	
a maioria dos descontentes são antigos adesistas mas que agora não compram mais no escuro a versão de chávez de que os problemas nacionais da falta de comida à insegurança decorrem de um boicote de empresários e da elite local a oligarquia sempre demonizada por chávez	decorrem	vêm	resultam	originam	derivam	acontecem	procedem	emergem	surgem	provêm	ocorrem	
no dia seguinte chávez reuniu uma multidão ainda maior e em um discurso inflamado ameaçou a oposição a imprensa estrangeira a colômbia os estados unidos a espanha e os bancos espanhóis sediados no país	inflamado	intenso	acalorado	fervoroso	ardente	exaltado	apaixonado	veemente	impetuoso	enérgico	vibrante	
entre as 69 propostas de mudanças na constituição chávez vai da reeleição sem limites ao fim da autonomia do banco central do direito a expropriar propriedades privadas à subordinação de governantes a militares nomeados por ele	expropriar	tomar	confiscar	reaver	requisitar	apropriar	retirar	desapropriar	capturar	possuir	obter	
há também medidas populares como a redução da jornada de trabalho para 36 horas semanais e uma ampliação da cobertura previdenciária	ampliação	expansão	aumento	extensão	melhoria	crescimento	alargamento	incremento	prolongamento	dilatação	desenvolvimento	
o referendo ocorre em meio a uma grande descrença da população da venezuela nas instituições e nos partidos políticos	descrença	desconfiança	dúvida	incredulidade	ceticismo	desilusão	desesperança	descrédito	descontentamento	desconfianças	incerteza	
chávez quer expandir sua revolução bolivariana que hoje já tem como adeptos o equador e a bolívia esta última mergulhada em uma crise semelhante à venezuelana	expandir	ampliar	aumentar	estender	crescer	alargar	prolongar	difundir	propagar	espalhar	desenvolver	
em uma das fotos mostradas no julgamento diana está no banco traseiro do veículo e olha para trás aparentemente para ver se o motorista havia despistado os paparazzi	aparentemente	claramente	provavelmente	possivelmente	supostamente	visivelmente	provavelmente	teoricamente	talvez	certamente	provavelmente	
em uma das fotos mostradas no julgamento diana está no banco traseiro do veículo e olha para trás aparentemente para ver se o motorista havia despistado os paparazzi	despistado	enganado	afastado	confundido	evitado	driblado	esquivado	fugido	distraído	iludido	escapado	
duas investigações anteriores uma da polícia francesa e outra da britânica atribuíram o acidente ao fato de o motorista henri paul estar alcoolizado e dirigindo em alta velocidade	alcoolizado	bêbado	embriagado	intoxicado	inebriado	borracho	ébrio	chapado	alterado	encharcado	turvado	
não são de ontem esses problemas temos de monitorar constantemente observa gilmara	constantemente	sempre	frequentemente	continuamente	regularmente	repetidamente	incessantemente	habitualmente	diariamente	periodicamente	assiduamente	
proprietária quer se desfazer dos bichos	proprietária	dona	dona da casa	dona do imóvel	dona da propriedade	dona dos bens	responsável	possuidora	proprietária legal	administradora	gestora	
no uruguai não é proibido comercializar nem comprar as aves	comercializar	vender	negociar	trocar	distribuir	fornecer	oferecer	revender	transacionar	negociar com	mercadejar	
uma expedição que começa na próxima sextafeira pretende romper pela primeira vez a crosta terrestre	expedição	viagem	missão	aventura	exploração	peregrinação	jornada	excursão	deslocamento	trajeto	empreitada	
no trabalho será utilizado o mais sofisticado navio científico da atualidade	sofisticado	avançado	moderno	inovador	tecnológico	desenvolvido	aprimorado	complexo	requintado	elaborado	refinado	
o sistema é protegido por um segundo tubo cheio de lama que envolve a perfuratriz reduzindo atritos e removendo os detritos	detritos	resíduos	restos	lixo	sujeira	fragmentos	partículas	entulhos	sobras	dejetos	escombros	
assim a semana mais turbulenta do ano fechou em recuperação para os investidores	turbulenta	agitada	instável	confusa	caótica	movimentada	tempestuosa	conturbada	desordenada	complicada	intensa	
preocupados com a repercussão da crise itaú bradesco e unibanco divulgaram nota afirmando que não trabalham com esse segmento de crédito norteamericano	segmento	setor	área	parte	ramo	divisão	seção	categoria	campo	grupo	nível	
instituições financeiras nacionais notaram que há precaução dos investidores contra possíveis surpresas no final de semana	precaução	cuidado	atenção	prudência	vigilância	prevenção	precauções	resguardo	segurança	proteção	alerta	
essa decisão não altera a taxa básica de juro de curto prazo que tem impacto mais direto sobre os juros que as instituições financeiras cobram de seus clientes	impacto	efeito	consequência	resultado	influência	repercussão	alteração	reflexo	mudança	ação	peso	
passou a não se preocupar apenas em frear a inflação mas também em manter o ritmo de crescimento econômico	frear	controlar	conter	reduzir	parar	diminuir	segurar	moderar	travar	limitar	restringir	
as condições dos mercados financeiros pioraram e as condições mais restritas do crédito e a maior incerteza poderiam impedir a continuidade do crescimento econômico informou o comunicado do comitê de mercado aberto	restritas	limitadas	reduzidas	controladas	rigorosas	severas	fechadas	estreitas	condicionadas	contidas	moderadas	
percurso previsto vai do bairro barreiros em são josé à ufsc	percurso	caminho	trajeto	rota	itinerário	trilho	via	passagem	trajetória	direção	pista	
o edital de licitação do metrô de superfície a ser aberto sextafeira é integrado pelo projeto da obra o estudo de viabilidade econômica e avaliações de impacto ambiental	integrado	incluído	composto	formado	constituído	agregado	associado	incorporado	unido	juntado	ligado	
em 13 anos esse número pode chegar a 230 mil e tornará a circulação na cidade inviável acredita o presidente do conselho regional de engenharia e arquitetura em santa catarina raul zucatto	inviável	impraticável	impossível	inadequado	inaceitável	insustentável	ineficiente	incompatível	desfavorável	improdutivo	improvável	
sem iniciativas conjuntas porém garante ser impossível que o metrô de superfície solucione o problema	solucione	resolva	remova	conserte	corrija	acabe	trate	melhore	ajude	lidere	opere	
em alguns casos as pastorais e dioceses coordenam o rodízio das imagens enquanto em outros as comunidades se organizam	coordenam	organizam	administram	gerenciam	controlam	supervisionam	dirigem	orientam	lideram	regulam	planejam	
em alguns casos as pastorais e dioceses coordenam o rodízio das imagens enquanto em outros as comunidades se organizam	rodízio	turno	revezamento	alternância	troca	substituição	ciclo	mudança	rotatividade	sequência	escala	
a devoção também encontra adeptos nos centros urbanos	adeptos	seguidores	praticantes	fãs	simpatizantes	apoiadores	partidários	entusiastas	adeptos fiéis	crentes	defensores	
foi um padre de casca que introduziu o rodízio da santinha para aumentar a fé e fazer com que nós conhecêssemos e freqüentássemos mais as casas dos outros lembra a agricultora que mora na localidade de montes cárpatos	rodízio	revezamento	turno	alternância	troca	substituição	escala	sequência	rotação	ordem	ciclo	
aos poucos recupera a forma depois de mais de um mês e meio fora do futebol por causa de contusão muscular na coxa direita	contusão	machucado	lesão	ferimento	trauma	hematoma	batida	pancada	dano	impacto	marca	
isso porque a boeing utiliza um conceito que torna a operação de um avião mais simples e menos propícia a erros do piloto ou a mau funcionamento da aeronave	propícia	favorável	adequada	apropriada	oportuna	conveniente	benéfica	útil	vantajosa	ajustada	boa	
mas criouse um paradoxo	paradoxo	contradição	dilema	incoerência	oposição	impasse	desacordo	conflito	antítese	discrepância	incompatibilidade	
o melhor exemplo são os manetes de controle dos motores e de acionamento do reverso o dispositivo que inverte o fluxo de ar nas turbinas e ajuda o avião a parar	dispositivo	aparelho	equipamento	ferramenta	instrumento	mecanismo	utensílio	artefato	estrutura	objeto	peça	
segundo gravações da caixapreta do a320 da tam um dos manetes correspondente ao motor direito que estava com o reverso travado teria ficado na posição de aceleração	travado	preso	fixo	bloqueado	trancado	parado	imobilizado	restrito	impedido	fechado	inativo	
inácio publicou em 2001 deca e zé perri livro em edição bilíngüe portuguêsfrancês no qual ele registra os relatos do pai sobre as andanças do escritor pela ilha de santa catarina	andanças	caminhadas	viagens	passeios	trajetos	perambulações	deslocamentos	percursos	movimentos	explorações	circulações	
em reunião da mesa diretora ontem senadores argumentaram que o ideal seria acabar com a verba indenizatória de r 15 mil mensais que todos os parlamentares recebem e equiparar os salários fixados atualmente em r 166 mil aos r 245 mil dos ministros do supremo tribunal federal stf que é o teto do funcionalismo público	parlamentares	deputados	senadores	legisladores	representantes	políticos	membros	autoridades	congressistas	dirigentes	oficiais	
em reunião da mesa diretora ontem senadores argumentaram que o ideal seria acabar com a verba indenizatória de r 15 mil mensais que todos os parlamentares recebem e equiparar os salários fixados atualmente em r 166 mil aos r 245 mil dos ministros do supremo tribunal federal stf que é o teto do funcionalismo público	equiparar	igualar	nivelar	balancear	equilibrar	comparar	ajustar	alinhar	equivaler	parear	homogeneizar	
a verba indenizatória foi criada para custear despesas dos parlamentares com seus mandatos nos estados	custear	pagar	bancar	cobrir	financiar	sustentar	arcar	subsidiar	ajudar	patrocinar	prover	
a verba indenizatória foi criada para custear despesas dos parlamentares com seus mandatos nos estados	parlamentares	deputados	legisladores	representantes	congressistas	políticos	autoridades	senadores	membros	dirigentes	governantes	
para viana este é um passo importante para dar mais transparência ao legislativo	transparência	clareza	visibilidade	abertura	honestidade	lucidez	nitidez	franqueza	objetividade	simplicidade	integridade	
a mesa também discutiu a possibilidade de criar uma sala reservada dentro do cafezinho do senado porque os parlamentares têm reclamado da falta de privacidade no seu tradicional ponto de encontro que agora está restrito aos senadores	restrito	limitado	fechado	reduzido	exclusivo	controlado	delimitado	condicionado	confinado	privado	circunscrito	
após vários adiamentos o julgamento do mérito da questão foi postergado novamente agora para fevereiro	postergado	adiado	atrasado	remarcado	transferido	protelado	reagendado	retardado	empurrado	postposto	deixado	
veste terno azul e gravata corderosa impecáveis mas chega com um andar desengonçado	impecáveis	perfeitos	intactos	imaculados	irrepreensíveis	puros	incríveis	exemplares	limpos	impecáveis	impecáveis
veste terno azul e gravata corderosa impecáveis mas chega com um andar desengonçado	desengonçado	desajeitado	descoordenado	desarmônico	desajeitado	trapalhão	descompassado	desalinhado	desorganizado	atrapalhado	desconjuntado	
mas são celebridades como kerry que protagonizam as mais concorridas coletivas de imprensa	protagonizam	lideram	encabeçam	realizam	comandam	atuam	representam	executam	assumem	desempenham	dirigem	
quando havia o bar as bobagens eram sempre mais atrativas conta a mãe a dona de casa eliane gonçalves	bobagens	besteiras	tolices	asneiras	disparates	futilidades	trivialidades	ninharias	absurdos	insensatezes	miudezas	
os brasileiros marcaram 370 pontos em matemática 14 a mais do que na sondagem de 2003	sondagem	pesquisa	avaliação	estudo	análise	exame	levantamento	investigação	inspeção	verificação	consulta	
o avanço em matemática teve como contrapartida um forte declínio no desempenho em leitura	declínio	queda	redução	diminuição	retração	rebaixamento	retrocesso	enfraquecimento	baixa	perda	desvalorização	
isso serviu de estopim para a concorrência de preços	concorrência	competição	disputa	competitividade	rivalidade	oposição	competidores	desafio	competitivismo	competidores diretos	competitividade direta	
aos sete meses o macacoaranha não é o único que precisa de atenção redobrada durante o inverno	redobrada	intensificada	reforçada	aumentada	ampliada	duplicada	fortalecida	melhorada	acentuada	renovada	potencializada	
por volta das 16h30 min a calefação volta a ser ligada	calefação	aquecimento	aquecedor	calor	aquecimento central	aquecimento interno	sistema de aquecimento	
o lar do pontífice em são paulo consiste de três salas contíguas no primeiro andar do mosteiro cada uma com uma janela dando para os jardins do claustro	contíguas	adjacentes	próximas	vizinhas	ligadas	conectadas	coladas	juntas	unidas	alinhadas	lado a lado	
a sala contém ainda uma poltrona com uma luminária de leitura ao lado escrivaninha uma cadeira e arcondicionado	escrivaninha	mesa	secretária	bancada	móvel	estação	prateleira	console	armário	balcão	apoio	
o toque de requinte a esses aposentos austeros é conferido por flores	requinte	elegância	sofisticação	refinamento	delicadeza	graça	finesse	luxo	primor	estilo	beleza	
o toque de requinte a esses aposentos austeros é conferido por flores	conferido	dado	oferecido	atribuído	entregue	proporcionado	fornecido	concedido	assegurado	imposto	repassado	
a menos de 24 horas da chegada de bento xvi militares fardados subiam e desciam escadas de mármore e agentes federais faziam as últimas revistas nos aposentos que abrigarão o visitante ilustre	ilustre	famoso	notável	renomado	distinto	prestigiado	reconhecido	conhecido	respeitado	eminente	celebrado	
no momento crucial da história da varig os desentendimentos internos que se tornaram marca registrada da empresa viraram passado pelo menos por um momento	crucial	importante	decisivo	fundamental	essencial	vital	significativo	principal	relevante	marcante	determinante	
a expectativa é de que a nova companhia adote uma gestão moderna com folha de salários mais enxuta para vencer a crise em que se envolveu com dívidas beirando r 9 bilhões	gestão	administração	direção	comando	coordenação	liderança	supervisão	controle	organização	gerência	planejamento	
diversidade e clima descontraído foram as marcas do primeiro dia do 8º fórum internacional software livre fisl que prossegue até amanhã no centro de exposições da federação das indústrias do estado	diversidade	variedade	diferença	pluralidade	multiplicidade	heterogeneidade	amplitude	distinção	disparidade	mistura	variação	
diversidade e clima descontraído foram as marcas do primeiro dia do 8º fórum internacional software livre fisl que prossegue até amanhã no centro de exposições da federação das indústrias do estado	descontraído	relaxado	informal	leve	tranquilo	amistoso	agradável	despreocupado	simples	natural	calmo	
mais de 200 palestras integram a programação muitas destinadas a usuários leigos em informática	leigos	iniciais	novatos	inexperientes	amadores	principiantes	não especializados	não profissionais	aprendizes	não técnicos	não peritos	
além de encontrar o pessoal do software livre com quem a gente está sempre em contato vim para ver algumas palestras e me atualizar em novas tendências debatidas aqui	debatidas	discutidas	comentadas	analisadas	exploradas	examinadas	apresentadas	avaliadas	tratadas	mencionadas	abordadas	
o fórum retrata a diversidade da comunidade de software livre onde todos os grupos projetos e iniciativas têm espaço	diversidade	variedade	diferença	pluralidade	multiplicidade	heterogeneidade	amplitude	disparidade	variação	distinção	riqueza	
acessório símbolo do aviador foi furtado há cerca de um ano	acessório	item	objeto	artefato	peça	componente	adereço	apetrecho	equipamento	elemento	utensílio	
calma freqüentador do parque da redenção o busto de santosdumont não foi furtado	busto	estátua	escultura	imagem	retrato	monumento	figura	obra	peça	modelo	representação	
calma freqüentador do parque da redenção o busto de santosdumont não foi furtado	furtado	roubado	levado	subtraído	tirado	desviado	removido	apropriado	pego	extraviado	confiscado	
funcionários da secretaria municipal do meio ambiente smam levaram cerca de uma hora para tirar a estátua de seu pedestal na manhã de ontem	pedestal	base	suporte	plataforma	fundação	estrutura	alicerce	apoio	bloco	coluna	pilar	
foram utilizados marreta martelo e talhadeira para levantar os quatro pinos que prendiam o busto à base de cimento	busto	estátua	escultura	figura	imagem	retrato	monumento	peça	representação	modelo	obra	
seis parlamentares brasileiros irão ao evento	parlamentares	deputados	legisladores	representantes	congressistas	políticos	autoridades	membros	delegados	senadores	procuradores	
o deputado federal tarcísio zimmermann pt presidente no brasil da rede parlamentar mundial é um dos seis parlamentares brasileiros e único gaúcho com presença confirmada no evento	parlamentares	deputados	legisladores	representantes	congressistas	políticos	membros	autoridades	delegados	senadores	vereadores	
a capital vivencia um fenômeno contraditório	contraditório	oposto	conflitante	paradoxal	incoerente	incompatível	antagônico	divergente	contrário	discordante	incongruente	
os resultados são percebidos em redutos tradicionais da classe média como cidade baixa e menino deus	redutos	lugares	áreas	regiões	bairros	zonas	territórios	espaços	locais	setores	pontos	
sem espaço sob pontes e viadutos moradores de rua transformam calçadas em dormitórios e latrinas	latrinas	banheiros	sanitários	toaletes	privadas	vasos	banheiras	toiletes	banheirinhos	excusados	retretes	
é por isso que em quase todo prédio de vias como josé do patrocínio lima e silva venâncio aires e getúlio vargas grades separam passeios de espaços condominiais criando uma estética antimendigo na cidade	vias	ruas	avenidas	estradas	caminhos	trajetos	rotas	passagens	percursos	pistas	itinerários	
guelion da silva machado 22 anos há um ano e meio vivendo sob a ponte da ipiranga com a azenha compreende a indignação de quem acorda com fezes humanas na porta de casa	indignação	raiva	revolta	irritação	descontentamento	insatisfação	fúria	aborrecimento	desgosto	frustração	contrariedade	
segundo ele a segunda forma de escrita se trata de uma deformação popular que torna a sonoridade da palavra mais agradável e familiar	sonoridade	som	tom	acústica	melodia	harmonia	ruído	barulho	vibração	nota	cadência	
a área de lazer está montada para não decepcionar as crianças	montada	armada	preparada	organizada	instalada	arrumada	planejada	configurada	estruturada	fixada	montada
júpiter e suas luas saturno e seus famosos anéis orion e sua constelação e até uma efêmera estrela cadente passaram em revista pelo olhar do grupo	efêmera	passageira	temporária	breve	fugaz	transitória	momentânea	rápida	curta	instantânea	volátil	
algumas particularidades dessa última ocorrência porém fizeram com que a direção ficasse ainda mais pesarosa	particularidades	detalhes	características	especificidades	peculiaridades	singularidades	aspectos	traços	propriedades	elementos	distinções	
algumas particularidades dessa última ocorrência porém fizeram com que a direção ficasse ainda mais pesarosa	pesarosa	triste	dolorosa	lamentável	sofrida	desolada	melancólica	angustiada	infeliz	deprimida	abatida	
emília quer acreditar que seus discursos tenham transmitido indignação aos alunos e o deles aos pais vizinhos à escola	indignação	raiva	revolta	irritação	descontentamento	fúria	insatisfação	ódio	ressentimento	desgosto	frustração	
apesar do esforço da família em se manter unida a mudança para viamão deixou uma seqüela	seqüela	consequência	efeito	resultado	impacto	marca	vestígio	trilha	sinal	legado	repercussão	
em 2007 25 milhões foram infectadas	infectadas	contaminadas	afetadas	atingidas	doentes	contagiadas	expostas	alvejadas	envenenadas	feridas	afetadas negativamente	
o número de mortes em decorrência da aids neste ano foi de 21 milhões	decorrência	resultado	consequência	efeito	origem	causa	razão	motivo	proveniência	desdobramento	sequela	
ainda estamos muito distantes do patamar que consideramos adequado do ponto de vista ético e do compromisso assumido na assembléia geral da onu em 2001 diz chequer exdiretor do programa nacional de dst e aids	patamar	nível	grau	posição	etapa	faixa	escala	categoria	classe	status	altura	
os relatórios indicam aumento de 150 no número de infectados na europa oriental e na ásia central	infectados	doentes	contaminados	afetados	atingidos	expostos	enfermos	contagiados	adoecidos	afetados por vírus	diagnosticados	
o grupo rbs celebra hoje os seus primeiros 50 anos de existência com as mãos no trabalho os olhos no futuro e o coração tomado pela mesma paixão de comunicar que motivou maurício sirotsky sobrinho ao associarse à rádio gaúcha em 1957	motivou	incentivou	inspirou	impulsionou	encorajou	moveu	instigou	provocou	despertou	orientou	levou
é para satisfazer plenamente ouvintes leitores telespectadores e usuários dos seus vários serviços que a rbs produz e entrega informação entretenimento e conteúdos diversos	entretenimento	diversão	recreação	passatempo	lazer	distração	alegria	hobby	entretenção	atividade	divertimento	
é em respeito a esse público que a rbs aperfeiçoou ao longo dessas cinco décadas uma linha editorial centrada na verdade na independência na democracia na liberdade de expressão no pluralismo de opiniões no localismo e na responsabilidade social	aperfeiçoou	melhorou	ajustou	otimizou	refinou	aperfeiçoou-se	corrigiu	desenvolveu	aperfeiçoado	adaptou	incrementou	
é em respeito a esse público que a rbs aperfeiçoou ao longo dessas cinco décadas uma linha editorial centrada na verdade na independência na democracia na liberdade de expressão no pluralismo de opiniões no localismo e na responsabilidade social	localismo	regionalismo	comunidade	proximidade	territorialidade	regionalidade	foco local	contexto local	área local	ênfase local	identidade local	
o diretor também acredita que o tema do desfile educação trabalho e dignidade já é propício a manifestações	propício	adequado	favorável	conveniente	apropriado	oportuno	indicado	benéfico	vantajoso	ajustado	pertinente	
a informação foi dada na conferência da origem do universo aos grandes telescópios ministrada ontem por joão steiner astrofísico da usp durante a 52ª reunião anual da sociedade brasileira para o progresso da ciência	conferência	reunião	encontro	seminário	palestra	debate	evento	simpósio	congresso	assembleia	discussão	
essa pessoa não perceberia a terra que seria ofuscada pela luminosidade solar explicou steiner	luminosidade	luz	brilho	clareza	esplendor	iluminação	radiação	claridade	resplendor	fulgor	luminosidade	
adalberto veríssimo da ong imazon apresentou estudo segundo o qual as cidades em regiões amazônicas ocupadas de forma predatória duram por volta de 23 anos	predatória	exploradora	destrutiva	agressiva	danosa	nociva	abusiva	invasiva	opressiva	devastadora	hostil	
depois disso entram em colapso total por falta de uma política de desenvolvimento sustentável	colapso	queda	falência	ruína	desmoronamento	fracasso	derrocada	colisão	declínio	crise	desabamento	
para os paleontólogos achar esse tipo de evidência equivale a acertar na loteria	evidência	prova	indício	dado	fato	demonstração	registro	vestígio	confirmação	marca	indicação	
é como se o dinossauro tivesse sido enterrado ontem disse alexander kellner geólogo do setor de paleovertebrados do museu nacional e coordenador da expedição que encontrou o fóssil na região da chapada do araripe ceará veja mapa	expedição	missão	viagem	exploração	aventura	peregrinação	busca	incursão	jornada	empreitada	excursão	
a proposta já faz parte de outras declarações como a declaração de consenso de atlanta de 99 assinadas por menos cientistas e sem endosso da oms	endosso	apoio	aprovação	confirmação	aval	ratificação	consentimento	validação	autorização	concordância	sanção	
mas zonas de intensa urbanização recente como o sul dos eua e o norte do méxico também foram incluídas no novo mapa da escassez	escassez	falta	carência	insuficiência	déficit	penúria	escasseamento	ausência	limitação	redução	insuficiência
a equipe liderada por yoshihiro kawaoka analisou amostras do h5 n1 o vírus influenza que em 1997 matou 6 das 18 pessoas infectadas em hong kong	infectadas	contaminadas	doentes	afetadas	expostas	atingidas	contagiadas	enfermas	alcançadas	comprometidas	afetadas diretamente	
cientistas do centro de estudos de saclay na frança parecem ter encontrado o primeiro indício de que a via láctea esteja cercada por um verdadeiro campo minado de buracos negros cerca de 1 milhão ao todo eles estimam	estimam	avaliam	calculam	preveem	supõem	deduzem	consideram	projetam	imaginam	pressupõem	conjecturam	
a pesquisa que sai publicada hoje na revista britânica nature wwwnaturecom é a primeira a constatar que um buraco negro está orbitando o centro da via láctea fora do plano do disco galáctico	constatar	confirmar	verificar	comprovar	perceber	observar	notar	reconhecer	avaliar	descobrir	identificar	
um buraco negro é o resultado do colapso de uma estrela muito maciça	maciça	grande	enorme	poderosa	pesada	gigante	volumosa	imensa	robusta	forte	vasta	
atualmente o único meio seguro de aferir sua presença é observar astros próximos que estejam sob influência de sua gravidade	aferir	medir	avaliar	verificar	determinar	calcular	analisar	estimar	examinar	mensurar	checar	
a riqueza de artefatos de várias origens ali depositados pelas sucessivas levas de ocupantes do território português	artefatos	objetos	itens	peças	achados	utensílios	ferramentas	relíquias	vestígios	materiais	artefatos	
o livro é o primeiro no país a descrever esse aspecto da arqueologia em geral associado negativamente com a caça a tesouros	associado	ligado	relacionado	conectado	vinculado	unido	atrelado	junto	correlacionado	interligado	integrado	
agora ele informa que um deles está atravessando a vastidão da galáxia a uma velocidade exorbitante vindo direto para cá	exorbitante	extrema	excessiva	elevada	altíssima	imensa	enorme	grande	descomunal	absurda	exagerada	
apesar disso esse objeto viajando pelo espaço a 400 mil quilômetros por hora 12703 da velocidade da luz é um lembrete incômodo de que buracos negros não têm as trajetórias comportadas e previsíveis que todos gostariam que eles tivessem	previsíveis	esperadas	prováveis	calculáveis	estimáveis	antecipáveis	determináveis	projetadas	possíveis	previsíveis	planejadas	
em volta do buraco negro está orbitando uma estrela subgigante bastante comum	orbitando	girando	rodando	circulando	movendo-se	revolvendo	deslocando-se	passando	percorrendo	viajando	gravitando	
estimativas anteriores sugeriam que um evento desses ocorresse em média a cada 200 ou 300 anos	estimativas	cálculos	previsões	projeções	avaliações	suposições	inferências	conjecturas	aproximações	hipóteses	medições	
as medidas de estresse eram o ritmo de batimento cardíaco e a pressão sanguínea	cardíaco	coração	cardíaco relacionado	coronário	do coração	
depois de ter sido acusada pela organização mundial da saúde de ter mais casos de pneumonia asiática do que relatava publicamente a china prometeu mais transparência na notificação de casos da doença	transparência	clareza	honestidade	abertura	sinceridade	visibilidade	franqueza	nitidez	legibilidade	luminosidade	lucidez	
depois de ter sido acusada pela organização mundial da saúde de ter mais casos de pneumonia asiática do que relatava publicamente a china prometeu mais transparência na notificação de casos da doença	notificação	aviso	comunicado	relato	informação	mensagem	divulgação	anúncio	declaração	registro	alerta	
o encontro do partido ocorreu um dia depois de a oms ter dito que pequim tem 200 casos de sars em vez dos 37 notificados	notificados	informados	reportados	comunicados	registrados	anunciados	divulgados	mencionados	declarados	indicados	relatados	
segundo informou a asi agência espacial italiana no fim da noite de ontem por telefone o impacto dos destroços teria ocorrido às 18h06 horário de brasília numa área remota do oceano	destroços	entulhos	restos	escombros	fragmentos	detritos	ruínas	resíduos	pedaços	refugos	farelos	
os resultados do trabalho que tem como autores pesquisadores franceses e argentinos e o astrofísico brasileiro irapuan rodrigues haviam sido noticiados pela folha em março antes de o estudo ser selecionado para publicação	selecionado	escolhido	aprovado	indicado	aceito	designado	apontado	classificado	preferido	separado	admitido	
a idéia iniciada em 1976 era coletar e preservar criogenicamente em baixas temperaturas amostras celulares de animais ameaçados de extinção com a esperança de estudálos e quem sabe ressuscitálos quando a tecnologia assim o permitisse	amostras	exemplares	partes	fragmentos	pedaços	unidades	seções	porções	modelos	provas	itens	
primeiro pede que a comissão técnica nacional de biossegurança ctnbio seja a única instância a regulamentar tanto a pesquisa como a comercialização de transgênicos no âmbito do mérito científico	regulamentar	regular	controlar	normatizar	disciplinar	ordenar	estabelecer	organizar	administrar	ajustar	regrar	
os resultados fornecem novos lampejos sobre a estrutura da comunidade e revelam as estratégias que marcam a atividade microbiana nesse ambiente dizem	lampejos	insights	vislumbres	ideias	indícios	pistas	clarões	perspectivas	visões	noções	revelações	
por enquanto as implicações estão mais ligadas à prevenção do mal de alzheimer do que a uma possível melhora do prognóstico dos pacientes afirmou mattson que participou da conferência apresentando os seus dados da pesquisa por telefone por estar gripado	implicações	consequências	efeitos	resultados	impactos	desdobramentos	repercussões	relações	significados	influências	conexões	
colegas de mattson também revelaram novas evidências de que o consumo de vitaminas como suplemento alimentar e provenientes de vegetais seria capaz de prevenir o advento da doença e mesmo de que as estatinas hoje usadas para o combate ao colesterol na corrente sangüínea também poderiam evitar o aparecimento do mal de alzheimer	evidências	provas	indícios	demonstrações	dados	fatos	informações	mostras	testemunhos	relatos	registros	
colegas de mattson também revelaram novas evidências de que o consumo de vitaminas como suplemento alimentar e provenientes de vegetais seria capaz de prevenir o advento da doença e mesmo de que as estatinas hoje usadas para o combate ao colesterol na corrente sangüínea também poderiam evitar o aparecimento do mal de alzheimer	aparecimento	surgimento	manifestação	emergência	início	desenvolvimento	origem	revelação	chegada	formação	exposição	
num trabalho aprovado para publicação na revista científica pnas wwwpnasorg a equipe mostrou que o aparecimento da betaamilóide induz um acúmulo anormal de colesterol e ceramida	aparecimento	surgimento	manifestação	emergência	ocorrência	desenvolvimento	revelação	aparição	formação	origem	início	
mas ninguém conseguira detectar flutuações até o cobe	flutuações	variações	oscilações	mudanças	alterações	desvios	instabilidades	movimentos	irregularidades	modificações	diferenças	
a partir das flutuações é possível estimar a quantidade de matéria e energia existente no universo e a idade do cosmos entre outras descobertas importantes	estimar	calcular	avaliar	medir	determinar	supor	prever	inferir	aproximar	quantificar	julgar	
como a correnteza na planície é muito fraca há acúmulo no fundo do taquari	acúmulo	acervo	depósito	montante	quantidade	estoque	reserva	concentração	ajuntamento	amontoado	acervo
estudos baseados em modelos de computador publicados nos dois principais periódicos científicos do planeta indicam que diagnóstico rápido quarentena de doentes e tratamento em massa com antivirais seriam capazes de impedir algo semelhante ao que aconteceu com a chamada gripe espanhola logo depois da primeira guerra mundial	diagnóstico	exame	análise	avaliação	detecção	identificação	inspeção	verificação	checagem	teste	observação	
estudos baseados em modelos de computador publicados nos dois principais periódicos científicos do planeta indicam que diagnóstico rápido quarentena de doentes e tratamento em massa com antivirais seriam capazes de impedir algo semelhante ao que aconteceu com a chamada gripe espanhola logo depois da primeira guerra mundial	antivirais	remédios	medicamentos	fármacos	tratamentos	drogas	terapias	substâncias	cura	injeções	comprimidos	
as vítimas se infectam por inalação ou ingestão do vírus nas fezes e nas secreções das aves cujo organismo foi invadido	infectam	contaminam	adoecem	pegam	contraem	adquirem	transmitem	afetadas	apanham	enfermam	sofrem	
as novas câmeras instaladas para monitorar a subida do ônibus ao espaço revelaram que pedaços de espuma sólida relativamente grandes continuavam a se desprender do tanque externo do veículo	monitorar	observar	vigiar	acompanhar	supervisionar	controlar	examinar	analisar	inspecionar	verificar	checar	
o discovery precisa de reparos antes de voltar para casa	reparos	consertos	ajustes	correções	reformas	restauros	melhorias	manutenções	concertos	arranjos	reparações	
graças ao novo sistema de inspeção da nave foi possível detectar o fenômeno no espaço	inspeção	exame	checagem	análise	verificação	observação	revisão	investigação	monitoramento	avaliação	vistoria	
a principal tarefa agendada será instalar uma plataforma de armazenamento do lado de fora da estação	armazenamento	estoque	guarda	depósito	reserva	armazenagem	acúmulo	coleta	conservação	salvamento	estocagem	
enquanto a nasa trabalha furiosamente para manter suas naves em operação a despeito dos problemas com a espuma os parceiros internacionais no projeto da construção da iss estão preocupados	parceiros	aliados	colaboradores	sócios	companheiros	associados	colegas	amigos	participantes	cooperadores	cúmplices	
as criaturas antes desconhecidas no brasil podem ajudar a elucidar o mecanismo bioquímico que leva à produção de luz em fungos	elucidar	esclarecer	explicar	entender	compreender	interpretar	analisar	iluminar	decifrar	desvendar	investigar	
além disso com um pouco mais de estudo poderiam servir como sensores vivos de poluição ou mesmo fontes de moléculas úteis para a biotecnologia	sensores	detectores	medidores	indicadores	aparelhos	dispositivos	equipamentos	monitores	ferramentas	instrumentos	avaliadores	
segundo cassius vinicius stevani químico da usp que coordena os estudos é possível que o material recolhido abranja pelo menos dez espécies novas	abranja	inclua	contenha	envolva	cubra	compreenda	alcance	abarque	englobue	atinja	abrace	
com base em relatos de moradores e muita paciência na coleta a equipe chegou aos cogumelos em dois locais	relatos	histórias	depoimentos	informações	descrições	testemunhos	relatos orais	narrativas	registros	contos	dados	
a boa notícia é que pesquisadores argentinos acharam o mais antigo mamífero com traços modernos da américa do sul capaz de preencher uma lacuna de milhões de anos na história desses animais	lacuna	vazio	falha	falta	brecha	espaço	hiato	omissão	intervalo	ausência	buraco	
pouco abaixo dele nas camadas de rocha estão mariscos fósseis que se extinguiram no fim do cretáceo enquanto lhe faziam companhia moluscos típicos do paleoceno	mariscos	mexilhões	ostras	frutos do mar	moluscos	crustáceos	animais marinhos	
a linhagem dos marsupiais e placentários que são conhecidos pelo apelido comum de térios se distingue justamente pelas cavidades especiais dos molares que ajudam a triturar a comida com mais eficiência e estão presentes no espécime	triturar	moer	esmagar	quebrar	despedaçar	triturar em pedaços	amassar	reduzir	ralar	desintegrar	pulverizar
por décadas os cientistas tiveram de quebrar a cabeça para criar antídotos contra o veneno das cobras	antídotos	remédios	curas	tratamentos	medicamentos	soluções	contravenenos	terapias	remédios específicos	neutralizadores	proteções	
ao vasculhar o sangue dos animais em busca das moléculas responsáveis pela resistência perales e seus colegas chegaram a duas substâncias conhecidas como dm43 e dm64	vasculhar	examinar	procurar	investigar	analisar	observar	buscar	inspecionar	explorar	pesquisar	averiguar	
um dos protótipos iniciais continha uma rede de 16 sensores de pressão por centímetros quadrado	sensores	dispositivos	detectores	aparelhos	medidores	instrumentos	equipamentos	mecanismos	ferramentas	captadores	unidades	
segundo eles a pele humana ainda é bem mais complexa do que as imitações desenvolvidas até agora	imitações	cópias	réplicas	simulações	reproduções	modelos	versões	falsificações	substitutos	duplicatas	representações	
um ser que invade corpos e domina a mente alheia forçando suas vítimas a fazer o que ele ordena não é mero personagem de ficção	alheia	estranha	externa	distante	desconhecida	diferente	oposta	remota	outra	separada	exterior	
um ser que invade corpos e domina a mente alheia forçando suas vítimas a fazer o que ele ordena não é mero personagem de ficção	mero	simples	comum	trivial	ordinário	banal	insignificante	simplesinho	modesto	pequeno	usual	
no futuro quando a produção de tecido hepático se tornar uma realidade o número de transplantes poderá ser minimizado disse à folha por email joe jackson um dos autores do estudo que sai hoje na revista nature	minimizado	reduzido	diminuído	abaixado	limitado	controlado	enxugado	restringido	moderado	atenuado	encurtado	
a estimativa anterior da organização das nações unidas onu calculava em meio bilhão o número de indivíduos expostos atualmente ao problema	estimativa	cálculo	previsão	projeção	avaliação	conta	suposição	medida	opinião	palpite	aproximação	
a estimativa anterior da organização das nações unidas onu calculava em meio bilhão o número de indivíduos expostos atualmente ao problema	atualmente	agora	hoje	presentemente	neste momento	no presente	agora mesmo	por enquanto	recentemente	
por severa escassez de água potável entendese segundo a onu o uso de mais de 40 das reservas do líquido disponíveis em uma região para consumo industrial doméstico e agrícola	escassez	falta	carência	insuficiência	déficit	penúria	escasseamento	redução	diminuição	ausência	limitação	
o trabalho foi coordenado pelo geocientista charles vörösmarty da universidade de new hampshire nos estados unidos	coordenado	organizado	dirigido	liderado	orientado	administrado	gerido	supervisionado	planejado	controlado	regido	
os camundongos com essa alteração genética comeram até 54 mais que os camundongos normais	genética	hereditária	biológica	natural	inata	celular	orgânica	ancestral	interna	fundamental	essencial	
o fato de o ucp3 ser um gene humano facilita aplicações clínicas da pesquisa	clínicas	médicas	terapêuticas	hospitalares	saúde	tratamentos	assistenciais	curativas	diagnósticas	sanitárias	remédios	
um buraco negro é o resultado do colapso de uma estrela muito maciça	colapso	queda	desmoronamento	implosão	ruína	afundamento	derrocada	desabamento	colisão	rebaixamento	deterioração	
a equipe rastreou a trajetória do buraco negro usando novas observações e a análise de dados anteriores coletados por 43 anos	rastreou	seguiu	acompanhou	monitorou	localizou	identificou	observou	percorreu	examinou	analisou	detectou	
a partir dessas observações eles calcularam a órbita do astro e constataram que se trata de um objeto que passa a maior parte do tempo no halo galáctico a região que circunda a via láctea	constataram	verificaram	comprovaram	confirmaram	observaram	perceberam	notaram	descobriram	avaliaram	reconheceram	identificaram	
seu grupo está atualmente concluindo um segundo estudo que deve nos próximos meses ser submetido a uma revista científica abordando não um mas cinco astros sendo um deles o mencionado na pesquisa publicada hoje	submetido	enviado	apresentado	encaminhado	proposto	entregue	remetido	oferecido	mandado	transferido	introduzido	
um modelo testado em simulações muito detalhadas parece explicar como os planetas gigantes podem se formar mais rápido e mais vezes do que julgavam as teorias tradicionais	simulações	modelos	testes	ensaios	experimentos	projeções	análises	estudos	representações	cenários	simulações	
a solução foi sugerir um modelo alternativo em que nos primórdios da formação de um sistema planetário instabilidades gravitacionais no disco de gás e poeira já induziriam o surgimento dos envelopes dos gigantes gasosos numa velocidade pelo menos dez vezes maior	primórdios	inícios	começos	origens	alvoreceres	inaugurações	primeiros momentos	primeiras fases	primeiros estágios	raízes	fundamentos	
mesmo sem confirmar o relato histórico feito por um cronista árabe no ano de 996 de que navios vikings teriam afundado a caminho de atacar a cidade de silves os arqueólogos puderam encontrar um tesouro de outro tipo	cronista	escritor	historiador	relatador	narrador	autor	jornalista	documentarista	redator	biografista	contador	
segundo os arqueólogos durante a escavação foram encontrados inúmeros fragmentos principalmente cerâmicos que vão desde ânforas romanas até utensílios inteiros do século 16 passando pela cerâmica árabe	fragmentos	pedaços	partes	restos	cacos	peças	detritos	vestígios	resíduos	porções	fragmentações	
computando semelhanças e diferenças os cientistas estimaram que a domesticação deve ter ocorrido 15 mil anos atrás embora também possa ter acontecido antes há 40 mil anos	computando	calculando	analisando	avaliando	estudando	examinando	determinando	medindo	processando	comparando	verificando	
sem falar no fornecimento da mais concreta evidência de que são realmente o resultado de supernovas explosões de estrelas muito maciças	maciças	grandes	enormes	pesadas	volumosas	robustas	densas	fortes	imensas	gigantes	vastas	
ele teria sido chutado para fora de sua órbita regular em torno do centro galáctico após a explosão da supernova e a conversão em buraco negro	conversão	transformação	mudança	adaptação	alteração	modificação	transição	substituição	ajuste	troca	reformulação	
os experimentos foram realizados na própria casa em um quarto ao qual moradores e bichos estavam acostumados	experimentos	testes	ensaios	análises	pesquisas	provas	estudos	demonstrações	tentativas	verificações	observações	
o maldi feito pelo grupo do lip laboratório de instrumentação e partículas do instituto de física também financiado pela fapesp saiu bem mais em conta	financiado	apoiado	patrocinado	custeado	bancado	subsidiado	provido	sustentado	mantido	assistido	investido	
o maldi pesa as moléculas bombardeando a amostra que se quer estudar com pulsos de laser	amostra	exemplo	modelo	parte	peça	fragmento	porção	unidade	item	seção	prova	
o bombardeamento da amostra é feito por partículas de califórnio um elemento radioativo em vez de laser	amostra	exemplo	modelo	peça	parte	fragmento	item	prova	representação	demonstração	exibição	
não deve haver demora nem fraude no relato dos casos afirmou a agência citando o comitê cuja reunião foi liderada pelo presidente chinês hu jintao	liderada	conduzida	chefiada	comandada	encabeçada	dirigida	orientada	coordenada	presidida	guiada	gerenciada	
segundo o último relatório da oms a pneumonia asiática já matou 170 pessoas e infectou 3461 nos cinco continentes	infectou	contaminou	transmitiu	afetou	alastrou	atingiu	espalhou	invadiu	comprometeu	adquiriu	propagou	
os fragmentos do satélite italiano bepposax mergulharam na noite de ontem no oceano pacífico deixando aliviados os mais de 30 países inclusive o brasil que estavam sob risco de serem atingidos pelos destroços	fragmentos	pedaços	partes	restos	detritos	escombros	resíduos	farelos	fragmentações	porções	fragmentinhos	
segundo informou a asi agência espacial italiana no fim da noite de ontem por telefone o impacto dos destroços teria ocorrido às 18h06 horário de brasília numa área remota do oceano	impacto	choque	colisão	batida	efeito	consequência	resultado	abalroamento	repercussão	incidência	encontro	
como a volta à terra não foi realizada de forma controlada como aconteceu com as 135 toneladas da estação espacial mir em 2001 era impossível prever exatamente onde os destroços iriam cair	destroços	entulhos	restos	escombros	resíduos	fragmentos	ruínas	partes	peças	detritos	refugos	
os resultados do trabalho que tem como autores pesquisadores franceses e argentinos e o astrofísico brasileiro irapuan rodrigues haviam sido noticiados pela folha em março antes de o estudo ser selecionado para publicação	noticiados	divulgados	informados	publicados	anunciados	comunicados	relatados	reportados	veiculados	mencionados	destacados	
a realização é fruto de uma parceria entre a companhia de biotecnologia advanced cell technology de massachusetts o centro sioux de iowa e o centro para reprodução de espécies ameaçadas da sociedade zoológica de san diego na califórnia	parceria	acordo	aliança	colaboração	cooperação	sociedade	união	associação	entendimento	conjunto	parceria
o segundo está mais debilitado	debilitado	fraco	enfraquecido	cansado	abatido	exausto	esgotado	doente	fragilizado	desgastado	vulnerável	
segundo pesquisadores que estudam a evolução do parasita cujo nome oficial é coronavírus urbani sarsassociado a mais nova dor de cabeça da humanidade parasitava algum animal possivelmente uma ave na china e por alguma razão pulou a barreira de espécies	possivelmente	talvez	provavelmente	eventualmente	quem sabe	provável	possível	ocasionalmente	potencialmente	provavelmente não	porventura	
o que o tornou um matador tão eficiente foi uma recombinação	matador	assassino	homicida	executor	caçador	predador	eliminador	executor profissional	carrasco	algoz	terminador	
vitoriosa é o resultado de um experimento realizado pela embrapa	experimento	teste	estudo	análise	projeto	pesquisa	tentativa	prova	avaliação	ensaio	experiência	
o clone do clone coloca o brasil na vanguarda científica desse assunto como já está no seqüenciamento soletração de genoma afirmou rodrigues	vanguarda	frente	liderança	avanço	pioneirismo	cabeça	inovação	destaque	progresso	superioridade	primazia	
a estimativa foi apresentada por john schellnhuber do centro tyndall em norwich numa conferência sobre os efeitos da mudança climática durante a reunião da aaas	conferência	reunião	encontro	seminário	congresso	palestra	debate	fórum	simpósio	assembleia	evento	
capitaneados por sir david king o principal assessor científico do governo britânico os pesquisadores não pouparam esforços para demonstrar que o aquecimento global já está pondo em risco as vidas e a economia humanas em diversas regiões	capitaneados	liderados	comandados	guiados	chefiados	orientados	dirigidos	encabeçados	coordenados	supervisionados	conduzidos	
esse mecanismo é o equivalente geológico de um cobertor numa noite fria que aquece a atmosfera da terra retendo radiação do sol que de outro modo se dissiparia no espaço	dissiparia	sumiria	evaporaria	desapareceria	esvairia	perderia	dispersaria	acabaria	desvaneceria	diluiria	extinguiria	
estamos recolhendo amostras de coprólitos fezes fossilizadas de duas cavernas em israel com 40 mil anos onde provavelmente cromagnons os primeiros humanos modernos e neandertais viveram lado a lado contou o pesquisador durante a reunião da associação americana para o avanço da ciência	amostras	exemplares	modelos	partes	peças	fragmentos	porções	unidades	itens	resquícios	vestígios	
depois disso o que você faz é basicamente sequenciar tudo o que está ali e examinar toda a cadeia de relações alimentares ecológicas e de parentesco das pessoas e animais que habitaram a caverna afirma	sequenciar	ordenar	organizar	listar	dispor	classificar	arranjar	alinhar	estruturar	catalogar	enumerar	
agora os cientistas já agarram um punhado deles de uma vez e trabalham em todos ao mesmo tempo	punhado	punhado	porção	quantidade	lote	monte	grupo	pouco	bocado	punhadinho	parcelinha	
a sorte dos cientistas liderados por jillian banfield da universidade da califórnia em berkeley foi que a amostra de efluentes ácidos analisada tinha um pequeno número de organismos	liderados	guiados	chefiados	comandados	dirigidos	orientados	encabeçados	supervisionados	coordenados	gerenciados	administrados	
mesmo assim ele e seus colegas mostraram evidências de que o uso de substâncias como a vitamina e poderia reduzir os danos causados pelo colesterol aos pacientes com a doença	evidências	provas	indícios	demonstrações	indicações	mostras	dados	fatos	testemunhos	comprovações	marcas	
colegas de mattson também revelaram novas evidências de que o consumo de vitaminas como suplemento alimentar e provenientes de vegetais seria capaz de prevenir o advento da doença e mesmo de que as estatinas hoje usadas para o combate ao colesterol na corrente sangüínea também poderiam evitar o aparecimento do mal de alzheimer	advento	chegada	início	aparição	começo	emergência	surgimento	origem	manifestação	desenvolvimento	estabelecimento	
mattson e colegas descobriram uma espécie de combinação letal entre o aparecimento da betaamilóide e a presença de colesterol e de ceramida nos neurônios de pessoas mortas com o mal	aparecimento	surgimento	manifestação	emergência	ocorrência	desenvolvimento	formação	início	origem	aparição	revelação	
os resultados são importante referência para os médicos decidirem se e quando devem seguir uma estratégia de interrupção estruturada ao receitar drogas contra o hiv	estruturada	organizada	planejada	sistematizada	ordenada	arranjada	metódica	coordenada	disciplinada	detalhada	definida	
se tirarmos a comida dos flamenguistas quanto tempo vai levar para que os torcedores americanos os superem em número	superem	ultrapassem	vençam	derrotem	dominem	excedam	sobrepujem	suplantem	passem	superem em quantidade	
para ele em condições ideais o método funcionaria melhor em pacientes que tivessem um quadro estável com baixa contagem de vírus e forte presença de células de defesa	contagem	contagem	conta	quantidade	cálculo	medição	registro	enumerção	marcação	computação	quantificação	
todos os 35 estudados já não respondiam mais aos tratamentos convencionais quando foram escalados para a pesquisa	convencionais	tradicionais	comuns	normais	usuais	habitual	padrão	rotineiros	ordinários	regulares	correntes	
todos os 35 estudados já não respondiam mais aos tratamentos convencionais quando foram escalados para a pesquisa	escalados	selecionados	escolhidos	designados	indicados	convocados	chamados	alocados	nomeados	classificados	destinados	
os resultados do cobe foram relevantes mas o estado da arte são as imagens do satélite wmap wilkinson microwave anisotropy probe cujos primeiros dados saíram em 2003	relevantes	importantes	significativos	notáveis	marcantes	expressivos	valiosos	essenciais	pertinentes	impactantes	fundamentais	
os sedimentos são arrastados para a parte baixa do rio	sedimentos	resíduos	detritos	partículas	areia	lama	restos	materiais	depósitos	sedas	poeira	
mas os cientistas se preocupam com a possibilidade de que mutações aleatórias no vírus acabem criando cepas capazes de serem transmitidas de pessoa a pessoa criando o potencial de uma nova pandemia uma epidemia de proporções globais	cepas	linhagens	variedades	tipos	formas	grupos	espécies	categorias	classes	subgrupos	amostras	
os dados para as simulações de computador foram obtidos na tailândia um país do sudeste asiático que além de estar vulnerável à doença dispunha de um conjunto de estatísticas detalhado e adequado aos modelos	vulnerável	frágil	suscetível	exposto	desprotegido	delicado	sensível	ameaçado	dependente	fraco	desamparado	
nenhuma isoladamente conseguiria prevenir com sucesso uma epidemia	isoladamente	sozinha	individualmente	separadamente	independentemente	unicamente	autonomamente	exclusivamente	particularmente	singularmente	única	
para nisbett diferenças culturais principalmente na educação das crianças explicariam essa assimetria	principalmente	sobretudo	especialmente	essencialmente	prioritariamente	maiormente	principalmente	notavelmente	fundamentalmente	primordialmente	basicamente	
para nisbett diferenças culturais principalmente na educação das crianças explicariam essa assimetria	assimetria	desequilíbrio	desigualdade	inconsistência	desproporção	falta de equilíbrio	diferença	desarmonia	disparidade	irregularidade	desalinhamento	
finalmente após dias de apreensão com problemas no veículo e uma histórica caminhada espacial de reparos a agência espacial americana autorizou o ônibus espacial discovery a enfrentar a turbulenta jornada que o separa da terra firme	apreensão	preocupação	ansiedade	inquietação	angústia	tensão	alarme	receio	medo	aflição	dúvida	
imagens da barriga do ônibus feitas pela dupla de astronautas residentes da iss estação espacial internacional antes que a nave atracasse ao complexo mostraram que duas tiras do tecido que preenche os vãos entre as telhas do escudo térmico da nave estavam protuberantes	protuberantes	salientes	sobressalentes	destacadas	elevadas	proeminentes	saltadas	visíveis	expostas	levantadas	notáveis	
o procedimento primeira vez na história em que um astronauta se pôs embaixo do ônibus em órbita e fez reparos em seu escudo térmico foi executado anteontem pelas mãos do americano stephen robinson	reparos	consertos	ajustes	correções	restaurações	melhorias	remendos	consertações	arranjos	reformas	reparações	
os técnicos temiam que ela pudesse se soltar na reentrada e danificar a nave	danificar	estragar	quebrar	prejudicar	machucar	destruir	comprometer	avariar	arruinar	detonar	deteriorar	
foi a 60ª caminhada espacial conduzida em conexão com a construção e manutenção da estação	manutenção	conservação	reparo	preservação	conserto	cuidado	restauração	suporte	assistência	serviço	ajuste	
a última acontece amanhã de novo a ser efetuada por robinson e noguchi	efetuada	realizada	feita	executada	conduzida	cumprida	desempenhada	praticada	finalizada	produzida	implementada	
foi na esperança de entender o fenômeno que stevani e seus colaboradores se puseram a procurar cogumelos do tipo no brasil	colaboradores	parceiros	assistentes	colegas	companheiros	aliados	auxiliares	associados	cooperadores	ajudantes	participantes	
é que a luz parece variar de acordo com a concentração de poluentes aplicados sobre o fungo	concentração	quantidade	nível	intensidade	proporção	densidade	teor	grau	volume	percentual	conjunto	
como as técnicas desse tipo têm limitações é sempre bom contar com novas opções avalia stevani com a ressalva de que os estudos ainda estão no começo	ressalva	exceção	observação	condição	nota	advertência	comentário	restrição	precaução	alerta	aviso	
a descrição do único dente um molar inferior foi submetida para publicação numa revista científica mas os dados preliminares sugerem que o animal pode tanto ter sido um placentário como humanos cães ou baleias quanto um marsupial como os cangurus que carregam seus filhotes numa bolsa	submetida	enviada	mandada	apresentada	encaminhada	entregue	proposta	oferecida	remetida	inserida	introduzida	
a linhagem dos marsupiais e placentários que são conhecidos pelo apelido comum de térios se distingue justamente pelas cavidades especiais dos molares que ajudam a triturar a comida com mais eficiência e estão presentes no espécime	eficiência	eficácia	produtividade	desempenho	capacidade	competência	utilidade	funcionalidade	praticidade	proficiência	habilidade	
para uma dupla de paleoantropólogos dos estados unidos o elemento que deu a partida na evolução da linhagem humana se encontra alguns palmos debaixo da terra e ainda faz qualquer um salivar diante de um prato de batata ou mandioca frita	linhagem	família	ancestralidade	origem	grupo	descendência	herança	raça	genealogia	prole	tronco	
para greg laden da universidade de minnesota e richard wrangham da universidade harvard raízes tubérculos e outros usos sigla em inglês para órgãos subterrâneos de armazenamento das plantas permitiram que os primeiros hominídeos como são conhecidos os ancestrais do homem saíssem da mata fechada e colonizassem ambientes abertos a partir de uns 6 milhões de anos atrás	ancestrais	antepassados	predecessores	progenitores	ancestrais diretos	ascendentes	origens	parentes antigos	linhagem	ancestrais remotos	antecessores	
para provar a idéia os pesquisadores compilaram dados sobre raízes que são comestíveis sem cozimento dentro e fora da savana algumas das quais ainda usadas por tribos africanas hoje e viram que estavam corretos	compilaram	juntaram	reuniram	coletaram	agruparam	organizaram	ajuntaram	catalogaram	classificaram	arranjaram	acumularam	
o estudo estará numa edição futura do periódico científico journal of human evolution wwwsciencedirectcomsciencejournal 00472484	científico	científico	técnico	acadêmico	especializado	estudioso	teórico	profissional	analítico	metódico	experimental	
cremos que elas seriam mais eficientes que os soros atuais para inibir tanto a atividade hemorrágica quanto a miotóxica que afeta os músculos diz perales	inibir	bloquear	impedir	frear	restringir	parar	deter	travar	limitar	conter	controlar	
a ficção científica americana na forma de livros ou de filmes é fascinada por robôs mas na prática são japoneses os que mais usam esses auxiliares automatizados do ser humano seja na indústria seja em residências	fascinada	encantada	atraída	interessada	focada	apaixonada	seduzida	impressionada	admirada	envolvida	cativada	
a universidade de tóquio desenvolveu uma pele artificial para robôs que imita uma parcela significativa das qualidades e capacidades da pele humana normal	significativa	importante	relevante	notável	considerável	expressiva	marcante	substancial	grande	valiosa	proeminente	
